system:index,B11,B12,B2,B3,B4,B5,B6,B7,B8,B8A,NBR,NDMI,NDVI,NDWI,distance_to_landslide_m,exclusion_distance_m,hls_date,hls_days_before_reference,hls_image_count,hls_valid,hls_valid_image_count,landslide_target,longitude_latitude,random,record_id,reference_date,sample_type,sampling_seed,.geo
0000000000000000003e,0.1509992294433742,0.0725156189800263,0.0012873821352529,0.0293629321707391,0.0287202068336206,0.0691170181486363,0.1815224373922741,0.2124378586636925,0.2327489151373821,0.2371987224982258,0.5248998106531696,0.2130295269135937,0.7803166460565412,-0.7759511256565063,6821.033849732568,1000,2021-02-12,4.820034722222222,22,1,22,0,"{""type"":""Point"",""coordinates"":[94.07896125480131,25.56381676165571]}",0.0205100317659765,BG-0063,2021-02-17,background,2026,"{""type"":""Point"",""coordinates"":[94.07896003798015,25.563814806841286]}"
000000000000000000ac,0.396939651416122,0.3669596544560976,0.254314267619192,0.2907496732026142,0.3043750316664133,0.331408187667832,0.3880600648528144,0.41765649288139,0.3856455489689415,0.4406634696255763,0.024828282382059,-0.0144317863941502,0.1177798453890987,-0.1402964903590915,5381.338151438748,1000,2021-02-15,1.8133217592592592,14,1,12,0,"{""type"":""Point"",""coordinates"":[92.6078280125516,27.2313065187939]}",0.0527565663907064,BG-0173,2021-02-17,background,2026,"{""type"":""Point"",""coordinates"":[92.60782790549978,27.231307571774078]}"
000000000000000000b6,0.2514952820148989,0.1640062433487052,0.0460045000760148,0.07575640297978,0.0766856484062231,0.1108974763087214,0.1929757614148887,0.224997643541276,0.2274754624233518,0.2543359499315866,0.1621256322807636,-0.0501488240575489,0.4957563891250319,-0.5003400920344196,20224.23134290213,1000,2021-04-23,4.822349537037037,14,1,12,0,"{""type"":""Point"",""coordinates"":[94.10691090020431,24.801524518367028]}",0.0569099450608706,BG-0183,2021-04-28,background,2026,"{""type"":""Point"",""coordinates"":[94.10691163239908,24.801523804607708]}"
00000000000000000044,0.4341702041436605,0.379581915809736,0.5439787802036369,0.5568459196595917,0.546522268375462,0.5644027252925383,0.5895063471961903,0.6066806088850615,0.5850534319436704,0.6147990527328908,0.2130043405650317,0.1480374104933744,0.0340508934199821,-0.0247022754189977,4628.181694028003,1000,2021-05-09,0.807650462962963,12,1,11,0,"{""type"":""Point"",""coordinates"":[88.48727974748753,27.455866847845435]}",0.0219155001138454,BG-0069,2021-05-10,background,2026,"{""type"":""Point"",""coordinates"":[88.48727940388746,27.45586860238019]}"
00000000000000000096,0.2091882257492012,0.1054104964251305,0.0211727143653972,0.0563841032402008,0.0449558034582424,0.0995352923279752,0.2269989604989604,0.2754788195324779,0.2736790020790021,0.3080921859946249,0.4438754075695852,0.1335579898844276,0.7178223930531175,-0.658343496552443,7360.503137440927,1000,2021-05-28,2.822326388888889,12,1,11,0,"{""type"":""Point"",""coordinates"":[92.8207144150452,22.167506771490228]}",0.0470914185627255,BG-0151,2021-05-31,background,2026,"{""type"":""Point"",""coordinates"":[92.82071511864423,22.16750814756493]}"
00000000000000000062,0.2882565122643421,0.1544347455909183,0.0535948510034462,0.0973283650922359,0.0821285475369957,0.1271588992499493,0.256924102979931,0.3135571153456315,0.2899085546320696,0.3449442225826068,0.3048854544969294,0.0028573887671831,0.5584927037751521,-0.4973187723860154,9520.938493078402,1000,2021-06-02,4.822349537037037,9,1,9,0,"{""type"":""Point"",""coordinates"":[93.83538285975682,25.87511998349992]}",0.0284676405942301,BG-0099,2021-06-07,background,2026,"{""type"":""Point"",""coordinates"":[93.83538138076833,25.875121644981668]}"
0000000000000000003c,0.2826698514876579,0.2087453545542095,0.3095820974200416,0.3091930254954634,0.2867355010390795,0.2835496629327386,0.3211948198084038,0.3570674185209589,0.339582599219423,0.3608911399462721,0.2386112977913712,0.0914624726139588,0.0843774084742748,-0.0468414233924319,22180.02958917316,1000,2021-06-02,5.822349537037037,12,1,10,0,"{""type"":""Point"",""coordinates"":[92.93214289126978,24.684120846730853]}",0.019262349804168,BG-0061,2021-06-08,background,2026,"{""type"":""Point"",""coordinates"":[92.93214470628305,24.684120437741186]}"
00000000000000000121,0.399690846821249,0.3086137906540159,0.3257630676340758,0.3375759297782738,0.3308417626465066,0.3454045562940787,0.4125724745040336,0.4435657516870464,0.4279255467045509,0.4642539043076767,0.1619896589344703,0.0341156846386486,0.1279493500333798,-0.1180267049795876,22553.788464739795,1000,2021-06-07,0.8223263888888889,24,1,21,0,"{""type"":""Point"",""coordinates"":[93.00366241306598,22.911877887645108]}",0.0957146114508736,BG-0290,2021-06-08,background,2026,"{""type"":""Point"",""coordinates"":[93.00366187852136,22.911878802181985]}"
00000000000000000027,0.5455208572153182,0.412597915292924,0.6097837433426322,0.6189646309916307,0.6012717575450167,0.6031852193761094,0.6518950494547298,0.6775329698199338,0.6475793152422014,0.688233492264773,0.2216435075017318,0.0855405609544633,0.0370801280522858,-0.0225927290842601,8230.886779105402,1000,2021-06-07,1.822326388888889,13,1,10,0,"{""type"":""Point"",""coordinates"":[92.81573359916851,22.730726907348867]}",0.0144391423820834,BG-0040,2021-06-09,background,2026,"{""type"":""Point"",""coordinates"":[92.81573203089945,22.730724991862548]}"
00000000000000000059,0.3941807895003547,0.2835205330900984,0.3547511249619945,0.3712415425154557,0.3613037600081079,0.3571591162460726,0.426649685821425,0.4762828924698488,0.4295352842809364,0.4877021992500254,0.2047732416365099,0.0429207294915175,0.086277384463444,-0.0727964893773114,16384.42955017417,1000,2021-06-02,6.822349537037037,8,1,8,0,"{""type"":""Point"",""coordinates"":[94.30036008120595,27.38846307632155]}",0.025648572312899,BG-0090,2021-06-09,background,2026,"{""type"":""Point"",""coordinates"":[94.30036056850822,27.388462133662344]}"
0000000000000000005f,0.2211479833806243,0.1811691325496555,0.4754725932306445,0.483077705715444,0.4512923794081883,0.4650537646939603,0.540449006890961,0.5754142379408194,0.5667361927442237,0.5835182661126875,0.51552923499116,0.4386281890611768,0.1133993843531848,-0.0796888735722846,7476.694994234863,1000,2021-06-15,0.8144791666666666,30,1,30,0,"{""type"":""Point"",""coordinates"":[93.02708161179868,27.281052250146143]}",0.0270918369665171,BG-0096,2021-06-16,background,2026,"{""type"":""Point"",""coordinates"":[93.02708060674045,27.28105419631596]}"
000000000000000000b7,0.4695945267843593,0.3248673124589002,0.3979178916485406,0.4100012241388031,0.3985503465020992,0.4032013354241488,0.4852219788557845,0.5256559411199352,0.5028652739137032,0.544024968384845,0.2150428343468372,0.0342129794007536,0.1157234521446232,-0.1017279634787941,19619.71592001741,1000,2021-06-14,1.829386574074074,14,1,14,0,"{""type"":""Point"",""coordinates"":[95.56050203890975,27.201212045784192]}",0.057153029332767,BG-0184,2021-06-16,background,2026,"{""type"":""Point"",""coordinates"":[95.56049996680945,27.201211006381634]}"
00000000000000000104,0.5273205358948434,0.2947661678463093,0.9043391557128416,0.9060042618806878,0.8712401162790702,0.8473656774519719,0.8622753589484331,0.8953398887765419,0.8569122143579371,0.8961781496461075,0.4881102703653361,0.238104233845721,-0.008290879031394,0.0278470637630513,18282.304150188043,1000,2021-06-15,0.8144791666666666,25,1,20,0,"{""type"":""Point"",""coordinates"":[90.27298919175469,25.105358745946727]}",0.0848353992722106,BG-0261,2021-06-16,background,2026,"{""type"":""Point"",""coordinates"":[90.27299011649313,25.105359131381743]}"
00000000000000000017,0.15092216479173,0.1008067143001925,0.0462104591061112,0.0698182628965237,0.0602842302624911,0.0885181514138036,0.2044893128610519,0.2482913600891863,0.2383969190230061,0.2653003293807641,0.405627154918224,0.2246865305809215,0.59633053236401,-0.5469511757227312,8361.646098431253,1000,2021-06-17,0.8223263888888889,9,1,8,0,"{""type"":""Point"",""coordinates"":[94.71510998838905,25.92897254692239]}",0.0083576294634273,BG-0024,2021-06-18,background,2026,"{""type"":""Point"",""coordinates"":[94.71510790322347,25.92897464522301]}"
000000000000000000b5,0.2616339635073492,0.1895696604156108,0.2044864774455145,0.2270422706538266,0.2137838165230612,0.2366940091231625,0.3667979422199693,0.4227163253928028,0.4131880385200203,0.4395654891028888,0.3709921557190925,0.2245837784739632,0.318043338617261,-0.2907481342243797,5639.517269389149,1000,2021-06-17,0.8223263888888889,9,1,9,0,"{""type"":""Point"",""coordinates"":[93.99035445776828,25.69268924120135]}",0.0566175420816936,BG-0182,2021-06-18,background,2026,"{""type"":""Point"",""coordinates"":[93.99035279876333,25.69268827728201]}"
00000000000000000080,0.3778289495031433,0.2815857787467045,0.6742688197120259,0.6804945092273372,0.6548727844250658,0.6449232407219629,0.6648427195295074,0.6940136838369496,0.6572143226526056,0.6963630906509839,0.4001155766238364,0.2699262732924866,0.0017845905313062,0.0174030297325726,4403.744373888717,1000,2021-06-15,6.814479166666667,16,1,16,0,"{""type"":""Point"",""coordinates"":[91.98329077810703,25.226182548090893]}",0.0388049288847308,BG-0129,2021-06-22,background,2026,"{""type"":""Point"",""coordinates"":[91.98329069063031,25.226184216325947]}"
000000000000000000c3,0.2319015110795599,0.1653257339891487,0.0330001064854723,0.0718036205060595,0.0800535571218498,0.1176248567516861,0.2606060696719234,0.3331418893565236,0.3164997160387405,0.3532978043709752,0.3137525882886457,0.1542633400069529,0.5962532020789505,-0.6301673781895236,18920.74072458967,1000,2021-06-22,4.822349537037037,8,1,8,0,"{""type"":""Point"",""coordinates"":[93.25095523928799,25.06080786732175]}",0.0604720031767491,BG-0196,2021-06-27,background,2026,"{""type"":""Point"",""coordinates"":[93.25095521257532,25.060809809610106]}"
00000000000000000114,0.16832119168357,0.069558985801217,0.020977677484787,0.0495739959432048,0.0296966075050709,0.0648748985801216,0.2233587778904665,0.3105915010141989,0.2871957454361055,0.336607373225152,0.6100458959018286,0.2609662650618503,0.8125760547425804,-0.7055911511517379,19033.86809403118,1000,2021-06-25,1.8144791666666664,18,1,18,0,"{""type"":""Point"",""coordinates"":[92.00485944990253,26.24599679541818]}",0.0915899484288692,BG-0277,2021-06-27,background,2026,"{""type"":""Point"",""coordinates"":[92.00485985684098,26.245996189486508]}"
0000000000000000012d,0.2906241190488262,0.1800630786391522,0.161526623738782,0.1930482685189878,0.1805496628301981,0.2020214064797444,0.3286859301323326,0.3894924048065709,0.3656533235309029,0.4089349743953758,0.340085517227898,0.1143254355766794,0.3388917038588483,-0.3089396154727655,4965.942722011761,1000,2021-06-25,1.8144791666666664,9,1,9,0,"{""type"":""Point"",""coordinates"":[92.56118581553255,27.015869510497712]}",0.0989535186443709,BG-0302,2021-06-27,background,2026,"{""type"":""Point"",""coordinates"":[92.5611837528834,27.01586826573882]}"
00000000000000000015,0.2648036412437961,0.1700318900030386,0.1765773726324319,0.198656720348425,0.1818898561734022,0.209714215537324,0.3485402815760154,0.3988445356021474,0.3913449407474932,0.4194824369492556,0.3942326056609255,0.1928546414284212,0.3653914341892177,-0.3265892845812553,15637.515262663632,1000,2021-06-27,2.822326388888889,7,1,7,0,"{""type"":""Point"",""coordinates"":[94.28209114418996,28.306578605922894]}",0.0079511435420748,BG-0022,2021-06-30,background,2026,"{""type"":""Point"",""coordinates"":[94.28209046053858,28.306580825725213]}"
000000000000000000ea,0.2922784578776833,0.2115175678412313,0.8510855660186311,0.8561058981368975,0.8269906085459701,0.8260213446739572,0.8456924665856621,0.856086254556501,0.83520049108951,0.8508308272579989,0.5958461478016269,0.4815362927256076,0.0049391929395725,0.0123605085279371,15878.013261660431,1000,2021-06-27,2.822326388888889,13,1,13,0,"{""type"":""Point"",""coordinates"":[95.12596264125143,28.66132684933083]}",0.0783039558453779,BG-0235,2021-06-30,background,2026,"{""type"":""Point"",""coordinates"":[95.12596108452112,28.66132628578457]}"
00000000000000000106,0.4456334938171496,0.2915385363875936,0.8403576322724505,0.8336885566592332,0.8011016724102982,0.7813579971619702,0.8042209051287248,0.8202867727549162,0.7798218832353536,0.818923281978512,0.4557601138742885,0.2727054739618528,-0.0134603530315884,0.033384769067499,12770.390171018424,1000,2021-06-27,2.822326388888889,17,1,17,0,"{""type"":""Point"",""coordinates"":[93.73977081496882,25.30671837221718]}",0.0861779734468066,BG-0263,2021-06-30,background,2026,"{""type"":""Point"",""coordinates"":[93.73977060051632,25.30671888668249]}"
0000000000000000014d,0.3766699230223843,0.2701556568418921,0.3386798035045074,0.3576522232350858,0.3398332928187988,0.3555947077889194,0.442852066241264,0.4852578699483441,0.468609303150005,0.4998289121847463,0.2686289375585566,0.1087680582710431,0.1592889971079349,-0.1342880872117554,14005.224634533328,1000,2021-06-25,4.814479166666667,7,1,7,0,"{""type"":""Point"",""coordinates"":[91.36080918924807,25.63625931736999]}",0.1077727708921409,BG-0334,2021-06-30,background,2026,"{""type"":""Point"",""coordinates"":[91.36080912018433,25.636260091868966]}"
00000000000000000086,0.0639656650620724,0.0446462477831264,-0.0068865974157588,0.0275535951355459,0.0209743704079047,0.0369762503166962,0.0649480162148467,0.0959535545984291,0.075865670129212,0.0915147504433747,0.2590567214173369,0.0851025633908221,0.5668244190817806,-0.4671477298739743,23305.983604437934,1000,2021-07-05,2.814479166666666,9,1,9,0,"{""type"":""Point"",""coordinates"":[91.26158081350574,23.303739229120886]}",0.0406960249581384,BG-0135,2021-07-08,background,2026,"{""type"":""Point"",""coordinates"":[91.26158212440464,23.30373832329054]}"
000000000000000000b8,0.4940521644363341,0.3060794910786699,0.6885639497161394,0.6946672191808597,0.6740140206812655,0.6613719586374699,0.6914921989051097,0.7285553223844282,0.6881178578669912,0.7315244525547444,0.3842681407202203,0.1641605604687403,0.0103542376533742,0.0047363552171469,3382.8958562908515,1000,2021-06-22,15.822349537037036,8,1,7,0,"{""type"":""Point"",""coordinates"":[92.85912957062064,25.103414577887417]}",0.0574324879053836,BG-0185,2021-07-08,background,2026,"{""type"":""Point"",""coordinates"":[92.85913157979527,25.103414312422323]}"
00000000000000000100,0.1642539717966926,0.076594374556153,0.0244322004666734,0.0600893375266308,0.0348895911534949,0.066084630212032,0.2192416810388556,0.2879202901491325,0.2626761590747692,0.3045236329512021,0.548476115880569,0.2305346476182751,0.7654999533600153,-0.6276594731509466,10417.777147594208,1000,2021-07-02,5.822349537037037,10,1,10,0,"{""type"":""Point"",""coordinates"":[92.66073078744967,22.128592196596806]}",0.0832300083046377,BG-0257,2021-07-08,background,2026,"{""type"":""Point"",""coordinates"":[92.660729155033,22.128591855355285]}"
0000000000000000003d,0.1569719363180042,0.1081422755158951,0.0069669167976474,0.0485556609035136,0.0509393854890229,0.0829450489276478,0.2281001014044514,0.2972865081377071,0.2631688434822287,0.3196642752116816,0.4175112460532509,0.2527650546436329,0.6756571092972855,-0.688470683437651,7110.541117534604,1000,2021-06-27,14.82232638888889,9,1,9,0,"{""type"":""Point"",""coordinates"":[93.90946636465877,25.708563640951613]}",0.0197724216711465,BG-0062,2021-07-12,background,2026,"{""type"":""Point"",""coordinates"":[93.90946778710064,25.70856566943345]}"
00000000000000000155,0.4537870905587668,0.2749909998985902,0.9228581381198664,0.9232905841192574,0.8876068299361117,0.875030473582801,0.8949041882162052,0.9096230960348848,0.8761981949092383,0.9087822583916436,0.5222488168949583,0.3176058479487841,-0.0064681951044298,0.0261698709982749,7544.701807552529,1000,2021-06-27,14.82232638888889,7,1,7,0,"{""type"":""Point"",""coordinates"":[93.33862562509978,24.83525315873529]}",0.1092927485489811,BG-0342,2021-07-12,background,2026,"{""type"":""Point"",""coordinates"":[93.33862421520296,24.835251991230656]}"
00000000000000000072,0.2147342952781864,0.0909809504488512,0.0218773951412486,0.0551201957701475,0.0314571080793224,0.0825859968555054,0.279639640919004,0.3718557640614699,0.3595061064056398,0.4028834964751232,0.5960774052683231,0.2521101105093681,0.83907893677024,-0.7341210845481843,15590.9417978846,1000,2021-07-12,1.822349537037037,8,1,7,0,"{""type"":""Point"",""coordinates"":[92.95986066341798,24.983469218650782]}",0.0352565593086735,BG-0115,2021-07-14,background,2026,"{""type"":""Point"",""coordinates"":[92.9598609555467,24.98346717122992]}"
00000000000000000090,0.1981191532462271,0.1321259900739391,0.1767320976400284,0.1818052820824471,0.1572800668489821,0.1793644890104326,0.2693981262027752,0.2936701559809583,0.3256484300617848,0.304122602045984,0.42274629484642,0.2434844783827745,0.3486403562635751,-0.2834606281064186,20647.534974595383,1000,2021-07-05,13.814479166666668,17,1,17,0,"{""type"":""Point"",""coordinates"":[92.0433682466001,27.696903555289452]}",0.0445554802587994,BG-0145,2021-07-19,background,2026,"{""type"":""Point"",""coordinates"":[92.04336980293344,27.696904532225496]}"
000000000000000000a0,0.2332501065016735,0.0893336342428238,0.0320000355005578,0.0742189572979004,0.0351006390100415,0.0962079014098792,0.3211930824627245,0.4246884927477432,0.395377305000507,0.4636743026676134,0.6313941897730629,0.2579066638398907,0.836922474201459,-0.6839031173943305,23650.96436761537,1000,2021-07-12,6.822349537037037,9,1,8,0,"{""type"":""Point"",""coordinates"":[92.59958313470376,24.203969304396853]}",0.0484907120222045,BG-0161,2021-07-19,background,2026,"{""type"":""Point"",""coordinates"":[92.59958411867628,24.2039695672779]}"
000000000000000000f0,0.4484028338233803,0.3523189496096522,0.5852291594849431,0.578198403122782,0.5509408901956806,0.5382433742269084,0.5835833569907732,0.6179911335293521,0.5844531531988238,0.6299607066815373,0.2478022166685206,0.131722448322816,0.0295159757073862,-0.0053797288121563,4050.189440576297,1000,2021-07-17,1.822326388888889,8,1,8,0,"{""type"":""Point"",""coordinates"":[93.29334791300309,24.759845300820473]}",0.0799196122444586,BG-0241,2021-07-19,background,2026,"{""type"":""Point"",""coordinates"":[93.29334673105687,24.7598451167445]}"
00000000000000000142,0.2349189505703422,0.1015749556400507,0.0329379214195183,0.0658178960709759,0.0348820735107731,0.0875526692015209,0.3288354068441065,0.4438298403041825,0.4343460684410646,0.4774035640050695,0.62093311859071,0.2979792940101706,0.8513214771574655,-0.7368147218075265,16237.139078554936,1000,2021-07-12,7.822349537037037,16,1,15,0,"{""type"":""Point"",""coordinates"":[92.90688654290305,25.314495044454386]}",0.1055334021980622,BG-0323,2021-07-20,background,2026,"{""type"":""Point"",""coordinates"":[92.90688507721765,25.314493329132734]}"
00000000000000000032,0.2248605780933064,0.223989467545639,0.4486029056795133,0.4536066734279922,0.4261093255578093,0.4446700405679515,0.5219173073022315,0.5645539401622721,0.5394909634888441,0.5731449695740366,0.4132411036596105,0.4116304714245441,0.1174208823435394,-0.0864812148053111,15493.516071937416,1000,2021-07-27,2.822326388888889,17,1,17,0,"{""type"":""Point"",""coordinates"":[93.00709592087713,25.341878384023598]}",0.0165603467359359,BG-0051,2021-07-30,background,2026,"{""type"":""Point"",""coordinates"":[93.00709755789708,25.341877672909405]}"
00000000000000000083,0.2008024045046415,0.1701745193527112,0.2073737432151371,0.2364069953837567,0.2359666514482829,0.261675812915335,0.3719960990209507,0.4350021965200629,0.3944973824379849,0.4582356465276717,0.3972623082074697,0.3253738405117407,0.251450871848306,-0.2505774133317167,2497.3082961473533,1000,2021-07-27,2.822326388888889,18,1,17,0,"{""type"":""Point"",""coordinates"":[92.70000654952842,23.436401944561947]}",0.0398858663740905,BG-0132,2021-07-30,background,2026,"{""type"":""Point"",""coordinates"":[92.70000675164562,23.436400715787315]}"
000000000000000000ba,0.3905950281568669,0.2818375729288214,0.637701014661864,0.6415206838820963,0.6165269849322714,0.6235638120846229,0.682228694637512,0.7110431941555476,0.6956867434427476,0.7191497437978791,0.4233645788475885,0.2808587267708773,0.0603253546268744,-0.0405068491647653,22806.62265272223,1000,2021-07-27,2.822326388888889,20,1,19,0,"{""type"":""Point"",""coordinates"":[93.05871447467183,23.59659514990699]}",0.0574499626612194,BG-0187,2021-07-30,background,2026,"{""type"":""Point"",""coordinates"":[93.05871444871438,23.5965931296023]}"
000000000000000000c4,0.1777110942403077,0.0918651331106388,0.0303389766170665,0.06239970138678,0.0449244609778317,0.0881986182812025,0.2726578398623342,0.3471060633667376,0.3233244964065188,0.3773560228768094,0.5574786720107974,0.2906248675432961,0.7560103833182453,-0.6764543072808792,3045.613609415564,1000,2021-07-27,2.822326388888889,22,1,22,0,"{""type"":""Point"",""coordinates"":[94.77708257482983,28.83828181553578]}",0.0613946695968802,BG-0197,2021-07-30,background,2026,"{""type"":""Point"",""coordinates"":[94.77708293594672,28.838282729066698]}"
000000000000000000c5,0.3089658020062821,0.2595172357888336,0.0858005015705744,0.1436681831999189,0.154517712027561,0.2109301144999493,0.3878068649305904,0.4631359509575436,0.4276763856520416,0.4908741463167488,0.2447041774203605,0.1611509436122886,0.4691883251877405,-0.4970874283845887,24393.954426988614,1000,2021-07-27,2.822326388888889,9,1,8,0,"{""type"":""Point"",""coordinates"":[94.89195347706766,26.448569297175176]}",0.0614652526408761,BG-0198,2021-07-30,background,2026,"{""type"":""Point"",""coordinates"":[94.8919550211949,26.448569048681424]}"
000000000000000000ed,0.2442008459979737,0.1465239513677812,0.0419699949341438,0.089740390070922,0.0671698632218845,0.1162678318135765,0.2997576595744682,0.3772659473150961,0.3479137487335358,0.4053329584599797,0.4073107639738779,0.1751568085947788,0.6763550220378323,-0.5899027011783035,22785.9020710496,1000,2021-07-28,1.807650462962963,9,1,9,0,"{""type"":""Point"",""coordinates"":[88.26046311330296,26.786743061967453]}",0.0792154119366718,BG-0238,2021-07-30,background,2026,"{""type"":""Point"",""coordinates"":[88.2604649776888,26.786741833736368]}"
00000000000000000122,0.2776175665399238,0.1839079239543725,0.147605835234474,0.1820558225602027,0.1636423472750317,0.1839673561470216,0.3377657743979719,0.4231819315589353,0.3914952699619772,0.4472527503168568,0.3607684979895733,0.1701920770454832,0.4104440333569876,-0.3651626683871675,19240.62500752856,1000,2021-07-25,4.814479166666667,9,1,9,0,"{""type"":""Point"",""coordinates"":[91.47546605463533,23.746964955631295]}",0.0959034753998574,BG-0291,2021-07-30,background,2026,"{""type"":""Point"",""coordinates"":[91.47546695329132,23.746964345575826]}"
00000000000000000133,0.314198493427705,0.1743803235591507,0.571559165824065,0.5655544590495452,0.5370152173913043,0.5408014357937311,0.5680632912032358,0.592168083923155,0.5874115116279072,0.5927922244691608,0.5421837948254417,0.3030279352139067,0.0448195448720445,-0.0189572399656508,23180.483920657567,1000,2021-07-29,0.8292939814814815,15,1,15,0,"{""type"":""Point"",""coordinates"":[95.936885840629,28.387796672510362]}",0.1008360706284746,BG-0308,2021-07-30,background,2026,"{""type"":""Point"",""coordinates"":[95.93688525803674,28.387794456618984]}"
00000000000000000138,0.1503321291236592,0.0988072910342036,0.0733923193685489,0.118089126695001,0.1154246458206841,0.1231249595223638,0.1729031420765028,0.2177241398502327,0.1780384132766646,0.2248606203197734,0.286192348332387,0.0843750598043233,0.2133616668774996,-0.202444144801256,22030.67519452375,1000,2021-07-25,4.814479166666667,10,1,9,0,"{""type"":""Point"",""coordinates"":[90.19903945988435,25.071491873445805]}",0.101780640164436,BG-0313,2021-07-30,background,2026,"{""type"":""Point"",""coordinates"":[90.19903823337461,25.071491881757638]}"
00000000000000000145,0.4990472382689775,0.3693446741664133,0.5369109253065778,0.5656278656126483,0.5529420593898855,0.5499352944157292,0.6234356947400426,0.6734590858416944,0.6304525894395462,0.6903531721901287,0.2611608620845764,0.1163394167462226,0.0654984625174121,-0.0541976282223164,9909.879143384736,1000,2021-07-25,4.814479166666667,5,1,5,0,"{""type"":""Point"",""coordinates"":[91.49249090245739,25.59963226131698]}",0.106072958220511,BG-0326,2021-07-30,background,2026,"{""type"":""Point"",""coordinates"":[91.49248954710978,25.59963185529605]}"
00000000000000000018,0.2399974299301832,0.1421774360012142,0.057916417079834,0.0946472123849034,0.06675358696752,0.1189697966204594,0.3303472174440958,0.4381249468784783,0.4030875999190528,0.4703040878275828,0.4785015482929129,0.253605918998152,0.7158461674683477,-0.6196881952186847,17264.01390784552,1000,2021-07-29,1.8292939814814813,15,1,15,0,"{""type"":""Point"",""coordinates"":[95.63028697039617,28.14821363200976]}",0.0088439276148671,BG-0025,2021-07-31,background,2026,"{""type"":""Point"",""coordinates"":[95.63028539268794,28.14821437475521]}"
00000000000000000025,0.2745194057096495,0.2464611429440698,0.7358002332538918,0.7277190507580752,0.6916792201206832,0.6772980376248667,0.7079968713554078,0.732497368287612,0.6947207139597386,0.7316962932914152,0.4762730685122867,0.4335368498710324,0.0021938069703333,0.0231984071430138,19549.029459992307,1000,2021-07-27,3.822326388888889,20,1,19,0,"{""type"":""Point"",""coordinates"":[94.01014840734452,24.20903930229462]}",0.0140175774970099,BG-0038,2021-07-31,background,2026,"{""type"":""Point"",""coordinates"":[94.01014841258502,24.209041291851364]}"
000000000000000000a1,0.2431226620710628,0.1715648030817577,0.3873103401084699,0.3822093111663034,0.3582331745146739,0.335547224897359,0.3805647017081454,0.4309676871610318,0.4091313295149272,0.4381118455066147,0.4091064381139391,0.2545153722098436,0.0663285241016177,-0.0340207705311935,2922.798620696949,1000,2021-07-25,5.814479166666667,8,1,7,0,"{""type"":""Point"",""coordinates"":[91.550945258167,23.30377490192931]}",0.0488835905279522,BG-0162,2021-07-31,background,2026,"{""type"":""Point"",""coordinates"":[91.55094400516417,23.30377643918436]}"
000000000000000000e5,0.2437090010141988,0.1784024898580123,0.2212562170385396,0.2508165872210954,0.2396833874239352,0.2788972008113591,0.4511233113590265,0.5241587931034482,0.5021425709939149,0.5501992545638945,0.4757070468348338,0.3464946373765967,0.3538015630104759,-0.3337843507589723,17040.22364623395,1000,2021-07-27,3.822326388888889,8,1,8,0,"{""type"":""Point"",""coordinates"":[92.98680701108395,23.590356867533217]}",0.0762419451125308,BG-0230,2021-07-31,background,2026,"{""type"":""Point"",""coordinates"":[92.98680738635755,23.59035562734751]}"
00000000000000000132,0.2310515317508622,0.090892427470075,0.0243078717792655,0.0605126242645566,0.0271954098194359,0.0870605295191722,0.3324703388111178,0.4559012527896123,0.4365108693446946,0.4937772215459524,0.6553209734599078,0.3077754787517194,0.8827041554474614,-0.7564999439960867,21347.96928605941,1000,2021-07-22,8.822349537037036,8,1,8,0,"{""type"":""Point"",""coordinates"":[92.69022774091822,21.949238234025103]}",0.1006878396761373,BG-0307,2021-07-31,background,2026,"{""type"":""Point"",""coordinates"":[92.69022741056014,21.949239695046842]}"
0000000000000000010d,0.3457060804300421,0.2757385770069476,0.3006623611745018,0.3157272224757848,0.313139185557077,0.3392850854505808,0.4296099345808611,0.4838272427607891,0.4513216440995995,0.5041058370099906,0.2414972817869526,0.1325117814839947,0.180758062652577,-0.1767741633322506,17883.15173142582,1000,2021-07-27,9.82232638888889,7,1,7,0,"{""type"":""Point"",""coordinates"":[93.14205507336072,26.415794904432346]}",0.089367935403965,BG-0270,2021-08-06,background,2026,"{""type"":""Point"",""coordinates"":[93.14205598592834,26.415793282667806]}"
00000000000000000123,0.3838103934293245,0.2771314084364226,0.4061151794767796,0.4184404583248834,0.3956724396674103,0.3964677448793348,0.4857069357128371,0.5587450212938551,0.5172987679983776,0.5748938501318189,0.3023139939620179,0.1481378508654338,0.1332203330288277,-0.1056472860092994,4028.523047146818,1000,2021-08-01,4.822349537037037,9,1,9,0,"{""type"":""Point"",""coordinates"":[93.4527028073501,24.854882121572565]}",0.0960695656740528,BG-0292,2021-08-06,background,2026,"{""type"":""Point"",""coordinates"":[93.45270250979384,24.854882272123824]}"
0000000000000000013d,0.528721544859766,0.3433449206268702,0.7751122381701072,0.7828121468783287,0.7493624942942638,0.7525125526195671,0.7796180909874725,0.8066988030633464,0.7896954455545973,0.8082073946340722,0.3939405322618838,0.1979448858686281,0.0262062591771523,-0.0043772753208898,9625.77364281377,1000,2021-08-01,4.822349537037037,9,1,9,0,"{""type"":""Point"",""coordinates"":[93.52688441247521,24.686684829836583]}",0.1046716701882594,BG-0318,2021-08-06,background,2026,"{""type"":""Point"",""coordinates"":[93.52688395027812,24.686682712626098]}"
000000000000000000f2,0.1668259469313349,0.0650559803524407,0.0167368087907636,0.0430331020862872,0.0228812537978529,0.0646683005874012,0.2463811373303625,0.3181015191411789,0.3073547549118899,0.3498782053878875,0.6506224220079738,0.2963612973583582,0.861424840451217,-0.7543687589235658,19320.6866343444,1000,2021-08-06,1.822326388888889,11,1,11,0,"{""type"":""Point"",""coordinates"":[94.67458567801533,28.09498980183583]}",0.0809131500567096,BG-0243,2021-08-08,background,2026,"{""type"":""Point"",""coordinates"":[94.67458766355469,28.09499014700142]}"
00000000000000000098,0.2191118523775727,0.0921400993612491,0.0308285460813139,0.0618496552772989,0.0365295092770962,0.0870145543952144,0.2901405860285918,0.3645581415390855,0.3455555104937647,0.4019133225185036,0.5789763603442565,0.2239259189219385,0.8087885816669638,-0.696372748930461,11378.897896579829,1000,2021-08-06,6.8223263888888885,8,1,7,0,"{""type"":""Point"",""coordinates"":[92.63592480828936,25.022700389719]}",0.0478020685247638,BG-0153,2021-08-13,background,2026,"{""type"":""Point"",""coordinates"":[92.63592361117995,25.022701044349013]}"
0000000000000000009f,0.5011405290361812,0.3849968328772676,0.5968514138035876,0.6132212425255903,0.5893576264315394,0.5960203962703959,0.6519114168440254,0.6908786459916895,0.6561207560555385,0.7015013428600384,0.2604162354573084,0.1339198234796857,0.0536044065981143,-0.0337966549424042,18832.376765171688,1000,2021-08-11,1.822349537037037,7,1,6,0,"{""type"":""Point"",""coordinates"":[94.25930513780688,24.505404535609795]}",0.0484051829847023,BG-0160,2021-08-13,background,2026,"{""type"":""Point"",""coordinates"":[94.25930677831857,24.505406679841187]}"
00000000000000000148,0.4531148319050758,0.3127405101161199,0.6272966026063588,0.6359742203742207,0.6086860504031236,0.6003647076720249,0.6580158866183259,0.6943288829166877,0.6542191927387045,0.7022657015364333,0.3531467563895503,0.1816112901419445,0.0360542824434749,-0.0141412691919292,8688.19514278011,1000,2021-08-06,6.8223263888888885,9,1,9,0,"{""type"":""Point"",""coordinates"":[93.89582151543522,25.085524664460998]}",0.1066903055676216,BG-0329,2021-08-13,background,2026,"{""type"":""Point"",""coordinates"":[93.8958224748196,25.08552518937339]}"
0000000000000000012b,0.1609779561452372,0.1611448777029422,0.9776176279941264,0.9671169342178564,0.9213560642122856,0.887844943535727,0.8933283232896141,0.9286789233807672,0.8794650630475512,0.92033105281815,0.6902876449811277,0.6905588231633685,-0.0232621666475429,0.0474670885452735,13025.733845969611,1000,2021-08-14,1.8144791666666664,7,1,7,0,"{""type"":""Point"",""coordinates"":[91.17776755010517,25.60995062115466]}",0.0988160826520125,BG-0300,2021-08-16,background,2026,"{""type"":""Point"",""coordinates"":[91.17776892249806,25.609952729815245]}"
0000000000000000013a,0.297658205024311,0.2322819844003239,0.2447228069286872,0.2716251570097244,0.2709813259724474,0.2843497315640193,0.3605438563614263,0.3960367352106969,0.3655399868314424,0.4124272386547813,0.2229058295675392,0.1023551973463397,0.1485553727061581,-0.1473948013784149,21047.91996255647,1000,2021-08-06,9.82232638888889,10,1,10,0,"{""type"":""Point"",""coordinates"":[94.78562621244825,28.395698199577065]}",0.1029854358225191,BG-0315,2021-08-16,background,2026,"{""type"":""Point"",""coordinates"":[94.78562801434106,28.395696110455713]}"
000000000000000000ee,0.4934864101784263,0.322914857055961,0.7700577199918898,0.7797465227088403,0.751993217761557,0.7036173306974853,0.7262877686536902,0.774969322789943,0.7130924371451743,0.7802946674776968,0.3766166341425993,0.182007191203353,-0.026551881445361,0.0446492135830806,6554.822821259121,1000,2021-08-14,2.814479166666666,12,1,12,0,"{""type"":""Point"",""coordinates"":[92.85852759197843,27.31501722287024]}",0.0793753355620046,BG-0239,2021-08-17,background,2026,"{""type"":""Point"",""coordinates"":[92.85852900582944,27.315017094891218]}"
00000000000000000112,0.4089787391216353,0.2459001821493625,0.5301844565877353,0.5396652145314714,0.5226252529852257,0.506464668083384,0.5572738362679617,0.6103362527828374,0.5614104229912971,0.6244972879983809,0.3908164203874943,0.1570830444331796,0.0357784996062356,-0.0197490596638289,4866.479348093242,1000,2021-08-08,8.82929398148148,10,1,9,0,"{""type"":""Point"",""coordinates"":[96.53823574959567,28.031340593398944]}",0.0903832112456701,BG-0275,2021-08-17,background,2026,"{""type"":""Point"",""coordinates"":[96.53823434355704,28.031340306603134]}"
0000000000000000002c,0.156310739650974,0.0743769023944805,0.0186426237824675,0.0608050273944805,0.0459255580357142,0.0858395545860389,0.2113533127029219,0.2709820566152597,0.246027627840909,0.2930843648538962,0.5357312685944953,0.2229886469670209,0.6853909444569515,-0.603659999305919,22640.568309685663,1000,2021-08-06,13.82232638888889,7,1,6,0,"{""type"":""Point"",""coordinates"":[92.91510466614454,24.743779159724905]}",0.0153573773880013,BG-0045,2021-08-20,background,2026,"{""type"":""Point"",""coordinates"":[92.91510538334433,24.74377818713642]}"
0000000000000000009c,0.4448171049298274,0.2786621067031464,0.8047219283579066,0.8145686071844764,0.778062501899985,0.7565798500278668,0.7934263464558949,0.8228605563155496,0.7722288595024578,0.824843816182804,0.4696650448727391,0.2690216837663629,-0.0037629329187837,0.02668251529946,14287.51877822458,1000,2021-08-19,0.8144560185185186,12,1,11,0,"{""type"":""Point"",""coordinates"":[92.02991513872185,25.756177922000308]}",0.0483106553308168,BG-0157,2021-08-20,background,2026,"{""type"":""Point"",""coordinates"":[92.02991716834676,25.756177444080652]}"
000000000000000000d4,0.2588713142567739,0.1622253887060015,0.7996070346923274,0.7833549050392506,0.7435677386680173,0.6922154266903016,0.7076848164092178,0.7508487566472526,0.6905365155735632,0.7441516029374526,0.6195294656295566,0.4546678337316109,-0.0369786387130546,0.0629750524140343,24373.49486251329,1000,2021-08-21,2.822349537037037,8,1,8,0,"{""type"":""Point"",""coordinates"":[94.44734542923067,27.746622532035378]}",0.0690211100962532,BG-0213,2021-08-24,background,2026,"{""type"":""Point"",""coordinates"":[94.44734700330787,27.74662450471167]}"
000000000000000000fe,0.2703451215805472,0.1727959067882473,0.1151700405268491,0.1566325531914894,0.1399990982776089,0.1686649949341439,0.3334789209726446,0.4183804154002027,0.3792296200607906,0.4456415045592707,0.3739568248788549,0.1676242801638427,0.4607420840448711,-0.4153998508950622,19180.93207970184,1000,2021-08-04,19.81447916666667,5,1,4,0,"{""type"":""Point"",""coordinates"":[91.42377169612273,25.196382375750716]}",0.0829247087593498,BG-0255,2021-08-24,background,2026,"{""type"":""Point"",""coordinates"":[91.42377323450877,25.1963817500209]}"
00000000000000000055,0.3973028373106348,0.3073313370826367,0.5116589248619346,0.5071105892486194,0.4864554086233976,0.4885407154076102,0.5394388812889497,0.5679430612555102,0.5480954299032277,0.5763759892587526,0.2814549440262833,0.1595016595883831,0.0595814328154388,-0.0388406054464615,8264.738827026678,1000,2021-08-16,8.82232638888889,9,1,9,0,"{""type"":""Point"",""coordinates"":[94.18142693790843,28.16863185573349]}",0.0246240100921799,BG-0086,2021-08-25,background,2026,"{""type"":""Point"",""coordinates"":[94.18142553889469,28.16862982866915]}"
00000000000000000040,0.5712946711960655,0.3976734928763372,0.8672367591137257,0.8701925112812454,0.8282964153526342,0.7777661866855956,0.8008987476550222,0.8484662069664863,0.7806941591035845,0.8516597424326932,0.3250434323987821,0.1548825576178085,-0.0295851678715629,0.0542122931774586,17295.395315146903,1000,2021-08-24,1.8145949074074077,11,1,11,0,"{""type"":""Point"",""coordinates"":[92.4757137665401,24.637202185446498]}",0.0206552978519095,BG-0065,2021-08-26,background,2026,"{""type"":""Point"",""coordinates"":[92.47571536743432,24.63720355449143]}"
00000000000000000093,0.2284635852781854,0.1552442312560117,0.1253120234901027,0.1487068647800333,0.1448673568571861,0.1549071584063179,0.2633039437047535,0.3224061762770211,0.2949914747127018,0.3429761960208573,0.3103868520512254,0.1270937937550447,0.3413006789467243,-0.3296938413154995,16269.24398861512,1000,2021-08-16,9.82232638888889,9,1,9,0,"{""type"":""Point"",""coordinates"":[94.87631986877427,28.07986453106254]}",0.0453036785170796,BG-0148,2021-08-26,background,2026,"{""type"":""Point"",""coordinates"":[94.87632014967562,28.079864272143894]}"
00000000000000000105,0.3692000354627894,0.2085585338669639,0.7976028167587008,0.808300415421247,0.7829192208318554,0.7732083033588323,0.7879666751101878,0.8096301231065401,0.7849174274279345,0.8076626982116621,0.5801437739970511,0.360203710048625,0.0012744992268786,0.0146765792877992,15975.262989269013,1000,2021-08-21,4.822349537037037,10,1,9,0,"{""type"":""Point"",""coordinates"":[94.30096205984815,25.43877464991498]}",0.0859476299541813,BG-0262,2021-08-26,background,2026,"{""type"":""Point"",""coordinates"":[94.30096274047881,25.43877508908799]}"
0000000000000000000f,0.2854588414016609,0.2359631304435892,0.4727241239619201,0.4769093579096614,0.4570358618594287,0.4723935790966176,0.5129431841199108,0.5253946323678346,0.5322172321247719,0.5296575551954629,0.3856569578147978,0.3017801287237178,0.0759981148631554,-0.054807667106684,10427.405249780602,1000,2021-09-06,2.807650462962963,11,1,11,0,"{""type"":""Point"",""coordinates"":[88.52422339971534,27.730034676116553]}",0.0067712469750444,BG-0016,2021-09-09,background,2026,"{""type"":""Point"",""coordinates"":[88.52422398193004,27.73003283386522]}"
000000000000000000b9,0.1623673816042998,0.0757342257377548,0.0210837896765033,0.0546852702565662,0.0358925818882466,0.0803893672041375,0.2764173968157388,0.3623152266504411,0.3345628333840381,0.3976472771524185,0.6308322272654955,0.3465183774019041,0.8062245527610086,-0.7190210061649647,9885.467197310789,1000,2021-09-05,3.822326388888889,10,1,10,0,"{""type"":""Point"",""coordinates"":[93.66796145160413,25.540054212141897]}",0.0574394547011997,BG-0186,2021-09-09,background,2026,"{""type"":""Point"",""coordinates"":[93.66796061136655,25.540055198645096]}"
00000000000000000001,0.1308084085149518,0.0523079929042067,0.0083915610745058,0.027803730359858,0.0162913076533198,0.050465960466295,0.1960819665484034,0.2562174708565636,0.256449199189052,0.2835205625950328,0.6611706917686478,0.3244372432578066,0.8805362075334469,-0.8043733065197909,14170.77734437043,1000,2021-09-15,4.8223263888888885,20,1,18,0,"{""type"":""Point"",""coordinates"":[94.03005829354817,27.672262562868113]}",0.0005886379839779,BG-0002,2021-09-20,background,2026,"{""type"":""Point"",""coordinates"":[94.03005730155449,27.67226094341022]}"
00000000000000000035,0.181522585717184,0.1140697098803002,0.0380030178535199,0.0894202322986406,0.0971329935078109,0.1473650639074863,0.3287516331913168,0.4145327094745384,0.392421266991276,0.4420429803205519,0.5495686395644388,0.3674552489391673,0.603177823807369,-0.6288396394647698,8662.712523777453,1000,2021-10-05,3.821863425925926,10,1,10,0,"{""type"":""Point"",""coordinates"":[92.84033000057931,22.157603108050523]}",0.0168567372823433,BG-0054,2021-10-09,background,2026,"{""type"":""Point"",""coordinates"":[92.84032923446681,22.157605121645812]}"
00000000000000000047,0.2298137831398592,0.1654127845085416,0.049319374461398,0.0822692401277437,0.0877359912809854,0.115636548892381,0.1913438231864956,0.2239057484665686,0.2173876767881584,0.243644107061388,0.1357754170503264,-0.0277863725080435,0.4249152034898605,-0.4509104546995499,18110.27659852541,1000,2021-11-04,3.819664351851852,12,1,12,0,"{""type"":""Point"",""coordinates"":[94.08929299194213,24.684700529867797]}",0.0225564179552358,BG-0072,2021-11-08,background,2026,"{""type"":""Point"",""coordinates"":[94.08929275081948,24.68470191019637]}"
00000000000000000094,0.1699902831957038,0.0759903186584932,0.0203641015248999,0.0437679517706063,0.0300856983636455,0.076121875474948,0.2244682506712599,0.2753177668574902,0.287884953645068,0.3100170272050256,0.5823276576205556,0.2574820845582496,0.810764306871811,-0.7360617015204484,11314.842181371869,1000,2021-11-06,1.826516203703704,47,1,47,0,"{""type"":""Point"",""coordinates"":[94.94573915397432,26.118528932704372]}",0.0463603090052417,BG-0149,2021-11-08,background,2026,"{""type"":""Point"",""coordinates"":[94.94573875639405,26.11852878902748]}"
0000000000000000009b,0.12282990488718,0.0468936051806131,0.0149966862288778,0.0285493473641606,0.0172065314175857,0.0469023424061519,0.194058949711626,0.2598074673682079,0.2676120206415053,0.2942611656379643,0.7017948085473309,0.3708160069087875,0.8791754870376847,-0.8072041093245187,7686.589414138812,1000,2021-11-06,1.826516203703704,12,1,11,0,"{""type"":""Point"",""coordinates"":[95.67402629262943,26.94073365774715]}",0.0482383022384546,BG-0156,2021-11-08,background,2026,"{""type"":""Point"",""coordinates"":[95.67402668664876,26.940734056130125]}"
000000000000000000da,0.1158501723963087,0.0442906652469323,0.0147336933373897,0.0286018355136395,0.0173922573775479,0.0459873440827502,0.1921755805699218,0.2586955531893316,0.2597449498022512,0.2863271473481389,0.7086481776829501,0.3831114114678836,0.8744863055052419,-0.8016150207306415,20312.65183951515,1000,2021-11-04,3.819664351851852,13,1,11,0,"{""type"":""Point"",""coordinates"":[92.95961541286006,23.848400586395083]}",0.0732263106221684,BG-0219,2021-11-08,background,2026,"{""type"":""Point"",""coordinates"":[92.95961321159413,23.848401189877286]}"
000000000000000000b3,0.2219775464721672,0.1970316061388846,0.3571524489692548,0.3882068378665854,0.402608053487312,0.4166391227270423,0.4159485437876714,0.4133402725016462,0.4113692042749327,0.4109138884667981,0.3522967005751712,0.2990331245551634,0.010763385222465,-0.0289683096886084,19410.915074284272,1000,2023-03-25,0.8076273148148149,208,1,12,0,"{""type"":""Point"",""coordinates"":[88.57708158360289,28.036905551513655]}",0.0551887112327154,BG-0180,2023-03-26,background,2026,"{""type"":""Point"",""coordinates"":[88.57708355812348,28.036904500170856]}"
0000000000000000010b,0.5714669978708307,0.4786474348575484,0.7093138142552978,0.7015540961168003,0.6600495285410118,0.6842013383351923,0.6987088867484539,0.6945464412450574,0.7528956149244654,0.6881210280847613,0.2226866369920723,0.1369931582942366,0.0657110340149041,-0.0352996177302746,10505.71656969492,1000,2023-03-22,3.8145717592592594,207,1,11,0,"{""type"":""Point"",""coordinates"":[91.76965078753537,25.83281649180588]}",0.0889873186874529,BG-0268,2023-03-26,background,2026,"{""type"":""Point"",""coordinates"":[91.76965061128186,25.83281453684147]}"
00000000000000000004,0.1970116346300147,0.1078433686666328,0.0395854186742405,0.0566657655829994,0.0582978749302632,0.087339894507278,0.1648792260485875,0.2024843688187858,0.2150567378404423,0.238797524978445,0.332032622514667,0.0437915268824017,0.5734633899947064,-0.5829144449277082,4050.182298275368,1000,2023-03-14,19.822233796296292,223,1,9,0,"{""type"":""Point"",""coordinates"":[92.77226628209951,23.77572169832496]}",0.0015600594721596,BG-0005,2023-04-03,background,2026,"{""type"":""Point"",""coordinates"":[92.77226635288949,23.775721502892026]}"
00000000000000000033,0.6163629668994843,0.511873119748963,0.9406927320579016,0.9792271484968116,0.9811672891993122,1.0002321085130077,1.0061897256807375,1.019002328170868,1.0044540793602597,1.0215054357728524,0.3248513644684781,0.2394416528110612,0.0117277092851999,-0.012717230222872,18873.49678710716,1000,2023-03-29,4.8223263888888885,231,1,17,0,"{""type"":""Point"",""coordinates"":[95.2453416946543,27.9537700714732]}",0.0167479864440958,BG-0052,2023-04-03,background,2026,"{""type"":""Point"",""coordinates"":[95.24534157834934,27.953768604062404]}"
00000000000000000149,0.244839844819717,0.1711232922561996,0.1230184999239312,0.1365544145240631,0.1409025305542877,0.1567020589279375,0.1981837162127897,0.2185099802221208,0.2324812414422637,0.2372461382423044,0.1520249255473061,-0.0258915931710381,0.2452669820069787,-0.2599391830228826,9230.61612058546,1000,2023-03-29,4.8223263888888885,223,1,9,0,"{""type"":""Point"",""coordinates"":[93.84878245842242,24.061376170909764]}",0.1069836348740105,BG-0330,2023-04-03,background,2026,"{""type"":""Point"",""coordinates"":[93.84878315934223,24.061376076165736]}"
00000000000000000154,0.2101649267724117,0.1053135357016166,0.0308795925606851,0.0616973496173922,0.0467633456646226,0.0935177469214007,0.2181940961840571,0.2642097907059241,0.2604023767293367,0.2916964475751281,0.4240691634028931,0.1067593298197316,0.6955171605727167,-0.6169052962747493,20381.78290056833,1000,2023-03-29,4.8223263888888885,224,1,10,0,"{""type"":""Point"",""coordinates"":[93.44693718968799,26.934638066607096]}",0.1090799882016934,BG-0341,2023-04-03,background,2026,"{""type"":""Point"",""coordinates"":[93.44693868889411,26.934640066375824]}"
00000000000000000152,0.5496071845054001,0.3705097652486944,1.020491137250925,1.0596554682350556,1.034985636059422,1.0403895502712566,1.0399103686051818,1.052694077980023,1.016776702327232,1.0509058662475286,0.4658496656482143,0.2982471421909799,-0.0088747772544202,0.0206502126656091,16657.64697326218,1000,2023-05-03,1.822349537037037,342,1,9,0,"{""type"":""Point"",""coordinates"":[94.30786920737994,24.528440251651897]}",0.1088419192526151,BG-0339,2023-05-05,background,2026,"{""type"":""Point"",""coordinates"":[94.30787058906104,24.528441929048277]}"
00000000000000000051,0.3453726633623306,0.2678409619664171,0.3344673983410885,0.3285395609953469,0.305017924337447,0.3178976937082743,0.3929317216265426,0.4260057707869715,0.4510216973497875,0.4423484877604691,0.2548202121913179,0.1326591939864917,0.1931165627093821,-0.1571167564361108,3298.7488296515367,1000,2023-05-01,4.814571759259259,354,1,21,0,"{""type"":""Point"",""coordinates"":[90.28646013603715,25.5860676759124]}",0.0243962883277468,BG-0082,2023-05-06,background,2026,"{""type"":""Point"",""coordinates"":[90.28646146970344,25.58606774144786]}"
00000000000000000116,0.2375927783400811,0.1560687196356275,0.1251733451417003,0.1573799848178137,0.1429497368421053,0.1862188917004048,0.310748431174089,0.34833879048583,0.336329625506073,0.3680755010121458,0.3660875542109522,0.1720386702179678,0.4034805248373797,-0.3624593018776028,10673.067885735578,1000,2023-05-05,0.8293865740740741,354,1,21,0,"{""type"":""Point"",""coordinates"":[95.51738253172292,26.85450356157562]}",0.0929975847098718,BG-0279,2023-05-06,background,2026,"{""type"":""Point"",""coordinates"":[95.51738041223788,26.854504566539212]}"
00000000000000000082,0.3723464535413922,0.3138399533894013,0.3631351251393253,0.3893339953389402,0.3978275863815991,0.4145344817104064,0.4266253673117846,0.4277781842131931,0.4355908856013782,0.4334499645354139,0.1624578625239558,0.0782788825270645,0.0453113297692188,-0.0560740636283276,8485.86638775549,1000,2023-06-08,2.807534722222222,346,1,12,0,"{""type"":""Point"",""coordinates"":[88.46526962468772,27.80393535787531]}",0.0398332045702681,BG-0131,2023-06-11,background,2026,"{""type"":""Point"",""coordinates"":[88.46527075823542,27.80393642643048]}"
00000000000000000057,0.1866533356972797,0.1019372929436198,0.0319934147206321,0.057938083177144,0.0447614963780963,0.083541436604022,0.2255814193809837,0.2802518717390204,0.2656001671647838,0.3067553214122892,0.4452957643362182,0.1745632282953985,0.7115526713761668,-0.6418470884607135,13866.673351926269,1000,2023-06-07,4.8223263888888885,341,1,7,0,"{""type"":""Point"",""coordinates"":[94.74276533312253,28.240195968540245]}",0.0251376207553556,BG-0088,2023-06-12,background,2026,"{""type"":""Point"",""coordinates"":[94.74276703568968,28.24019804026677]}"
00000000000000000088,0.1485032728008498,0.159985907228489,0.450949511862006,0.4522872628863371,0.4288097020587787,0.467891790176539,0.5093815519247304,0.516682037533512,0.538562714350751,0.5144430016692804,0.5419476832785047,0.5677175829456899,0.1134547671922755,-0.0870721637446938,22988.122932821752,1000,2023-06-09,2.8292939814814817,355,1,21,0,"{""type"":""Point"",""coordinates"":[95.5543752340623,27.40887238184317]}",0.0411345206278116,BG-0137,2023-06-12,background,2026,"{""type"":""Point"",""coordinates"":[95.55437713281141,27.408870747173875]}"
00000000000000000107,0.3155149817666127,0.2353361223662886,0.2628980500405186,0.2679827795786062,0.2407233184764992,0.2705667139384118,0.3921764181523502,0.439929715356564,0.44462954821718,0.458304781199352,0.3077999888895858,0.1698552858800683,0.2975200654290359,-0.2478862093011609,1551.621366034352,1000,2023-06-07,4.8223263888888885,346,1,12,0,"{""type"":""Point"",""coordinates"":[94.7881010135329,26.231665244632403]}",0.0866328586737761,BG-0264,2023-06-12,background,2026,"{""type"":""Point"",""coordinates"":[94.78810205654601,26.231663295808545]}"
00000000000000000021,0.3121486776775761,0.2027509727429323,0.3150193788631067,0.3175008055527408,0.2981626861890769,0.287624060188469,0.3649970969703111,0.430487323943662,0.381036862904043,0.4472466764616476,0.3053950070123122,0.0993791433800913,0.1220174201022677,-0.0909558069955863,7040.3564995697625,1000,2023-06-12,4.822349537037037,364,1,20,0,"{""type"":""Point"",""coordinates"":[93.54215237448221,27.04398860174075]}",0.0132427861712929,BG-0034,2023-06-17,background,2026,"{""type"":""Point"",""coordinates"":[93.54215405022319,27.043986481973864]}"
00000000000000000031,0.3298969907290136,0.175455534728203,0.5916074167890976,0.6005839100258372,0.5752031511221437,0.5664330361213838,0.6048867369167639,0.6366002533056383,0.6106486397487204,0.6402282587770403,0.5536074214465231,0.2984987010966217,0.029890319262027,-0.0083094940973609,22933.101988003305,1000,2023-06-12,4.822349537037037,351,1,7,0,"{""type"":""Point"",""coordinates"":[94.56528419299326,28.70714857175604]}",0.0164571070159168,BG-0050,2023-06-17,background,2026,"{""type"":""Point"",""coordinates"":[94.56528456437722,28.707146866879505]}"
00000000000000000127,0.3521925894033026,0.2170966163509269,0.7806849356701447,0.7687758484449397,0.7332857866477563,0.7246929490426504,0.7215976142234835,0.7400593607537232,0.7148956741971432,0.7362998176476553,0.5341235790196065,0.3398997975763034,-0.0126987625154958,0.0363154333189924,15898.668973741816,1000,2023-06-09,7.829293981481482,363,1,19,0,"{""type"":""Point"",""coordinates"":[95.1360714233396,26.098949019978697]}",0.0970754709534272,BG-0296,2023-06-17,background,2026,"{""type"":""Point"",""coordinates"":[95.1360698151251,26.098951044683854]}"
00000000000000000065,0.5092504914876368,0.3623837859748682,0.9010457894203486,0.9218160974868258,0.914293362383462,0.9306064146736928,0.9324705107417914,0.9371517278070532,0.9281652006485612,0.9344071291041752,0.4384036720326237,0.2914360205281739,0.0075289824929744,-0.0034319823492997,19092.789480652475,1000,2023-06-13,4.807511574074074,358,1,12,0,"{""type"":""Point"",""coordinates"":[88.35532602911397,27.819408438530775]}",0.0311833217709859,BG-0102,2023-06-18,background,2026,"{""type"":""Point"",""coordinates"":[88.35532759081595,27.819406665586335]}"
00000000000000000097,0.3123376399088378,0.2354372398075462,0.3023794935426692,0.3082406786528235,0.2847189415041782,0.302922223347683,0.3872858647758926,0.423551329450494,0.4157754621423146,0.4412913598379337,0.2769267580236068,0.142062849771669,0.1870914599116119,-0.1485253952645211,3996.643709890062,1000,2023-06-13,4.807511574074074,358,1,12,0,"{""type"":""Point"",""coordinates"":[88.42406307185283,27.234708812897676]}",0.0471922795612672,BG-0152,2023-06-18,background,2026,"{""type"":""Point"",""coordinates"":[88.42406332094056,27.234707317841536]}"
000000000000000000cd,0.1896450656394141,0.1086156419484007,0.0257085964823356,0.0561157686654163,0.0626726189872776,0.0922743778194536,0.1927602514065589,0.2459934259212328,0.2283857620761317,0.2696279132241878,0.3553994692526921,0.0926742571796143,0.5693467492102631,-0.6055151723145273,24055.262714092616,1000,2023-06-12,5.822349537037037,363,1,17,0,"{""type"":""Point"",""coordinates"":[91.98937745104497,23.397910984268602]}",0.065496170048462,BG-0206,2023-06-18,background,2026,"{""type"":""Point"",""coordinates"":[91.98937743503532,23.397909711887426]}"
00000000000000000128,0.4959090249961973,0.276823089793642,0.905372205039801,0.9480739390559242,0.961292683668813,0.930292734371039,0.944774202707499,1.0097869391066272,0.9542283678953506,1.025820889317041,0.5502656073966042,0.3160523583115616,-0.0036879342921832,-0.0032352527865509,14488.68302852016,1000,2023-06-12,5.822349537037037,384,1,38,0,"{""type"":""Point"",""coordinates"":[92.74226990931298,27.082675762480445]}",0.0975874688938676,BG-0297,2023-06-18,background,2026,"{""type"":""Point"",""coordinates"":[92.74226989690885,27.082675519624242]}"
0000000000000000000c,0.3699960042540262,0.2409922110807252,0.4775807353388029,0.4854167831459539,0.467956811506128,0.4447125443127723,0.4967484148688344,0.5516502937303758,0.4878247543806342,0.5651582143218882,0.3386756277601986,0.1373582405654867,0.020787116621226,-0.0024741763907857,18806.212298737883,1000,2023-06-22,0.8223495370370371,357,1,11,0,"{""type"":""Point"",""coordinates"":[94.52253479119389,27.793773066574513]}",0.004413056929299,BG-0013,2023-06-23,background,2026,"{""type"":""Point"",""coordinates"":[94.52253318695234,27.79377468605191]}"
00000000000000000013,0.2726974623917338,0.1784711087474042,0.0965357189890087,0.129069629742187,0.1172173833763865,0.1469639973661551,0.2961814516537507,0.3601460517651826,0.3403652281821406,0.3831022438332572,0.3120331170187888,0.1103765843702941,0.4876667932063942,-0.4501063243880669,3723.088049865016,1000,2023-06-22,0.8223495370370371,353,1,7,0,"{""type"":""Point"",""coordinates"":[94.84629228228037,28.21881011988792]}",0.007173333197901,BG-0020,2023-06-23,background,2026,"{""type"":""Point"",""coordinates"":[94.84629378804182,28.21881013863682]}"
0000000000000000003b,0.1815410816564447,0.0859305489381113,0.0251604896345481,0.0570968726240559,0.0404357037863044,0.0822039738456079,0.2294001469917379,0.2854300724821328,0.2807815601398954,0.3150569162147092,0.5313459969775242,0.2146563233369988,0.7482345544441561,-0.6620271252178741,8992.620649366942,1000,2023-06-05,17.81447916666667,355,1,9,0,"{""type"":""Point"",""coordinates"":[91.79974971964613,25.73669165039675]}",0.0191419217589108,BG-0060,2023-06-23,background,2026,"{""type"":""Point"",""coordinates"":[91.79974795392539,25.736693637162364]}"
0000000000000000007e,0.5366871235932273,0.4089777349690766,0.5468318006691673,0.5575244144783532,0.54328685998175,0.525957152996046,0.5844353492852074,0.6301583696644025,0.5808758694109296,0.64805648382845,0.1736601591197127,0.0395402729817646,0.0334373382486064,-0.0205125167860969,15480.820489197442,1000,2023-06-20,2.8144560185185186,357,1,11,0,"{""type"":""Point"",""coordinates"":[91.67888578559248,23.70612850818383]}",0.0374986624525798,BG-0127,2023-06-23,background,2026,"{""type"":""Point"",""coordinates"":[91.67888598654993,23.706127790820304]}"
000000000000000000b4,0.4160224342105265,0.2996666396761133,0.5041940941295546,0.5107666700404859,0.4921574443319834,0.499972039473684,0.5412106022267207,0.5695163562753037,0.5498389625506074,0.5777968066801622,0.2944916692941676,0.1385463057006044,0.0553567342820246,-0.0368396049478509,18698.092849521665,1000,2023-06-19,3.8292939814814817,356,1,10,0,"{""type"":""Point"",""coordinates"":[96.75252676892111,28.03728011600214]}",0.0554568234664528,BG-0181,2023-06-23,background,2026,"{""type"":""Point"",""coordinates"":[96.75252877317284,28.037279054630346]}"
00000000000000000110,0.1608398338988201,0.0622798602319339,0.0266511470096723,0.0465479718438244,0.0242538967944497,0.0656330024813896,0.2288167367195016,0.2932167519116826,0.2834110244594116,0.3201985061021927,0.63967889817204,0.2759053544962505,0.8423356377736847,-0.7178560223219597,3378.4905238106976,1000,2023-06-22,0.8223495370370371,353,1,7,0,"{""type"":""Point"",""coordinates"":[94.80329317082199,28.78055429329787]}",0.0901510727709308,BG-0273,2023-06-23,background,2026,"{""type"":""Point"",""coordinates"":[94.80329508645285,28.78055429039504]}"
0000000000000000006c,0.2604820984836959,0.2217007708301638,0.1386713474314113,0.1692805010396064,0.1677006136213804,0.1954705258887368,0.3115106851260206,0.3767335158983721,0.3482330189157665,0.3968125209189106,0.2220121887175863,0.1441576164675487,0.3499140081382229,-0.34579293289109,5272.341497247687,1000,2023-07-02,1.822349537037037,335,1,9,0,"{""type"":""Point"",""coordinates"":[93.1053834262972,24.71442489749007]}",0.032293973536838,BG-0109,2023-07-04,background,2026,"{""type"":""Point"",""coordinates"":[93.10538284115968,24.71442343749401]}"
000000000000000000ae,0.2605078677887053,0.1808335445604785,0.0974290935820744,0.1410586129980736,0.1466928267261482,0.1785528895873466,0.2921368549122986,0.3386572036905607,0.3151322924059618,0.3586298793470546,0.2707822552192654,0.0948933524700289,0.3647256476571807,-0.3815807753855067,17390.576667398604,1000,2023-07-07,1.822326388888889,336,1,9,0,"{""type"":""Point"",""coordinates"":[94.08694304568697,24.701622818365628]}",0.0532506428351119,BG-0175,2023-07-09,background,2026,"{""type"":""Point"",""coordinates"":[94.0869446424743,24.701621175443798]}"
00000000000000000103,0.4916068450119064,0.4017907331408015,0.6199649693469117,0.6168592389927546,0.5881282667071995,0.5967450271064499,0.6430562395500835,0.6594994528043774,0.6646320362770429,0.6624704311698838,0.2464700779782913,0.1496448476739096,0.0610681623512504,-0.0372790655747777,23699.592692582846,1000,2023-07-07,1.822326388888889,362,1,35,0,"{""type"":""Point"",""coordinates"":[95.04906544358478,26.463694567948462]}",0.0845586519307127,BG-0260,2023-07-09,background,2026,"{""type"":""Point"",""coordinates"":[95.04906371651862,26.46369500840936]}"
00000000000000000092,0.4796446437620353,0.3402742981656027,0.6331147005168748,0.6503190736799435,0.6434477399412186,0.6467441522245873,0.703888664234317,0.7250821222256006,0.6997032482010747,0.7350595317725755,0.3456122214284267,0.186593460622324,0.0418832348384471,-0.0365802651709662,7725.366392225761,1000,2023-07-23,3.807511574074074,363,1,19,0,"{""type"":""Point"",""coordinates"":[88.33748070669807,27.04238332536151]}",0.0447332847941066,BG-0147,2023-07-27,background,2026,"{""type"":""Point"",""coordinates"":[88.33747964108959,27.042385209552315]}"
0000000000000000004d,0.1911903852969469,0.0826077970735659,0.027724013973976,0.0597820869829375,0.035801235380487,0.0882468988911954,0.2740335172902639,0.3554443369955953,0.3349792364943548,0.3898031694597743,0.604356503276677,0.2732747107442092,0.8068871577866059,-0.6971228769001917,5378.737940456732,1000,2023-08-01,2.822349537037037,349,1,16,0,"{""type"":""Point"",""coordinates"":[94.81160047608456,28.83578471894586]}",0.0237196569278999,BG-0078,2023-08-04,background,2026,"{""type"":""Point"",""coordinates"":[94.81159849014112,28.835782985349592]}"
000000000000000000c9,0.1882275142987295,0.1838300248013361,0.416673938350964,0.4204249936731283,0.3976329503467124,0.4116513640734928,0.4607387913144707,0.4903073695399097,0.4876022574277468,0.4958839246849217,0.4524242290196704,0.4429735943183354,0.1016332227761515,-0.0739815503038857,5281.330408625782,1000,2023-08-01,8.822349537037036,333,1,11,0,"{""type"":""Point"",""coordinates"":[95.08810487330769,28.094749010378948]}",0.0637907615192837,BG-0202,2023-08-10,background,2026,"{""type"":""Point"",""coordinates"":[95.08810498082984,28.094749730806914]}"
0000000000000000012a,0.4338637254406789,0.2523370220718218,1.015467200363655,1.0163792009697463,0.976165467952927,0.948196085660892,0.9529599626243748,0.9890941057629178,0.9395768271124808,0.9827649679276732,0.5765851328189348,0.36820894849195,-0.0190989367070361,0.039265900027706,23910.160802667622,1000,2023-08-14,1.8144791666666664,335,1,21,0,"{""type"":""Point"",""coordinates"":[91.04690185238866,25.356071702676715]}",0.0981519333640407,BG-0299,2023-08-16,background,2026,"{""type"":""Point"",""coordinates"":[91.04690372998435,25.356071933622967]}"
0000000000000000013f,0.2185165812572935,0.1312899791973211,0.0689509868587954,0.1257535745091075,0.1306463037191131,0.1746449693033639,0.3372901009691005,0.4252550763610533,0.3946528641737277,0.4496547161195393,0.500744307667299,0.2872554792625405,0.5025832451127562,-0.5167101512910035,23427.40860055956,1000,2023-08-01,14.822349537037036,323,1,9,0,"{""type"":""Point"",""coordinates"":[92.74702331103596,23.248495426169736]}",0.1050234812367408,BG-0320,2023-08-16,background,2026,"{""type"":""Point"",""coordinates"":[92.74702511031283,23.248495634652944]}"
000000000000000000d1,0.3134750874702096,0.173465087977283,0.1212556665483494,0.1709040464479488,0.1388352923279751,0.2001496780082145,0.4295165103189493,0.5182874195020536,0.4796318138025454,0.5576916231428426,0.4687921884040371,0.2095010471674024,0.5510341909803185,-0.4745745564828947,7497.094333832529,1000,2023-08-16,3.822326388888889,313,1,8,0,"{""type"":""Point"",""coordinates"":[93.97936277367153,25.198362216618445]}",0.0660915239394258,BG-0210,2023-08-20,background,2026,"{""type"":""Point"",""coordinates"":[93.97936310586353,25.198362804786385]}"
000000000000000000e2,0.3956269484139051,0.2270018952062431,0.7610940610114525,0.759404879902706,0.7300884159318944,0.7106733404276883,0.7350289348332828,0.7575666058579106,0.7124937316306886,0.7654265886287626,0.5167579524121748,0.2859497064922856,-0.0121966602255089,0.0318711818221951,4578.739273249186,1000,2023-08-16,9.82232638888889,301,1,5,0,"{""type"":""Point"",""coordinates"":[94.32579033451374,28.493004702765358]}",0.075205441403902,BG-0227,2023-08-26,background,2026,"{""type"":""Point"",""coordinates"":[94.32579194259948,28.493002900247873]}"
00000000000000000053,0.1363527735523779,0.0648026772132643,0.0247016174830138,0.0459168390629753,0.0317170317412027,0.064867391745259,0.1985349812392252,0.2580007250785924,0.2515204086806613,0.279027497211236,0.590275385496239,0.2969208504316989,0.7760392715457234,-0.6912502424541567,19668.6348891616,1000,2023-10-18,8.813877314814814,322,1,9,0,"{""type"":""Point"",""coordinates"":[91.47601452406491,22.994340043426483]}",0.0245010264867653,BG-0084,2023-10-27,background,2026,"{""type"":""Point"",""coordinates"":[91.4760130513932,22.994340235333357]}"
0000000000000000008b,0.1935355117950794,0.1525583578009517,0.0653361648273767,0.0921664928622051,0.0950366457426344,0.1258736812797408,0.2473239495798319,0.3013436468563329,0.2815033056596133,0.3224702591880126,0.2970659671500255,0.1851802223992439,0.4952108248343121,-0.5066955198049085,14181.820861965096,1000,2023-10-25,1.8203587962962964,330,1,17,0,"{""type"":""Point"",""coordinates"":[94.82551287137132,28.002271713631533]}",0.0428397896930744,BG-0140,2023-10-27,background,2026,"{""type"":""Point"",""coordinates"":[94.82551500999742,28.002272587780293]}"
000000000000000000f9,0.1778830180065939,0.0685974080649252,0.0258876692873446,0.0449530306872939,0.0240201166624397,0.0623386964240426,0.2584848237382702,0.3520369363428859,0.3550757392848085,0.3876591072787218,0.6761776926669397,0.3324698559767394,0.8732768175351292,-0.7752510116188447,6153.973983010285,1000,2023-10-20,6.820729166666666,323,1,10,0,"{""type"":""Point"",""coordinates"":[92.61056144149735,23.948012444828002]}",0.0824315276359367,BG-0250,2023-10-27,background,2026,"{""type"":""Point"",""coordinates"":[92.61056259298944,23.94801389450774]}"
000000000000000000ff,0.1615337337793999,0.0990743258313057,0.1197111922141119,0.1322401561232766,0.1344742650040551,0.1481892893349554,0.2165493815896189,0.2550214061232767,0.2344158607055961,0.273775136861314,0.4058336357052423,0.1840692046193215,0.2709251040788326,-0.2786691064448217,4933.65668002005,1000,2024-01-31,2.8122800925925926,135,1,12,0,"{""type"":""Point"",""coordinates"":[91.74126415022913,23.84848085021404]}",0.0830073576071523,BG-0256,2024-02-03,background,2026,"{""type"":""Point"",""coordinates"":[91.74126468725689,23.848480378980977]}"
00000000000000000007,0.1536162467683886,0.0761996400871901,0.0318576722258833,0.0461337963197647,0.0450774877072033,0.0645372636488061,0.1652376995995335,0.2159580524154712,0.2089970142444366,0.242591478684037,0.4656344039815758,0.1527268123657763,0.6451632307772207,-0.6383518225984265,23357.75304892846,1000,2024-04-30,0.8145949074074074,371,1,39,0,"{""type"":""Point"",""coordinates"":[92.8318354130725,27.099187813681354]}",0.0024113579252363,BG-0008,2024-05-01,background,2026,"{""type"":""Point"",""coordinates"":[92.83183333065165,27.099186020135466]}"
00000000000000000067,0.1539965959171269,0.1418337672863583,0.6463580517704274,0.682401661516641,0.6876249227496076,0.7065440352565729,0.6974957803556051,0.6731777518869362,0.6687104047414014,0.6514464971379368,0.6500282842537032,0.6256344098351863,-0.0139453110339571,0.0101333243312362,19375.85164982521,1000,2024-04-28,4.807627314814815,349,1,12,0,"{""type"":""Point"",""coordinates"":[88.74569803083789,27.826195190334115]}",0.0315328566156329,BG-0104,2024-05-03,background,2026,"{""type"":""Point"",""coordinates"":[88.74569598109034,27.826194875998286]}"
00000000000000000120,0.2158195167662851,0.1248750683821294,0.0428903505217303,0.0794261624962009,0.0688967176577854,0.1059337402492148,0.2288626582919663,0.2788336237463276,0.270996874683416,0.3068396109816633,0.3691138229442362,0.1133432622365426,0.5945983142358058,-0.5466841270741605,14326.24033954194,1000,2024-04-30,2.8145949074074075,347,1,10,0,"{""type"":""Point"",""coordinates"":[91.73011639759552,26.31355663547894]}",0.0955486044057311,BG-0289,2024-05-03,background,2026,"{""type"":""Point"",""coordinates"":[91.73011452858111,26.313555545020613]}"
00000000000000000064,0.4232692762559386,0.3141837561912462,0.530505382593753,0.5323508389770543,0.5180104619427879,0.52982031234206,0.5675239057919742,0.5793688365510966,0.5811359951480842,0.585595896088143,0.2981641347211403,0.1571743233400888,0.0574314121635543,-0.0438129618383501,6874.783306226514,1000,2024-05-15,0.8144560185185186,375,1,23,0,"{""type"":""Point"",""coordinates"":[90.43769054826477,25.492261567051063]}",0.0306265739462832,BG-0101,2024-05-16,background,2026,"{""type"":""Point"",""coordinates"":[90.437690728056,25.492259757549633]}"
000000000000000000fc,0.4049724094248796,0.3069023511527744,0.4838531238915631,0.4972483151760832,0.4852567519635163,0.4863015758804156,0.5232276108436787,0.5437020369901191,0.517997892069927,0.5524410488978972,0.2559043261915517,0.1224584176348856,0.0326349250423396,-0.0204379752869303,7513.111596588446,1000,2024-05-15,0.8144560185185186,362,1,10,0,"{""type"":""Point"",""coordinates"":[92.63198742205915,27.175862056295358]}",0.082566274736425,BG-0253,2024-05-16,background,2026,"{""type"":""Point"",""coordinates"":[92.63198934433828,27.17586104616839]}"
00000000000000000111,0.1778300010144045,0.1090871119902617,0.0343834753499695,0.0668957141407993,0.0649120308378981,0.098651445526476,0.1776546409007911,0.2078969009941164,0.2004213278555488,0.2256813501724487,0.2950944275083015,0.0597257038293483,0.5107133821579192,-0.4995028102868712,12310.439043350709,1000,2024-05-12,3.822326388888889,364,1,12,0,"{""type"":""Point"",""coordinates"":[92.69458874174849,24.906723630419926]}",0.0902185784951665,BG-0274,2024-05-16,background,2026,"{""type"":""Point"",""coordinates"":[92.69458912794508,24.90672507318949]}"
0000000000000000010e,0.5412089766333824,0.4050595316539104,0.8393649145927317,0.8388069390237719,0.8137783465963808,0.824493593187693,0.8266836585736734,0.8312594404176591,0.8236711338638553,0.8276016169091185,0.3406862170511137,0.2069501599869965,0.0060415831972378,0.0091043637848568,19894.08170536537,1000,2024-05-12,4.8223263888888885,360,1,8,0,"{""type"":""Point"",""coordinates"":[93.40835704737357,27.651652597799085]}",0.0896932884493227,BG-0271,2024-05-17,background,2026,"{""type"":""Point"",""coordinates"":[93.4083568534575,27.651654020746538]}"
0000000000000000001f,0.2133285272339994,0.0938524444669844,0.0302612435338269,0.0622915255096865,0.0354133837103154,0.090901541738513,0.279850207931839,0.3422245308854852,0.3337173192007303,0.3785524089664267,0.560995877435703,0.2200707541266287,0.8081255044295274,-0.6854033623656183,10027.1592719494,1000,2024-05-22,4.8223263888888885,355,1,12,0,"{""type"":""Point"",""coordinates"":[92.3342131128111,23.82028149515205]}",0.0118155419134091,BG-0032,2024-05-27,background,2026,"{""type"":""Point"",""coordinates"":[92.33421332056709,23.82028129511027]}"
00000000000000000050,0.4853067745043353,0.3703384818214087,0.2587717559961462,0.2949448658790122,0.3031522691547082,0.3362656508290656,0.4275277825668071,0.4586357030576543,0.4543163328431622,0.4813864864864867,0.1018339425519652,-0.0329817789907884,0.199564791583109,-0.2127048180740569,22461.98093286871,1000,2024-05-22,4.8223263888888885,367,1,24,0,"{""type"":""Point"",""coordinates"":[92.82050037819464,25.3084886353354]}",0.0241766682418707,BG-0081,2024-05-27,background,2026,"{""type"":""Point"",""coordinates"":[92.8204981670981,25.30848794994574]}"
0000000000000000008c,0.188343741758799,0.0798177502789329,0.0277442286235926,0.055280576123339,0.034163510498022,0.0886697788822395,0.2792356932751799,0.3445119789025253,0.3454874277310069,0.379819733238665,0.6246565788245941,0.2943696339844553,0.8200267295142964,-0.724126798588292,17130.139219536293,1000,2024-05-22,4.8223263888888885,355,1,12,0,"{""type"":""Point"",""coordinates"":[92.9144001281781,23.836017662769656]}",0.0428841286033355,BG-0141,2024-05-27,background,2026,"{""type"":""Point"",""coordinates"":[92.91440038867381,23.83601950680165]}"
00000000000000000005,0.4576953985709218,0.3843767090660316,0.3923524806162267,0.4174485633203264,0.420343678102671,0.4451828916028985,0.4627983935539453,0.4652467440328384,0.4706588101150357,0.475655592155273,0.1009105459521061,0.0139638636016558,0.05647024859943,-0.0599142045053429,24117.29921987793,1000,2024-05-26,1.8007060185185184,371,1,23,0,"{""type"":""Point"",""coordinates"":[88.1719276618868,27.52168763849535]}",0.0019490989897098,BG-0006,2024-05-28,background,2026,"{""type"":""Point"",""coordinates"":[88.17192882841641,27.521687237166745]}"
00000000000000000010,0.424849738962948,0.3297982462365046,0.9349919255917686,0.965376501596634,0.9563528612702112,0.9943113487759132,1.0007570023822796,0.9889517917786004,1.0083079882406605,0.9784917684626692,0.5070671703949339,0.4071137727570028,0.0264448324418864,-0.0217519501546903,17890.898793751967,1000,2024-05-22,5.8223263888888885,369,1,21,0,"{""type"":""Point"",""coordinates"":[94.02376650196176,25.475691547536456]}",0.0069315999041553,BG-0017,2024-05-28,background,2026,"{""type"":""Point"",""coordinates"":[94.02376624601547,25.475689547669027]}"
00000000000000000022,0.1840530350628294,0.0803355897851642,0.0264880269558167,0.0491137565869477,0.0288528121199837,0.0751293220510741,0.2207029033238751,0.2774875050668829,0.2714692440210783,0.3071877432103769,0.5432945652508615,0.1919032569253252,0.8078541916586272,-0.6935972494249708,11005.631260475182,1000,2024-05-25,2.8145717592592594,367,1,19,0,"{""type"":""Point"",""coordinates"":[92.78843944162037,27.406330694242705]}",0.0135591538207053,BG-0035,2024-05-28,background,2026,"{""type"":""Point"",""coordinates"":[92.78844142918958,27.40632933557008]}"
00000000000000000029,0.2039216273764259,0.0998559594423321,0.0399169125475285,0.0681375107731305,0.0499853282636248,0.1010300430925222,0.2325971609632447,0.2701006134347276,0.2700100481622308,0.3012097541191381,0.4600425159962701,0.1394471486015168,0.687587184402918,-0.5969954005425463,14222.779597180835,1000,2024-05-22,5.8223263888888885,370,1,22,0,"{""type"":""Point"",""coordinates"":[93.70324631824005,25.289564210464576]}",0.0146953951499928,BG-0042,2024-05-28,background,2026,"{""type"":""Point"",""coordinates"":[93.70324502296437,25.289563330411124]}"
00000000000000000030,0.4086638528577219,0.3393392176732874,0.370786359951358,0.3946800263477908,0.400384591609242,0.4216037596270776,0.4677180482367248,0.5031170652614513,0.4642498530603973,0.5229012869882448,0.1554409336018784,0.0636786887705134,0.0738638876173352,-0.0809959327070341,23096.512926278938,1000,2024-05-24,3.829409722222222,369,1,21,0,"{""type"":""Point"",""coordinates"":[94.89955624436378,25.492564785922696]}",0.0163588217041851,BG-0049,2024-05-28,background,2026,"{""type"":""Point"",""coordinates"":[94.89955765338192,25.492564521918528]}"
00000000000000000036,0.2602856318055203,0.2246035249430235,0.0787216307926057,0.1205479311218029,0.1171538262851354,0.1563748543935173,0.2718466953659154,0.3175543985819193,0.3134763079260573,0.3456178475563433,0.1651665376662746,0.0927051315837037,0.4558958280997583,-0.4445106043558547,3522.24180238761,1000,2024-05-23,4.807650462962963,359,1,11,0,"{""type"":""Point"",""coordinates"":[88.36015523555484,27.119837910659857]}",0.016924070995775,BG-0055,2024-05-28,background,2026,"{""type"":""Point"",""coordinates"":[88.36015608236774,27.119836924951198]}"
00000000000000000042,0.1316908755247585,0.0568108998027414,0.0184473268929239,0.0422727125587982,0.0236136462495574,0.0701786202013049,0.1996276667846847,0.2398183652824844,0.2404079611552272,0.2580419098679885,0.6177167248428738,0.2921726028505919,0.8211233809106073,-0.7009154392948453,19110.25297431128,1000,2024-05-24,3.829409722222222,364,1,16,0,"{""type"":""Point"",""coordinates"":[95.7194110231514,28.39785640448693]}",0.0217216085840137,BG-0067,2024-05-28,background,2026,"{""type"":""Point"",""coordinates"":[95.71940975150196,28.397857912370874]}"
00000000000000000046,0.5269261197811108,0.414863741386299,0.7258163913660314,0.7548515555330357,0.7512553759627076,0.7657725070936356,0.7909097740170244,0.803338771787596,0.792582189906769,0.8116136501824076,0.3128243167923609,0.2013295923755851,0.0267688873866639,-0.0243827139513553,8769.666321995459,1000,2024-05-25,2.8145717592592594,359,1,11,0,"{""type"":""Point"",""coordinates"":[92.35853750905764,27.361784274718783]}",0.0224035310398433,BG-0071,2024-05-28,background,2026,"{""type"":""Point"",""coordinates"":[92.3585362081881,27.361786046666072]}"
00000000000000000049,0.1955331846972384,0.1059215606789967,0.0383213782619711,0.0669539802381555,0.0631880972890803,0.1058324094248796,0.2234362959209526,0.2593575880415505,0.2573593159361541,0.2810684519888523,0.4168613461522394,0.1365139214105969,0.6057488241548786,-0.587103081939819,3260.207311403317,1000,2024-05-22,5.8223263888888885,355,1,7,0,"{""type"":""Point"",""coordinates"":[93.32663510236706,27.269735051672498]}",0.0227561289442329,BG-0074,2024-05-28,background,2026,"{""type"":""Point"",""coordinates"":[93.3266344101554,27.269736128404183]}"
00000000000000000052,0.2048318744294554,0.1077733644385839,0.0304811796328228,0.059749315346384,0.0452950654224566,0.0907861294248909,0.2181340906785679,0.2647238918754438,0.2578914139365048,0.2938313977076784,0.4105346163363152,0.1146679686134263,0.7012065609375081,-0.6237931106550781,3610.914486005857,1000,2024-05-22,5.8223263888888885,358,1,10,0,"{""type"":""Point"",""coordinates"":[93.39761953203687,24.77377999161249]}",0.0244441118689675,BG-0083,2024-05-28,background,2026,"{""type"":""Point"",""coordinates"":[93.3976203545861,24.7737798931655]}"
0000000000000000005c,0.0609068384288317,0.0256761895120469,0.00321919416886,0.0202836049807653,0.0121315600323952,0.0341657369912937,0.105827070257137,0.1311618040089086,0.1246069497874064,0.1411896942700951,0.6582958057472471,0.3433713039395473,0.8225582529986236,-0.7200148068558426,21676.07121221981,1000,2024-05-24,3.829409722222222,356,1,8,0,"{""type"":""Point"",""coordinates"":[96.67884012401291,27.900234104225536]}",0.0269190450179953,BG-0093,2024-05-28,background,2026,"{""type"":""Point"",""coordinates"":[96.67884054418148,27.900235752448644]}"
0000000000000000006d,0.1345482290347098,0.054659847985812,0.0155300886749429,0.0397785761337725,0.0205006384595895,0.0670803699011907,0.2182184342538636,0.263724023308842,0.2654584849252595,0.2886457866734229,0.6585022326665905,0.3272701465297167,0.856618399043003,-0.739359460507455,12450.51203992978,1000,2024-05-25,2.8145717592592594,359,1,11,0,"{""type"":""Point"",""coordinates"":[92.35443959518953,27.41077641799299]}",0.0323596265886737,BG-0110,2024-05-28,background,2026,"{""type"":""Point"",""coordinates"":[92.35444141593511,27.410774392927397]}"
0000000000000000008d,0.1479183666227313,0.0714751748960762,0.0235268630234208,0.0493153148129372,0.0332398357497718,0.0772828196289161,0.1961745919091553,0.232810833417824,0.2419056422995031,0.2584106458481192,0.5438446071096371,0.2411018139611847,0.7583835577787034,-0.6613202888836287,5590.52552180118,1000,2024-05-22,5.8223263888888885,357,1,9,0,"{""type"":""Point"",""coordinates"":[93.87804307953513,24.041867603800934]}",0.0437206255839847,BG-0142,2024-05-28,background,2026,"{""type"":""Point"",""coordinates"":[93.87804174397375,24.041865853936986]}"
000000000000000000b0,0.1376432229602961,0.0563233456721261,0.0244633284316211,0.0406043253384716,0.0227473201156128,0.061420353937427,0.1898433446579788,0.2346307692307691,0.2283208103037369,0.2573449216571167,0.6042543330705009,0.2477773199040558,0.81879563863706,-0.6980250638044212,4721.443937973216,1000,2024-05-25,2.8145717592592594,359,1,11,0,"{""type"":""Point"",""coordinates"":[92.58663836434562,27.142873626701963]}",0.0540057074740147,BG-0177,2024-05-28,background,2026,"{""type"":""Point"",""coordinates"":[92.5866380006562,27.14287277811799]}"
000000000000000000b1,0.4302792038087519,0.3224892625607779,0.5407266764586708,0.5605033985008101,0.55594119226094,0.5809015700972445,0.6046511750405188,0.6078718598055101,0.6155995897487847,0.6102267726904375,0.3124547599796895,0.1771910732692734,0.0509230224026034,-0.0468464001864112,21863.760315642965,1000,2024-05-22,5.8223263888888885,355,1,7,0,"{""type"":""Point"",""coordinates"":[94.36043309059797,28.283721253922934]}",0.0541261476515891,BG-0178,2024-05-28,background,2026,"{""type"":""Point"",""coordinates"":[94.36043506110184,28.283721385927446]}"
000000000000000000c6,0.1688523249924019,0.0715336895957856,0.0212465808935264,0.0465258636409684,0.0261299969607942,0.0761214618579678,0.2458951271401073,0.2962523300577449,0.2935201651301792,0.3230386688278795,0.6080924024238349,0.2696264219887435,0.8365087832906677,-0.7263554948187292,9642.92199179881,1000,2024-05-22,5.8223263888888885,354,1,6,0,"{""type"":""Point"",""coordinates"":[94.1806822680325,27.60553657470435]}",0.0615896957864258,BG-0199,2024-05-28,background,2026,"{""type"":""Point"",""coordinates"":[94.18068061669143,27.60553874562107]}"
000000000000000000ca,0.499224754031849,0.3561231057916624,0.7231930063901005,0.7416992544882848,0.73302530682625,0.7562220965615173,0.7812438330459474,0.77944961963688,0.8128330966629475,0.7794218531291205,0.390698975643631,0.2390202097148597,0.0516268434783943,-0.0457589976316565,5165.692452498394,1000,2024-05-22,5.8223263888888885,369,1,21,0,"{""type"":""Point"",""coordinates"":[93.09067731102293,25.13960018293613]}",0.0643441615122007,BG-0203,2024-05-28,background,2026,"{""type"":""Point"",""coordinates"":[93.09067845262727,25.13960058733947]}"
000000000000000000d7,0.1186122777693359,0.0504496378463252,0.0112647318036772,0.0328201438484526,0.0173937902041229,0.0549595198298131,0.1852098667882287,0.2201269715848655,0.2190862837461379,0.2371123233551131,0.625655552341518,0.2975257150220289,0.8528942425163362,-0.7394259117415437,21183.03388376311,1000,2024-05-22,5.8223263888888885,355,1,7,0,"{""type"":""Point"",""coordinates"":[94.57150909806387,28.56557657241019]}",0.0703678133704472,BG-0216,2024-05-28,background,2026,"{""type"":""Point"",""coordinates"":[94.5715089964679,28.56557703417367]}"
000000000000000000e0,0.2081571812420785,0.1064920811153358,0.023403051964512,0.0577619569074778,0.0417683903675538,0.0931675437262357,0.2561849378960709,0.311131031685678,0.3066411457541189,0.3419954119138149,0.4844661518886444,0.1913059140784035,0.7602339428908894,-0.6829776887980095,21061.14039242636,1000,2024-05-22,5.8223263888888885,359,1,11,0,"{""type"":""Point"",""coordinates"":[92.47315424253541,23.712148294605985]}",0.0747059318308451,BG-0225,2024-05-28,background,2026,"{""type"":""Point"",""coordinates"":[92.47315622055349,23.71214853028515]}"
000000000000000000e4,0.1757873295137656,0.0762555392181717,0.0316562389088881,0.056738011458703,0.0339193682502661,0.07946385945343,0.2469646909699336,0.3047705622876844,0.3056962733864014,0.3383717791411041,0.6007059702208168,0.2698096946399473,0.8002484921671876,-0.6869059367109738,3869.992845639635,1000,2024-05-22,5.8223263888888885,359,1,11,0,"{""type"":""Point"",""coordinates"":[92.84573889015714,23.72244881803945]}",0.075986011642037,BG-0229,2024-05-28,background,2026,"{""type"":""Point"",""coordinates"":[92.84573791768749,23.722450847508473]}"
000000000000000000f8,0.2403931665062559,0.127173967884099,0.0379765969302467,0.0778697988956992,0.0654368674332607,0.1206816523985613,0.2755650524289549,0.3244010587102982,0.3320861557165289,0.3507743376728632,0.4461789241049398,0.1601682115857974,0.6707769682632766,-0.6201065113477604,23338.865384292578,1000,2024-05-23,4.807650462962963,359,1,11,0,"{""type"":""Point"",""coordinates"":[88.12462105881079,26.932818753377287]}",0.0821534228497248,BG-0249,2024-05-28,background,2026,"{""type"":""Point"",""coordinates"":[88.12462303131855,26.932818888619398]}"
00000000000000000101,0.1542489052204764,0.0721227825646224,0.0251478408514951,0.048771647237709,0.0278710947795235,0.075890851495185,0.2058920070957932,0.2439538266599088,0.238293314749113,0.2649734769386722,0.5353154479503143,0.2141028537902178,0.7905723396386327,-0.6602048059076749,23288.347104115084,1000,2024-05-22,5.8223263888888885,359,1,11,0,"{""type"":""Point"",""coordinates"":[93.60222984297529,28.043259770514812]}",0.0836766073901782,BG-0258,2024-05-28,background,2026,"{""type"":""Point"",""coordinates"":[93.60223170805307,28.043259679287114]}"
00000000000000000108,0.2847766887954189,0.2351781330765723,0.1097650078548624,0.136912684335884,0.1448957533066437,0.1784787259919931,0.2830133786043682,0.3233595398570921,0.3143919627020726,0.3441498150306591,0.1441378092329935,0.0494272753299705,0.3690414602602002,-0.3932582558833297,7678.301456504806,1000,2024-05-23,4.807650462962963,359,1,11,0,"{""type"":""Point"",""coordinates"":[88.26622873096507,27.397738006512714]}",0.0884784314482828,BG-0265,2024-05-28,background,2026,"{""type"":""Point"",""coordinates"":[88.266227733204,27.39773707330727]}"
0000000000000000010a,0.1951497668288726,0.0839944140308191,0.0351485654906731,0.0666807836577453,0.0368917325628548,0.0913201997161394,0.2777066098945658,0.3420235705596108,0.3276019616788321,0.3715833333333332,0.5918602835799964,0.2533749533991398,0.7975727254233769,-0.6617615939504347,6167.861834564702,1000,2024-05-22,5.8223263888888885,368,1,20,0,"{""type"":""Point"",""coordinates"":[94.16132976946055,26.198056999992584]}",0.0887625271748738,BG-0267,2024-05-28,background,2026,"{""type"":""Point"",""coordinates"":[94.16132888761061,26.198058513645584]}"
0000000000000000011a,0.2073524145277467,0.1118302120320584,0.0373143603530485,0.0633220858273308,0.0494291620168408,0.0922377599675357,0.2115918535051232,0.2507987775185147,0.2498508116059651,0.275582910621893,0.381608629022351,0.092952968502872,0.6696794548696512,-0.59560941354564,23844.46344597622,1000,2024-05-22,5.8223263888888885,359,1,11,0,"{""type"":""Point"",""coordinates"":[92.77005010887595,23.252013656900903]}",0.0946269582209802,BG-0283,2024-05-28,background,2026,"{""type"":""Point"",""coordinates"":[92.77005088019345,23.25201240149447]}"
0000000000000000011b,0.3522969867314898,0.3223540666464091,1.209340524663223,1.286085895877646,1.2875982983895475,1.3079689050947028,1.3138690418312566,1.3173917704851614,1.3087616175427932,1.3102679023599717,0.6047440782146051,0.5758163067516713,0.0081511500094338,-0.0087387492127646,7598.783089316821,1000,2024-05-27,0.8223495370370371,391,1,43,0,"{""type"":""Point"",""coordinates"":[94.99517720735388,25.664124239852974]}",0.0946424438164368,BG-0284,2024-05-28,background,2026,"{""type"":""Point"",""coordinates"":[94.99517684927888,25.66412230984195]}"
00000000000000000153,0.2084102148358329,0.0936528374543981,0.0375801124847993,0.0636717825293879,0.0383930127685448,0.0867211643696797,0.2644625354681801,0.3372085224969598,0.3246783846777463,0.3664772648966355,0.5522550911831552,0.2181029006210283,0.788509846610959,-0.6720908710440836,8943.96095974705,1000,2024-05-22,5.8223263888888885,358,1,10,0,"{""type"":""Point"",""coordinates"":[94.16463396334115,26.328053173003692]}",0.109011071878516,BG-0340,2024-05-28,background,2026,"{""type"":""Point"",""coordinates"":[94.16463468023942,26.328053091134365]}"
0000000000000000001b,0.1295617113004666,0.0681618076688983,0.0506813146682897,0.0814179194562791,0.0765257151552039,0.0973276374518157,0.143851004260499,0.1630483211604787,0.1785016636234531,0.1629523280584297,0.447329535161602,0.1588632609607451,0.3998627479003186,-0.3735145425244575,15164.19630016112,1000,2024-05-22,7.822326388888888,350,1,11,0,"{""type"":""Point"",""coordinates"":[92.67354624387728,24.79417591983095]}",0.0094449338163282,BG-0028,2024-05-30,background,2026,"{""type"":""Point"",""coordinates"":[92.6735451165003,24.794176057468608]}"
0000000000000000002e,0.2025296264382381,0.0990393278929494,0.0241122712757869,0.063440366972477,0.0483297987733792,0.0968867707435755,0.2565182472502408,0.3080865781337119,0.3027635967357697,0.3377901008667445,0.507025350875853,0.1983679291558873,0.7246897868682928,-0.653524411204791,21766.62084625821,1000,2024-05-25,4.814571759259259,361,1,22,0,"{""type"":""Point"",""coordinates"":[91.9046456128274,23.28282604518022]}",0.0158570640447288,BG-0047,2024-05-30,background,2026,"{""type"":""Point"",""coordinates"":[91.90464752107226,23.282824185996425]}"
0000000000000000007a,0.1287769207394277,0.0573658951633324,0.012468781970119,0.032072281590276,0.0185418384401114,0.0581066649784755,0.174378495821727,0.2088986528234996,0.2096229475816662,0.2256781615598885,0.5702749630019357,0.2389067916702822,0.8374697624168729,-0.7346055882016622,12504.220313866805,1000,2024-05-22,7.822326388888888,346,1,7,0,"{""type"":""Point"",""coordinates"":[94.46761650261963,28.45728730332726]}",0.0367629445522312,BG-0123,2024-05-30,background,2026,"{""type"":""Point"",""coordinates"":[94.46761689752702,28.45728595022822]}"
00000000000000000146,0.2785276656039674,0.2582358382672941,0.134684509893224,0.1908434795809929,0.2175338545620161,0.2140875259349223,0.2275981225646475,0.2449214108597744,0.223658564849957,0.2475275593340419,-0.071752801430491,-0.1092604643986643,0.0138821748027854,-0.0791674871326975,14258.914321600205,1000,2024-05-22,7.822326388888888,346,1,7,0,"{""type"":""Point"",""coordinates"":[95.39065487978398,28.044557368921364]}",0.1066207400483773,BG-0327,2024-05-30,background,2026,"{""type"":""Point"",""coordinates"":[95.3906543926181,28.044558080989123]}"
0000000000000000005e,0.1793587972822228,0.1057082293885001,0.0464191410607443,0.0836122908427137,0.0750216712300983,0.0976894736842105,0.2077183754183144,0.2689169151201704,0.2400094868674576,0.2903386522665044,0.3884708568985378,0.1446239305106522,0.5237190398362672,-0.4832715435016546,23948.90255902089,1000,2024-05-30,1.8145949074074077,350,1,11,0,"{""type"":""Point"",""coordinates"":[91.48384470551476,23.52598974382673]}",0.0269603713811575,BG-0095,2024-06-01,background,2026,"{""type"":""Point"",""coordinates"":[91.48384689830216,23.525988737729442]}"
000000000000000000d9,0.1663883739796177,0.1861082086903614,0.853233600365056,0.880959620747351,0.8680443847284898,0.8852354763474114,0.8870271358312632,0.8952045429194343,0.8860796329158849,0.8913354155047412,0.6528440232794426,0.6838129560433507,0.0102816266158961,-0.002897509015671,14316.17163090993,1000,2024-05-27,4.822349537037037,351,1,12,0,"{""type"":""Point"",""coordinates"":[92.87896811120743,22.199309080203403]}",0.0707426086561437,BG-0218,2024-06-01,background,2026,"{""type"":""Point"",""coordinates"":[92.87896895129931,22.199307420191275]}"
00000000000000000003,0.5188516161616159,0.3859253585858585,0.4857615808080808,0.4926961313131314,0.4866183080808081,0.4784024848484849,0.534060868686869,0.570387161616162,0.5500196969696967,0.5909866616161618,0.1753247558815678,0.029159806634507,0.0611605869937207,-0.0549752522228105,5666.70422839416,1000,2024-06-04,6.814456018518518,382,1,26,0,"{""type"":""Point"",""coordinates"":[90.88523714369596,25.186469794108906]}",0.0013645651720813,BG-0004,2024-06-11,background,2026,"{""type"":""Point"",""coordinates"":[90.88523542806686,25.186468407827366]}"
0000000000000000000d,0.4458389760988456,0.3510747062993721,0.4842832236175817,0.4920671966781449,0.4845981112011342,0.5073310968199313,0.5494778964958478,0.5589652977516711,0.5643750455742353,0.5639577020457768,0.2330005976169762,0.1173375808812022,0.0760524078789032,-0.0684446778102387,4535.537375316395,1000,2024-06-08,2.829270833333333,376,1,20,0,"{""type"":""Point"",""coordinates"":[94.96077524272654,25.669118433032835]}",0.0052957204361659,BG-0014,2024-06-11,background,2026,"{""type"":""Point"",""coordinates"":[94.96077600995712,25.66911785726541]}"
00000000000000000019,0.1685127763131211,0.1297164773879538,0.1987708527682012,0.2135512624214155,0.194655977489353,0.225950821334415,0.3200818140336647,0.3577308912999392,0.353311326302981,0.3717388460758466,0.4629026470246302,0.3541395444621947,0.2895343348327848,-0.2465501634109702,2921.568197023323,1000,2024-06-06,4.822349537037037,367,1,11,0,"{""type"":""Point"",""coordinates"":[92.98129110308086,25.20165303319589]}",0.0093027454352672,BG-0026,2024-06-11,background,2026,"{""type"":""Point"",""coordinates"":[92.98129024174324,25.201651998015265]}"
0000000000000000005a,0.5766805057261579,0.4465527566636262,0.9861783419479072,0.981855538664235,0.9484377774399514,0.9513787270700316,0.9538674926522758,0.9575772220533094,0.9465615840681058,0.9456403820816868,0.3589144212971423,0.242824880444254,-0.0009900759915573503,0.0183020334035003,11722.591949363768,1000,2024-06-04,6.814456018518518,365,1,9,0,"{""type"":""Point"",""coordinates"":[91.34078336641706,25.1794779236571]}",0.0260014784459183,BG-0091,2024-06-11,background,2026,"{""type"":""Point"",""coordinates"":[91.34078263705923,25.179477645523985]}"
00000000000000000081,0.2388419627921122,0.1539722816444466,0.0694826937699599,0.1011000354843615,0.0838307345262837,0.1273274902418004,0.2812540274750342,0.3369026866730875,0.33633276727328,0.3593083895169055,0.3719327101186622,0.1694977184934462,0.6009613678140249,-0.5377574116663777,6571.487961292589,1000,2024-06-06,4.822349537037037,367,1,11,0,"{""type"":""Point"",""coordinates"":[93.76757776913811,25.1824566031608]}",0.039310885037245,BG-0130,2024-06-11,background,2026,"{""type"":""Point"",""coordinates"":[93.76757927852736,25.18245496668109]}"
000000000000000000bd,0.2854885250050616,0.1251939916987243,0.0251271917392184,0.0795221907268678,0.0464052136059931,0.1169436272524802,0.3909006782749544,0.4801172909495848,0.4517569346021461,0.5243784622393196,0.5660151115402223,0.2255265290961162,0.8136943411983024,-0.7006387530184974,19760.203320945737,1000,2024-06-08,2.829270833333333,372,1,16,0,"{""type"":""Point"",""coordinates"":[95.47559629575107,28.111452802925154]}",0.0595358473143546,BG-0190,2024-06-11,background,2026,"{""type"":""Point"",""coordinates"":[95.47559743607835,28.111451592438595]}"
00000000000000000008,0.5903487174287742,0.3934731927405453,1.035043298185136,1.0602712105850145,1.0606437341579638,1.0803800010138898,1.0943544307005977,1.101524140727973,1.0774428064483417,1.1077684375950518,0.4649956993363051,0.2920593383801469,0.0078570590906082,-0.0080326908681439,13711.788644799632,1000,2024-06-11,1.822326388888889,367,1,8,0,"{""type"":""Point"",""coordinates"":[93.77448045756886,27.71511898309278]}",0.0025899352265033,BG-0009,2024-06-13,background,2026,"{""type"":""Point"",""coordinates"":[93.77448235517792,27.715117151611246]}"
0000000000000000001e,0.1776820280921584,0.0741646372271624,0.0167541127728375,0.0440669563459984,0.0281188510509296,0.0737262732417138,0.221957189773646,0.2734222968876313,0.2665672392886015,0.3013381063055779,0.5646745001638774,0.2000795898223975,0.8091606494318635,-0.7162774931718431,24328.02765674933,1000,2024-05-25,18.81457175925926,375,1,16,0,"{""type"":""Point"",""coordinates"":[90.86082802452943,25.420724208850626]}",0.0116809449393122,BG-0031,2024-06-13,background,2026,"{""type"":""Point"",""coordinates"":[90.86082758737312,25.420725143411843]}"
00000000000000000002,0.1563711805204009,0.2270836235699099,1.1113505720360433,1.1561782575680866,1.147779472511896,1.2175943555735538,1.209905841854814,1.1645008049002736,1.128355710235901,1.123535845904627,0.6649298601475535,0.7565689927633612,-0.0085336593464304,0.0121786533815166,9348.672302650066,1000,2024-06-11,3.822326388888889,362,1,6,0,"{""type"":""Point"",""coordinates"":[94.78902850655201,27.696640468327303]}",0.0011697660211553,BG-0003,2024-06-15,background,2026,"{""type"":""Point"",""coordinates"":[94.78903049303591,27.696639698705223]}"
00000000000000000006,0.1824336914656396,0.2102293127914049,0.5857132829920942,0.5886860328400569,0.556895063855666,0.5740673373200896,0.6057412021082508,0.6232940147982974,0.5983218376241644,0.6201175096290292,0.4799851247917863,0.5326739685639658,0.0358606022084949,-0.0081177261110652,24369.067668190222,1000,2024-06-04,10.814456018518518,366,1,10,0,"{""type"":""Point"",""coordinates"":[91.56090243081935,22.95163523263763]}",0.0019523338717006,BG-0007,2024-06-15,background,2026,"{""type"":""Point"",""coordinates"":[91.56090069900733,22.951633626608796]}"
0000000000000000000a,0.1700980977436,0.0903447434989375,0.0452896488920368,0.0704521096832945,0.0584923707376302,0.0900080137610036,0.2262988363857127,0.2691939239097438,0.2585599716685215,0.287871845593443,0.4821236883796425,0.206369319131777,0.6310238852441589,-0.5717354244632777,16004.239396524845,1000,2024-06-11,3.822326388888889,372,1,16,0,"{""type"":""Point"",""coordinates"":[95.7947742900557,28.376889711333632]}",0.0029303449645102,BG-0011,2024-06-15,background,2026,"{""type"":""Point"",""coordinates"":[95.79477345011298,28.376890747210265]}"
00000000000000000012,0.281377712520885,0.2216457546453344,0.0679814490405549,0.1057557541390309,0.1115131993316794,0.1582539972659612,0.3003133765378969,0.3531134626094881,0.35332998835502,0.3758373803858031,0.2290257203243517,0.1133628530658126,0.5202115367695204,-0.5392766781887095,1672.281116885189,1000,2024-06-06,8.822349537037036,364,1,8,0,"{""type"":""Point"",""coordinates"":[94.7648824743476,28.810648766307573]}",0.0070649840708738,BG-0019,2024-06-15,background,2026,"{""type"":""Point"",""coordinates"":[94.76488246913063,28.81064975105835]}"
0000000000000000001c,0.2008720851279452,0.0998607803394983,0.0292540359766911,0.0608430301494806,0.0470100836078034,0.0914377045857613,0.2606021535343298,0.3187533468457055,0.3076574208259438,0.3480881580947556,0.5099076308547144,0.2099884754920816,0.7349061697498424,-0.669780430453051,21404.01717882386,1000,2024-06-11,3.822326388888889,374,1,18,0,"{""type"":""Point"",""coordinates"":[92.92011669572862,27.499842502434518]}",0.0103939952366349,BG-0029,2024-06-15,background,2026,"{""type"":""Point"",""coordinates"":[92.92011849429544,27.499840889977897]}"
0000000000000000002a,0.2414697846091617,0.1188296288805743,0.0253705531398523,0.057815117807665,0.0420286934978258,0.0956899484275457,0.2801547123066032,0.3408777075538477,0.3372118768328446,0.3752759631914248,0.4788648515898547,0.1654486371403319,0.7783533894531387,-0.7072852306699742,1304.1886653355032,1000,2024-05-25,20.81457175925926,370,1,14,0,"{""type"":""Point"",""coordinates"":[90.33716903321694,25.543737429612037]}",0.0147836291660981,BG-0043,2024-06-15,background,2026,"{""type"":""Point"",""coordinates"":[90.3371677635273,25.543736358091273]}"
00000000000000000054,0.3281379413403576,0.2884203839724431,0.8658798287827367,0.8627776201813484,0.8317794032723774,0.8275992502912721,0.8366875842155918,0.8519695506813232,0.8186788815156275,0.8531580973608227,0.4789620172942821,0.4277413187518884,-0.0079375055264923,0.0262265117302857,21564.215720129585,1000,2024-06-04,10.814456018518518,363,1,7,0,"{""type"":""Point"",""coordinates"":[91.11447061065151,25.396747622486256]}",0.0245721662010397,BG-0085,2024-06-15,background,2026,"{""type"":""Point"",""coordinates"":[91.1144708586746,25.39674653144858]}"
00000000000000000056,0.2033193971631204,0.125148865248227,0.0413370162107396,0.0677724113475177,0.0586727710233029,0.0971137689969604,0.2398514944275582,0.2855139209726443,0.2813302532928064,0.3074114387031407,0.3842297941531606,0.1609634012039385,0.654869122759606,-0.6117336347613231,15916.93579156051,1000,2024-06-11,3.822326388888889,374,1,18,0,"{""type"":""Point"",""coordinates"":[93.5699682468536,27.973679957676843]}",0.0250620709243669,BG-0087,2024-06-15,background,2026,"{""type"":""Point"",""coordinates"":[93.56996935505829,27.97367923070843]}"
00000000000000000066,0.2247450248503905,0.1004653970990972,0.0370451161375392,0.0671277462217263,0.0423049193630185,0.0936394309767725,0.2914908814281367,0.3731074703316764,0.3624238462318694,0.4074938786895221,0.5659203641193092,0.234479087979769,0.7909468119922884,-0.6874519969147682,13371.60153981952,1000,2024-06-11,3.822326388888889,367,1,11,0,"{""type"":""Point"",""coordinates"":[92.6612837159803,23.86302197874933]}",0.0312771596735522,BG-0103,2024-06-15,background,2026,"{""type"":""Point"",""coordinates"":[92.66128249227877,23.86302238462396]}"
0000000000000000006e,0.1057862447513532,0.1238456063135529,0.9498186927707796,0.941287661253604,0.8942906207315217,0.9079840390549908,0.9021268882480908,0.8890856832093893,0.909704846461274,0.8661835432792023,0.7603491808628051,0.7916550018670655,0.0085444924946171,0.0170626378338615,10671.110348513104,1000,2024-06-13,1.8292939814814813,364,1,8,0,"{""type"":""Point"",""coordinates"":[96.37363249330876,28.12338089824312]}",0.0334939971103632,BG-0111,2024-06-15,background,2026,"{""type"":""Point"",""coordinates"":[96.37363460155201,28.123379063564126]}"
0000000000000000006f,0.3368056831432194,0.2271594879594423,0.2066379974651458,0.2380433257287706,0.2198804562737642,0.2514991634980988,0.388980299112801,0.4378596197718631,0.4323390468948037,0.4617446539923955,0.3111145030530015,0.1242072655777821,0.3257470676495992,-0.2898282071553392,15871.338343154888,1000,2024-06-11,3.822326388888889,365,1,9,0,"{""type"":""Point"",""coordinates"":[94.11096868216293,25.06086583563544]}",0.033865659939946,BG-0112,2024-06-15,background,2026,"{""type"":""Point"",""coordinates"":[94.11096668485267,25.06086525263482]}"
00000000000000000075,0.2325880598523912,0.1155761854210899,0.0320354969163886,0.0624766403801435,0.0475900313416236,0.097084991406329,0.2524259933272673,0.3069223789303406,0.3018483419270043,0.3402766201597413,0.4462415222442841,0.1295949936119852,0.7276198896161914,-0.6570279645139899,21244.77367582104,1000,2024-05-25,20.81457175925926,370,1,14,0,"{""type"":""Point"",""coordinates"":[90.3899960033971,25.796960860235124]}",0.0357439255452414,BG-0118,2024-06-15,background,2026,"{""type"":""Point"",""coordinates"":[90.38999784161417,25.796960443065075]}"
00000000000000000076,0.2185562234794909,0.1009157405536472,0.0241040311173974,0.0532610729440291,0.0373580975954738,0.0873475550616286,0.2514270054556477,0.3103737623762378,0.3066159931299251,0.3448525459688826,0.5047465892214265,0.1676778909192116,0.7827853980705919,-0.7040040726958465,23291.08358160879,1000,2024-05-25,20.81457175925926,370,1,14,0,"{""type"":""Point"",""coordinates"":[90.65125919321956,25.573943380148087]}",0.0357730762865952,BG-0119,2024-06-15,background,2026,"{""type"":""Point"",""coordinates"":[90.65125803669173,25.573941286976623]}"
0000000000000000007f,0.3087177099159322,0.2375321330902461,0.5052852375164588,0.5135961055403625,0.4985101995340825,0.5063420794084876,0.5581864326952292,0.5787581282285019,0.557571969006381,0.5870534386711229,0.4025131238440538,0.2872644857087872,0.0559253543253396,-0.0410541207406937,14367.727857908783,1000,2024-06-11,3.822326388888889,375,1,19,0,"{""type"":""Point"",""coordinates"":[94.82160223974745,25.559923966436052]}",0.03829966764348,BG-0128,2024-06-15,background,2026,"{""type"":""Point"",""coordinates"":[94.82160113686628,25.559924734930526]}"
00000000000000000085,0.585033833139152,0.419817739729497,0.8507121726356318,0.8635720834810797,0.8486138544146701,0.8440406159769012,0.867539050706651,0.883049171774479,0.8461332404640093,0.8930609948837445,0.3367551409212923,0.1824381039367426,-0.0014637074511925,0.0101999115127224,19059.49734636436,1000,2024-06-11,3.822326388888889,370,1,14,0,"{""type"":""Point"",""coordinates"":[94.06601202534209,27.550854618485943]}",0.040507771199057,BG-0134,2024-06-15,background,2026,"{""type"":""Point"",""coordinates"":[94.06601326646867,27.550855322702326]}"
0000000000000000009a,0.2285545321119488,0.1538411407459891,0.1736195303406042,0.1922326686573206,0.1729886836378358,0.2038170707019585,0.3531387519611316,0.4100066703780555,0.3853283465762437,0.4337262563894932,0.4293403304032059,0.2553806595800572,0.3803209492946847,-0.3343294869734856,20089.62069720549,1000,2024-06-11,3.822326388888889,372,1,16,0,"{""type"":""Point"",""coordinates"":[95.63153105959007,28.106356050421066]}",0.0480580566850423,BG-0155,2024-06-15,background,2026,"{""type"":""Point"",""coordinates"":[95.63153147854021,28.106354015914707]}"
0000000000000000009d,0.5472287893376576,0.4365404550752547,0.7924190087670402,0.8016710383621347,0.786521127046065,0.8011373029949831,0.8061393097856385,0.8101774438757412,0.8114226270714037,0.8086205848071762,0.3003952419420156,0.1944529954798964,0.0155834646627418,-0.0060452712190448,23529.17775847544,1000,2024-06-12,2.807534722222222,367,1,11,0,"{""type"":""Point"",""coordinates"":[88.30158048411678,27.577493288179223]}",0.048354908437792,BG-0158,2024-06-15,background,2026,"{""type"":""Point"",""coordinates"":[88.30158207551936,27.57749433392584]}"
0000000000000000009e,0.2083655716096324,0.195725166032953,0.394536856780735,0.3893817896070975,0.37519391634981,0.3897499619771862,0.4288775361216728,0.4419501191381496,0.4410409226869455,0.4447870114068439,0.3852525456359568,0.3582892273495687,0.0806716439779046,-0.0622082372207036,6988.044467603173,1000,2024-06-11,3.822326388888889,391,1,35,0,"{""type"":""Point"",""coordinates"":[93.00359552655019,27.26108885472987]}",0.0483901811537549,BG-0159,2024-06-15,background,2026,"{""type"":""Point"",""coordinates"":[93.00359706736897,27.261089588459622]}"
000000000000000000a2,0.2142162560827251,0.2727616382806165,0.9059113240064888,0.9392179491078674,0.9402534975669096,0.999534909772912,0.999153163017032,0.967222318532036,1.013955930656934,0.945520047648013,0.5760349514682741,0.6511625024641052,0.0377147055098447,-0.0382648889191915,20479.118647970216,1000,2024-06-14,0.8144560185185186,365,1,9,0,"{""type"":""Point"",""coordinates"":[91.57761068246661,26.324735601819928]}",0.0492974045668476,BG-0163,2024-06-15,background,2026,"{""type"":""Point"",""coordinates"":[91.57760907987692,26.324735452539954]}"
000000000000000000a4,0.2067051077859497,0.0956993761095612,0.0340554501648491,0.0642061171696677,0.0454688917068222,0.0938542733958914,0.2648229013441541,0.332382962211514,0.3278115901597768,0.3668091250317016,0.548066596940492,0.2265719346828036,0.7563821634634963,-0.6724325663396113,4201.432902304405,1000,2024-06-11,3.822326388888889,378,1,22,0,"{""type"":""Point"",""coordinates"":[92.64076293293235,23.455758902234955]}",0.049632249567151,BG-0165,2024-06-15,background,2026,"{""type"":""Point"",""coordinates"":[92.64076210345527,23.455757978671137]}"
000000000000000000a5,0.2777506806335712,0.3085769799099236,0.911601234755326,0.948927807297201,0.9502917767319464,0.9964398259197412,1.005687667628156,0.996236339254086,1.0067671676534589,0.987766762815647,0.5308041922236869,0.5675409555360155,0.0288572764164995,-0.0295748371280225,16059.54171468713,1000,2024-06-11,3.822326388888889,371,1,15,0,"{""type"":""Point"",""coordinates"":[95.06358873571584,28.801101830952145]}",0.0496885978620686,BG-0166,2024-06-15,background,2026,"{""type"":""Point"",""coordinates"":[95.06358797859748,28.801103552402846]}"
000000000000000000a6,0.3283107778059285,0.2691325665062072,1.2194727185203948,1.2176286901444129,1.1581150798074478,1.1550469217126924,1.1337180086141374,1.1180830605523178,1.1818560222954142,1.0859565340765138,0.6290355850027944,0.565199317341771,0.0101458272141186,0.0149084791678562,23791.713598146584,1000,2024-06-04,10.814456018518518,366,1,10,0,"{""type"":""Point"",""coordinates"":[91.84981204717316,24.317694217663938]}",0.0504687094209523,BG-0167,2024-06-15,background,2026,"{""type"":""Point"",""coordinates"":[91.84981057632213,24.31769307868538]}"
000000000000000000a7,0.181364650503619,0.1293633294528521,0.1064475780735941,0.1326214658095864,0.1293556207926305,0.1604780634711747,0.2962731487574024,0.3472729412360176,0.3178683960115401,0.3660385686085945,0.4214930556703012,0.2734269024472044,0.4215175575006185,-0.4112122067588472,21226.95637874457,1000,2024-06-11,3.822326388888889,375,1,19,0,"{""type"":""Point"",""coordinates"":[95.39828886078749,26.858993876336438]}",0.0506418559744351,BG-0168,2024-06-15,background,2026,"{""type"":""Point"",""coordinates"":[95.39828898495308,26.85899274189254]}"
000000000000000000be,0.3056670011148271,0.2281151515151516,0.1880584422823553,0.2014976537954798,0.1959404428904428,0.2205882740447958,0.3294883804601195,0.3683194689368602,0.3625140569575354,0.3865421860747949,0.2275520809238795,0.0850773232134214,0.2982760710361131,-0.2854841488079771,18106.243966234524,1000,2024-06-11,3.822326388888889,374,1,18,0,"{""type"":""Point"",""coordinates"":[93.56301650831129,28.011898912805925]}",0.0598255579225416,BG-0191,2024-06-15,background,2026,"{""type"":""Point"",""coordinates"":[93.56301653505282,28.011899116267596]}"
000000000000000000c0,0.2225992903847128,0.0945964620609255,0.0282118708500177,0.0767487252268234,0.0511353743220639,0.1070993461401996,0.323325708348117,0.421052394951594,0.3805966343960668,0.4674223934309898,0.6018609581400471,0.2619337059824719,0.7631152043885205,-0.6643730012255614,15928.418250379273,1000,2024-06-04,10.814456018518518,376,1,20,0,"{""type"":""Point"",""coordinates"":[91.55024517930161,23.45476452270004]}",0.0600588369769619,BG-0193,2024-06-15,background,2026,"{""type"":""Point"",""coordinates"":[91.55024495582944,23.454763625703535]}"
000000000000000000d3,0.1885985808413583,0.0977051140395336,0.0387859756715661,0.074577227572225,0.0583121439432336,0.0998674201723264,0.2261406842372022,0.2721771464774455,0.2644944348707552,0.2986878915357323,0.4604901395736762,0.167506122137225,0.6387177475906716,-0.5601093465912016,6691.909610460703,1000,2024-06-11,3.822326388888889,367,1,11,0,"{""type"":""Point"",""coordinates"":[93.83186462902565,24.464242573785434]}",0.069007362040279,BG-0212,2024-06-15,background,2026,"{""type"":""Point"",""coordinates"":[93.83186387520593,24.464243093388014]}"
000000000000000000dc,0.1871860032444489,0.0834172969684679,0.0189717175301632,0.0540417925580452,0.0357642755753827,0.0821126939065192,0.2567267971205515,0.3245521950724931,0.3163341326168508,0.3568753117712663,0.582654165589848,0.2564904959589881,0.7968506829723768,-0.7081786969143523,21859.2027138467,1000,2024-06-11,3.822326388888889,367,1,11,0,"{""type"":""Point"",""coordinates"":[92.85648532369595,24.023072492860656]}",0.0737625120291738,BG-0221,2024-06-15,background,2026,"{""type"":""Point"",""coordinates"":[92.85648465714446,24.023074103719424]}"
000000000000000000e3,0.3121490632911392,0.2344760810126581,0.613004394936709,0.6160535746835445,0.599161802531646,0.6118060759493672,0.6167606886075948,0.6158767240506332,0.6219855696202531,0.6111899746835442,0.4524539870772167,0.331682923866611,0.0186904280425934,-0.0047914437633104,13342.567069497876,1000,2024-06-12,2.807534722222222,367,1,11,0,"{""type"":""Point"",""coordinates"":[88.7773531892163,27.52593270269823]}",0.0756029549379991,BG-0228,2024-06-15,background,2026,"{""type"":""Point"",""coordinates"":[88.777353158556,27.52593329710312]}"
000000000000000000e7,0.2346972067604493,0.200644135208987,0.4056882299362413,0.412053086732112,0.3992986944641229,0.4141221333873092,0.4547499139763182,0.4755115575346627,0.4663357706709849,0.4815600394696894,0.3983502847982517,0.3304246324605911,0.0774427069472087,-0.0617980106206678,24963.4957459424,1000,2024-06-13,1.8292939814814813,364,1,8,0,"{""type"":""Point"",""coordinates"":[96.81455286457454,28.024099013288147]}",0.0763422596216718,BG-0232,2024-06-15,background,2026,"{""type"":""Point"",""coordinates"":[96.81455259364459,28.024098273751243]}"
000000000000000000e9,0.2344132194973654,0.1351677999594649,0.1104815768139441,0.1360235914065667,0.1215220966761249,0.1515742197000406,0.3023062474665586,0.3613957336846373,0.354663852857722,0.3900098094852047,0.4481050818906071,0.2041339563252789,0.4896023421308981,-0.4455794905838137,18958.810546060573,1000,2024-06-14,0.8144560185185186,375,1,19,0,"{""type"":""Point"",""coordinates"":[92.79775004461996,26.994586221169623]}",0.0773140150976831,BG-0234,2024-06-15,background,2026,"{""type"":""Point"",""coordinates"":[92.79775097392893,26.99458409347198]}"
000000000000000000f7,0.2879302119245591,0.2081932163861286,0.130302930440073,0.1606242040154127,0.160106596025147,0.1964825846684243,0.3290608142364633,0.3776049178665586,0.3808536605151088,0.3993518657473131,0.2931183423589041,0.1389439136018228,0.4080652170304765,-0.4067192233068327,2610.1569309565216,1000,2024-06-06,8.822349537037036,366,1,10,0,"{""type"":""Point"",""coordinates"":[93.78506636346972,25.545472019921835]}",0.0819013933053567,BG-0248,2024-06-15,background,2026,"{""type"":""Point"",""coordinates"":[93.78506857836824,25.545471749417363]}"
000000000000000000fa,0.33780194897236,0.2706326566771288,0.6572120937531638,0.6618871772805506,0.6378560240963855,0.6377666801660421,0.681496441227093,0.700513921231143,0.6761590563936415,0.7072050268300087,0.4283163805915151,0.333698343063151,0.0291496139321109,-0.0106662077541978,18304.91381709944,1000,2024-06-11,3.822326388888889,395,1,39,0,"{""type"":""Point"",""coordinates"":[95.07577099979385,25.599824002662285]}",0.0824415372161012,BG-0251,2024-06-15,background,2026,"{""type"":""Point"",""coordinates"":[95.0757709169432,25.59982511042306]}"
000000000000000000fb,0.3759276089159068,0.3131367983789262,0.6316414589665652,0.6535695896656537,0.6381256940222899,0.6557448632218847,0.6459571884498481,0.623272299898683,0.6309315805471123,0.6046167071935157,0.3366226316463494,0.2532667668924042,-0.0056688642974121,0.0176239692446458,17257.636387903283,1000,2024-06-12,2.807534722222222,379,1,23,0,"{""type"":""Point"",""coordinates"":[88.66857341901749,27.976400009319445]}",0.0824582636652664,BG-0252,2024-06-15,background,2026,"{""type"":""Point"",""coordinates"":[88.66857550707908,27.976402078448263]}"
0000000000000000010c,0.151457173263062,0.1074953935032686,0.0921912532306288,0.1160857193533674,0.1152097248264329,0.1545476562104089,0.2599240409466377,0.2946370749505905,0.2892971925201439,0.3141590837683068,0.4581784171898519,0.3127365942527756,0.4303695690438708,-0.4272786742940519,1841.9623035764785,1000,2024-06-11,3.822326388888889,366,1,10,0,"{""type"":""Point"",""coordinates"":[94.669885785505,25.596586695297482]}",0.0892769053228886,BG-0269,2024-06-15,background,2026,"{""type"":""Point"",""coordinates"":[94.66988736472486,25.596584791881977]}"
0000000000000000011d,0.373286888404401,0.267517208335446,0.2295171880545555,0.271608386148152,0.269421766465548,0.3001836688130609,0.4101929270394973,0.4488740708817116,0.4227540789940679,0.4679585914921664,0.2248925509551387,0.0621415135848222,0.2215221948791131,-0.2176754943327159,16814.53562923489,1000,2024-06-11,3.822326388888889,376,1,20,0,"{""type"":""Point"",""coordinates"":[94.08408030281065,24.75278208475181]}",0.0947650965721511,BG-0286,2024-06-15,background,2026,"{""type"":""Point"",""coordinates"":[94.08407848279984,24.75278005728197]}"
0000000000000000011e,0.2125636534266726,0.1126090650839547,0.0445939532288337,0.074893248110384,0.0588715669862527,0.1076519910718814,0.2866983107593975,0.3485554913001573,0.3487001166742755,0.3785025313245068,0.511784852602511,0.2425534490193755,0.7111106127024879,-0.6463908345285003,24130.4006385273,1000,2024-06-11,3.822326388888889,376,1,20,0,"{""type"":""Point"",""coordinates"":[93.08379691809746,23.62091062795143]}",0.0948120386664803,BG-0287,2024-06-15,background,2026,"{""type"":""Point"",""coordinates"":[93.08379546527598,23.620909274192943]}"
00000000000000000124,0.4919637073071856,0.3916584169453736,0.8434270244248507,0.8454780987128814,0.8156768572007703,0.8220098763555285,0.8468568257829128,0.853175863991081,0.8305703253268467,0.84987720685112,0.3591078275294859,0.2560286613912486,0.0090469209509651,0.0088945958674051,22414.690729474867,1000,2024-06-14,0.8144560185185186,364,1,8,0,"{""type"":""Point"",""coordinates"":[92.47670368697396,26.86377849176678]}",0.0960748911291806,BG-0293,2024-06-15,background,2026,"{""type"":""Point"",""coordinates"":[92.47670371595572,26.86377796701124]}"
00000000000000000125,0.4872726226099303,0.4518180757721763,0.5276053709996451,0.5351096921438354,0.5302860729319875,0.5457948673733329,0.5898346046558804,0.6021918801034645,0.5784359892478574,0.6096301009281331,0.1228996980208168,0.0855424884659675,0.0434283017884599,-0.0389084146506441,8045.112848371829,1000,2024-06-11,3.822326388888889,375,1,19,0,"{""type"":""Point"",""coordinates"":[92.44215011291081,25.08145796430025]}",0.0964808582881793,BG-0294,2024-06-15,background,2026,"{""type"":""Point"",""coordinates"":[92.44215154685894,25.081456655143285]}"
00000000000000000129,0.1854403059932113,0.2011187598155934,0.5917225138051571,0.6002311515274329,0.5710567252647045,0.5871091190029888,0.6140581944374082,0.6209217234915649,0.6276511474745424,0.6179202644510866,0.5146571851934153,0.54386359565747,0.0472128560234698,-0.0223311273152129,13611.465493794083,1000,2024-06-09,5.814479166666667,366,1,10,0,"{""type"":""Point"",""coordinates"":[92.67068350100098,27.36344306031066]}",0.0977912193104278,BG-0298,2024-06-15,background,2026,"{""type"":""Point"",""coordinates"":[92.67068463055124,27.363442540185165]}"
0000000000000000012c,0.2473937097673475,0.1764241928126108,0.0565642911450149,0.0913583810634091,0.0807206345988139,0.1254944295199959,0.2789694916113335,0.3314541183030058,0.3248089766333822,0.3554673931775559,0.29603943407173,0.1352934348368623,0.6019001702314888,-0.5609536434139533,10119.221792413424,1000,2024-06-11,3.822326388888889,377,1,21,0,"{""type"":""Point"",""coordinates"":[92.99699605699108,25.292591940079863]}",0.0988463641653449,BG-0301,2024-06-15,background,2026,"{""type"":""Point"",""coordinates"":[92.99699522920785,25.292591410959346]}"
00000000000000000130,0.6093788365960036,0.4321335683132163,0.6809369307231968,0.7010065878892383,0.6802728065726744,0.646980500050715,0.7166041941373362,0.7718577391216146,0.6989606400243432,0.793858291916016,0.2359017221945636,0.0684698467249066,0.0135494346499334,0.0014614255420423,12360.488081807822,1000,2024-06-04,10.814456018518518,366,1,10,0,"{""type"":""Point"",""coordinates"":[91.64472461242202,23.320608008406065]}",0.1001061120657985,BG-0305,2024-06-15,background,2026,"{""type"":""Point"",""coordinates"":[91.64472341691594,23.32060927565832]}"
00000000000000000134,0.1719025635829364,0.0741266491032525,0.0333438139629141,0.0632333671091295,0.040761880636336,0.086844077414125,0.2728814672205898,0.339524582024521,0.3273560593778499,0.3683117843753165,0.6307355333748244,0.3113686747622252,0.7785390158666802,-0.6762156739476536,20371.74614181856,1000,2024-06-11,3.822326388888889,376,1,20,0,"{""type"":""Point"",""coordinates"":[94.05257675386807,25.91968423942807]}",0.1009979585032496,BG-0309,2024-06-15,background,2026,"{""type"":""Point"",""coordinates"":[94.05257542108468,25.919684869912512]}"
00000000000000000137,0.2004413144590494,0.0848039989888776,0.0220507482305358,0.0523557431749241,0.0294853387259858,0.0811850101112234,0.272427628918099,0.3352952275025277,0.3288609555106166,0.3680326440849341,0.589987026619238,0.2426206127151633,0.835436619827201,-0.7253229286363896,19485.6559326989,1000,2024-05-25,20.81457175925926,370,1,14,0,"{""type"":""Point"",""coordinates"":[90.51610384028963,25.3907947225799]}",0.1016725716725922,BG-0312,2024-06-15,background,2026,"{""type"":""Point"",""coordinates"":[90.51610584734068,25.390796132745372]}"
0000000000000000013c,0.3655217547772315,0.2665339297480865,0.2219233108621824,0.2563665568452531,0.2574565005828982,0.2797149526078361,0.4048374980992446,0.4544841147549294,0.4370839880379136,0.4790989507831112,0.2423901580370193,0.0891623738071909,0.2586278127740425,-0.2606060843504103,19729.207527494826,1000,2024-06-11,3.822326388888889,376,1,20,0,"{""type"":""Point"",""coordinates"":[91.9237929927509,23.510730700021835]}",0.1044758486700033,BG-0317,2024-06-15,background,2026,"{""type"":""Point"",""coordinates"":[91.92379223275705,23.51073110107051]}"
0000000000000000014a,0.265232973657548,0.215638014184397,0.1735004154002025,0.1965364184397162,0.1944634346504558,0.2146160739614993,0.2965392654508612,0.3323068946301923,0.3223624062816614,0.3456085309017224,0.1983723209822241,0.0972258029496825,0.247470156291981,-0.242486553924086,5670.127819223646,1000,2024-06-06,8.822349537037036,364,1,8,0,"{""type"":""Point"",""coordinates"":[94.1674164423985,28.282495001133228]}",0.1073725554517972,BG-0331,2024-06-15,background,2026,"{""type"":""Point"",""coordinates"":[94.16741659344048,28.282497067782614]}"
0000000000000000014b,0.1971122230671737,0.1895648415716097,0.4192780633713562,0.4142044055766794,0.3968861191381497,0.4174418149556402,0.4692901140684413,0.4867923852978456,0.4800311787072244,0.4918765728770596,0.4337934042897363,0.4178124676378519,0.0948151664625226,-0.0736123391726337,7464.226631994967,1000,2024-06-11,3.822326388888889,364,1,8,0,"{""type"":""Point"",""coordinates"":[93.26472494334102,27.21957462392228]}",0.1074678395331572,BG-0332,2024-06-15,background,2026,"{""type"":""Point"",""coordinates"":[93.26472701468063,27.21957584430012]}"
0000000000000000014f,0.2219001571290992,0.160365766131076,0.1489686755537534,0.1741992244918647,0.1704638045516752,0.1924576613107608,0.2808593745248113,0.3133197374423436,0.2945012114146688,0.3289907952759895,0.2948893894371638,0.1405903599564459,0.2667671816237716,-0.2566713783615817,18762.35934802772,1000,2024-06-11,3.822326388888889,367,1,11,0,"{""type"":""Point"",""coordinates"":[93.50044640232933,25.20914878206673]}",0.1082736433029564,BG-0336,2024-06-15,background,2026,"{""type"":""Point"",""coordinates"":[93.5004460012246,25.2091486074577]}"
00000000000000000151,0.1816248519512073,0.1496105886521233,0.3063662904287087,0.3202437161512377,0.3051590271802399,0.3301883130029865,0.4139976767727897,0.4468672065597004,0.4520565774155996,0.4517574226856309,0.5026798964951883,0.4267629015649324,0.1939969928561701,-0.170675658629611,14337.39120006005,1000,2024-06-13,1.8292939814814813,371,1,15,0,"{""type"":""Point"",""coordinates"":[96.66533796602309,27.97368887587895]}",0.1088001365511954,BG-0338,2024-06-15,background,2026,"{""type"":""Point"",""coordinates"":[96.66533887902887,27.973688572353154]}"
0000000000000000004f,0.18679070073362,0.0795539084239817,0.0260046445737414,0.0527115051859347,0.0327822716923855,0.0772960890462939,0.2347531191500126,0.2863748494814064,0.2746286516569691,0.3171332759929167,0.5507745587145841,0.1903646877146901,0.7867201898019065,-0.6779404904407627,15006.648442591448,1000,2024-06-08,7.829270833333333,368,1,14,0,"{""type"":""Point"",""coordinates"":[95.5900926335004,27.253428119120045]}",0.0240960384800298,BG-0080,2024-06-16,background,2026,"{""type"":""Point"",""coordinates"":[95.59009069393245,27.25342780040184]}"
000000000000000000db,0.2101960847791997,0.1970961960645456,0.662558308462745,0.6527392230259497,0.6210286863270775,0.6231888815822753,0.6419675451464413,0.6546828165309322,0.6500816379179521,0.6456163538873995,0.5346993555343246,0.5113297038072991,0.0228563571837326,0.0020398699373543,24950.96586174379,1000,2024-06-13,2.8292939814814817,369,1,15,0,"{""type"":""Point"",""coordinates"":[95.99736908731795,27.162181534263382]}",0.0736657375448989,BG-0220,2024-06-16,background,2026,"{""type"":""Point"",""coordinates"":[95.99736946073051,27.162180201966617]}"
0000000000000000012f,0.3737334211326107,0.3052663661229864,0.3511198308175462,0.3583433644007698,0.340486835173741,0.3600081754634787,0.4621846925336842,0.4965851585452333,0.5019568382129469,0.5066495339884508,0.2436630550676116,0.1464255376965861,0.1916686042522986,-0.166934139240998,6340.224637850757,1000,2024-06-11,4.8223263888888885,364,1,10,0,"{""type"":""Point"",""coordinates"":[94.55249103207093,26.379457689947817]}",0.0998807080041285,BG-0304,2024-06-16,background,2026,"{""type"":""Point"",""coordinates"":[94.55249076396679,26.379457011096854]}"
0000000000000000005b,0.3892922776990073,0.2874597427587603,0.403914578691513,0.4195211515090135,0.4039506279116871,0.4133975997569373,0.4922104111808789,0.5345705387887376,0.519097695969212,0.5438667257443791,0.2871933753109631,0.1428961371579545,0.1247465220167414,-0.1060883709374996,1022.1218237002998,1000,2024-06-12,4.807534722222222,365,1,11,0,"{""type"":""Point"",""coordinates"":[88.64656775531873,27.576485531341145]}",0.0262284850600411,BG-0092,2024-06-17,background,2026,"{""type"":""Point"",""coordinates"":[88.64656728265403,27.576485278840803]}"
0000000000000000006b,0.2701233753735501,0.2096624829053335,0.1214780833713214,0.1537700552094413,0.1659070860558173,0.1949635617687281,0.2964570632629286,0.3478181735298588,0.2973482246872309,0.3685022944841209,0.1729465284831063,0.0479757036488958,0.2837336897888678,-0.31827167258812,2174.1523770489657,1000,2024-06-12,4.807534722222222,375,1,21,0,"{""type"":""Point"",""coordinates"":[88.30407758070672,27.112993190542824]}",0.0321080165903051,BG-0108,2024-06-17,background,2026,"{""type"":""Point"",""coordinates"":[88.30407894462947,27.112991087359493]}"
000000000000000000ad,0.3996273067963131,0.2767075103818495,0.5413257723083155,0.5549050947027246,0.5429730477058644,0.5528550693811405,0.5707608021877848,0.5788916894560924,0.5804581180998687,0.5789780563152033,0.3543662947102149,0.1845051530306254,0.0333665929297232,-0.0225064746761237,20263.333776760894,1000,2024-06-12,4.807534722222222,365,1,11,0,"{""type"":""Point"",""coordinates"":[88.80037998705629,27.770688300420822]}",0.0528627207786694,BG-0174,2024-06-17,background,2026,"{""type"":""Point"",""coordinates"":[88.80037973152577,27.770686268886383]}"
0000000000000000000e,0.1865001672664605,0.2070148968523493,1.0139694105124433,1.0147937249733894,0.9785439910791218,0.9957485224795986,1.0000332201327995,0.9877436261341176,0.9903178670991944,0.96867784986568,0.6542065780123809,0.6830433222125281,0.0059800417033658,0.0122067310223345,12708.67626575328,1000,2024-06-16,1.822349537037037,371,1,19,0,"{""type"":""Point"",""coordinates"":[94.09999929357146,25.275014163727178]}",0.0054942012510842,BG-0015,2024-06-18,background,2026,"{""type"":""Point"",""coordinates"":[94.09999952953291,25.275015292101006]}"
0000000000000000004e,0.1732395540917152,0.1816944869521156,0.8793217025589057,0.8745863744616164,0.8391983683810492,0.8443409120851281,0.8495852748923235,0.8486730225487714,0.8410589460349631,0.837098408918166,0.6446954249345235,0.6584051853175787,0.0011073170983698,0.0195421676182749,11758.134323754672,1000,2024-06-16,2.822349537037037,362,1,10,0,"{""type"":""Point"",""coordinates"":[94.40085484164744,25.531515033624547]}",0.0238073160946814,BG-0079,2024-06-19,background,2026,"{""type"":""Point"",""coordinates"":[94.40085660257239,25.531515187843468]}"
00000000000000000016,0.2042469253368452,0.0899805794752304,0.0626129723432276,0.0898139347583831,0.0540694762435416,0.1118343430250227,0.3356351686759194,0.406357689190558,0.392002917637524,0.4344680022287508,0.6266238159013957,0.3148948289261851,0.7575753308869502,-0.6271864119664152,17389.179721114357,1000,2024-06-21,3.8214004629629623,370,1,8,0,"{""type"":""Point"",""coordinates"":[94.66064206902121,28.679243517363574]}",0.0083471014275348,BG-0023,2024-06-25,background,2026,"{""type"":""Point"",""coordinates"":[94.66064216578148,28.679241729912757]}"
0000000000000000007c,0.1508105848455744,0.0662477986149724,0.0188636253348834,0.043874806652176,0.0265471869787191,0.05898572006268,0.2079523580852246,0.2651434918869736,0.2524374816761865,0.2894048273770407,0.5842431219010382,0.2520207913386931,0.8096871264882513,-0.7038610386380224,10383.34223632462,1000,2024-06-24,0.8144560185185186,374,1,12,0,"{""type"":""Point"",""coordinates"":[90.52316259725721,25.548410567516058]}",0.0371359802284483,BG-0125,2024-06-25,background,2026,"{""type"":""Point"",""coordinates"":[90.52316301246769,25.54841109614906]}"
0000000000000000010f,0.5099539767830892,0.3620700866832261,0.7733406954934862,0.7764342272012977,0.7427503573782123,0.7349151923759312,0.767890393876413,0.7891385461550159,0.77694736148426,0.7855675825011406,0.3642413691454079,0.2074699720653363,0.0225025040714313,-0.0003303336969485363,8561.847395486473,1000,2024-06-26,1.822349537037037,365,1,9,0,"{""type"":""Point"",""coordinates"":[94.27125998773114,24.597774813931924]}",0.089897128450297,BG-0272,2024-06-28,background,2026,"{""type"":""Point"",""coordinates"":[94.2712590918474,24.597773303413728]}"
00000000000000000140,0.215475125462564,0.1444280478531961,0.0774752015004815,0.0991892685152329,0.0899212449941704,0.1083378922289247,0.2071600294013281,0.2611140112536118,0.2586327723424749,0.2766787752826075,0.2833436512976791,0.091029166735497,0.484032657656495,-0.4455944173954521,8416.845515415442,1000,2024-06-26,1.822349537037037,365,1,9,0,"{""type"":""Point"",""coordinates"":[93.77567103755013,25.86446273198219]}",0.1051358888560645,BG-0321,2024-06-28,background,2026,"{""type"":""Point"",""coordinates"":[93.77567095464032,25.864463884933375]}"
00000000000000000038,0.1850230258825913,0.1820387276503064,0.7689733019297974,0.7845291495720006,0.7750461986526868,0.7934223674213646,0.8005008458694219,0.8015259028516437,0.811429129311655,0.7957712708301675,0.6335287017599474,0.6286364078433383,0.0229331840323368,-0.0168550645061163,19480.78474319795,1000,2024-06-26,2.822349537037037,362,1,8,0,"{""type"":""Point"",""coordinates"":[94.16974855224946,28.5675296586716]}",0.0179612449312829,BG-0057,2024-06-29,background,2026,"{""type"":""Point"",""coordinates"":[94.1697463675897,28.567530384574827]}"
00000000000000000061,0.4182419974651457,0.2847292116603295,0.6976010240811151,0.7171190316856781,0.7131634980988596,0.7316656375158429,0.75013065652725,0.7645175969581747,0.736989505703422,0.7664432648922687,0.4426465781208538,0.2759165650902143,0.0164299956915518,-0.0136650556040486,22826.52587781835,1000,2024-06-26,2.822349537037037,370,1,16,0,"{""type"":""Point"",""coordinates"":[92.60340012520552,25.22053732615723]}",0.0284422632192704,BG-0098,2024-06-29,background,2026,"{""type"":""Point"",""coordinates"":[92.60339965764204,25.220539355213962]}"
0000000000000000007b,0.2011452399047474,0.0816232254141966,0.0257653392106196,0.0593747074023407,0.0293632973602877,0.0820974920200638,0.3018550691594467,0.3763818260120585,0.3607111617773723,0.4073016263869889,0.6309433416089046,0.2839976929957667,0.849447731465416,-0.7173210919078059,23985.989270512426,1000,2024-06-24,4.814456018518518,360,1,6,0,"{""type"":""Point"",""coordinates"":[92.10299534588677,25.982865242254338]}",0.0369069666646667,BG-0124,2024-06-29,background,2026,"{""type"":""Point"",""coordinates"":[92.1029942714586,25.982867038909305]}"
00000000000000000089,0.4571809004715307,0.3627439537595702,0.7354290523753996,0.7408329310956755,0.7216412817522694,0.7556756172995996,0.7638751964711256,0.7556418445469758,0.7736978502256255,0.7465918217309745,0.3616145543264517,0.2571471394520565,0.0348125501166418,-0.0216997366678002,22844.21762671558,1000,2024-06-26,2.822349537037037,371,1,17,0,"{""type"":""Point"",""coordinates"":[92.98555400368795,26.747404872473954]}",0.0414724167327928,BG-0138,2024-06-29,background,2026,"{""type"":""Point"",""coordinates"":[92.9855527240197,26.74740628104224]}"
0000000000000000008a,0.2046356921985095,0.0859062046940741,0.0309360216961524,0.0588088660211892,0.0319145080346733,0.081362487960663,0.2785093019719166,0.3537205403761341,0.3373518781365639,0.3827889795711461,0.5940717582069259,0.2448694272748821,0.8271464220419251,-0.7031060402200211,16415.46884225792,1000,2024-06-24,4.814456018518518,360,1,6,0,"{""type"":""Point"",""coordinates"":[91.7138629742557,25.85748423883355]}",0.0427102589587632,BG-0139,2024-06-29,background,2026,"{""type"":""Point"",""coordinates"":[91.71386086414972,25.857482056553113]}"
000000000000000000b2,0.2747670957932084,0.2531088748099341,0.0737852306132792,0.1359926761277242,0.1492980081094779,0.1976886163203243,0.3075762848454129,0.3501201571211352,0.3158461479979724,0.3702488241256969,0.1102675443102993,0.0695532188561759,0.358057040385607,-0.3980478486289059,15910.10883100258,1000,2024-06-26,2.822349537037037,364,1,10,0,"{""type"":""Point"",""coordinates"":[94.56937764776033,25.50672243176739]}",0.054904020150902,BG-0179,2024-06-29,background,2026,"{""type"":""Point"",""coordinates"":[94.56937983589516,25.506723557007646]}"
000000000000000000c8,0.1774904745006591,0.0802604582784143,0.0297136571023015,0.0554223461421474,0.0366944945756869,0.078111928419345,0.2369772229544763,0.2977871489404846,0.284414924465173,0.3223902514447938,0.559825192067612,0.231485603337629,0.7714517706438397,-0.6738300890711452,8517.95481755787,1000,2024-06-24,4.814456018518518,360,1,6,0,"{""type"":""Point"",""coordinates"":[91.94648981711292,25.97413432239169]}",0.0635261684972631,BG-0201,2024-06-29,background,2026,"{""type"":""Point"",""coordinates"":[91.94648942892577,25.97413290421648]}"
00000000000000000026,0.2266515365111561,0.1629260699797159,0.0536240162271805,0.0876001572008113,0.075291840770791,0.1161313184584179,0.2631786663286004,0.3342830375253551,0.32057369168357,0.3575751673427991,0.3260552211267508,0.1716334524310205,0.6196090106456975,-0.5707703595404768,11618.20217822497,1000,2024-06-26,3.822349537037037,369,1,10,0,"{""type"":""Point"",""coordinates"":[93.14095813450157,24.64608917384601]}",0.0141148128923958,BG-0039,2024-06-30,background,2026,"{""type"":""Point"",""coordinates"":[93.14095937494218,24.646089873680218]}"
000000000000000000cb,0.3198622134307163,0.2378481588557517,0.269242047068371,0.2857941265976874,0.2710043670115641,0.3055376039764659,0.4063856157435584,0.4560613156826942,0.4541435331710288,0.4682704858997767,0.3125693224462964,0.1734887891076669,0.2525542253012799,-0.2275183650281602,11985.61366441788,1000,2024-06-26,3.822349537037037,368,1,9,0,"{""type"":""Point"",""coordinates"":[92.86903323406035,23.797718443821612]}",0.065112049197612,BG-0204,2024-06-30,background,2026,"{""type"":""Point"",""coordinates"":[92.86903129447789,23.7977178707116]}"
000000000000000000ce,0.2195555617493538,0.1454069224142298,0.119823696346222,0.1520462423351745,0.1497516647240662,0.1589133177925301,0.2416089950843763,0.3045080119596613,0.2626089900167233,0.3147086403486544,0.2872487666086479,0.0892919815645362,0.2736859688119356,-0.2666377729142449,18562.38495461368,1000,2024-06-26,3.822349537037037,368,1,9,0,"{""type"":""Point"",""coordinates"":[94.1240650619569,26.421591735801822]}",0.0656704271852801,BG-0207,2024-06-30,background,2026,"{""type"":""Point"",""coordinates"":[94.12406580162634,26.421592840523957]}"
000000000000000000d0,0.2333544205616954,0.1496625570313292,0.0780744043394505,0.1079497515968773,0.0903596015411133,0.1190835344215757,0.2974381932474908,0.3825050897292913,0.3588928875595663,0.4066766805231677,0.4114208839049026,0.2119696709067473,0.5977335519186703,-0.5375325964571874,18473.27429597965,1000,2024-06-26,3.822349537037037,369,1,10,0,"{""type"":""Point"",""coordinates"":[94.13251505845318,25.960395832046025]}",0.0659580334691282,BG-0209,2024-06-30,background,2026,"{""type"":""Point"",""coordinates"":[94.13251593064427,25.96039687875213]}"
000000000000000000d2,0.2676334532556373,0.2080844540157082,0.5541540663795294,0.5623910970357238,0.5516835976691162,0.555535941221181,0.5712107068659744,0.5853263643273373,0.5802930022802132,0.5860551963516599,0.4721197255097495,0.3687342775818799,0.0252738480745782,-0.0156665392081733,19733.74631317785,1000,2024-06-26,3.822349537037037,367,1,8,0,"{""type"":""Point"",""coordinates"":[94.33916317857302,28.27978386769274]}",0.0682794431028274,BG-0211,2024-06-30,background,2026,"{""type"":""Point"",""coordinates"":[94.33916512717563,28.279782549764363]}"
000000000000000000e6,0.4166830606352264,0.3051443037333468,0.4585521858061904,0.4675536548300488,0.456386135454131,0.4545475862418315,0.5182153588977255,0.5498026594397448,0.5097661060736536,0.5629081961400135,0.2510972983996713,0.1004729118264476,0.055250061351731,-0.0431920574332519,10544.343662850864,1000,2024-06-24,5.814456018518518,369,1,10,0,"{""type"":""Point"",""coordinates"":[91.54291441716975,25.293992097810644]}",0.0762606554877926,BG-0231,2024-06-30,background,2026,"{""type"":""Point"",""coordinates"":[91.5429134072801,25.2939914277883]}"
000000000000000000f4,0.4177995592035264,0.3405900592795258,0.4656513401226125,0.4750839438617826,0.4626277093783251,0.4892508638597557,0.532267061863505,0.5506915032679736,0.5343369407711405,0.5552015149212141,0.221443482119531,0.1223956665569639,0.0719275566912675,-0.0586999910655754,1071.5631367964925,1000,2024-06-26,3.822349537037037,376,1,17,0,"{""type"":""Point"",""coordinates"":[93.63020178388355,27.08936441406062]}",0.0812270791969727,BG-0245,2024-06-30,background,2026,"{""type"":""Point"",""coordinates"":[93.63020056412643,27.089363105744713]}"
00000000000000000102,0.5190252026753143,0.3386158644102149,0.6876239714227811,0.7178538356303206,0.7157628850830969,0.6865009779083912,0.7437359191325501,0.7992505674908799,0.717494112282124,0.814193549858127,0.3587488578211605,0.1605061135770784,0.0012078972593258,0.0002506175235905267,19398.66092997154,1000,2024-06-26,3.822349537037037,368,1,9,0,"{""type"":""Point"",""coordinates"":[94.40701286020227,26.467502640248107]}",0.0843289334624723,BG-0259,2024-06-30,background,2026,"{""type"":""Point"",""coordinates"":[94.40701116438717,26.4675016785193]}"
0000000000000000011c,0.4726436426116838,0.3343833990297151,0.6214787194259146,0.6199102688498079,0.5937805488174651,0.5725080099049928,0.6412006670709518,0.6985034263189811,0.6515222306448353,0.7028559935314332,0.3216726044254442,0.1591211691162357,0.0463675844779708,-0.0248632639228525,19387.06846961973,1000,2024-06-29,0.8144791666666666,371,1,12,0,"{""type"":""Point"",""coordinates"":[90.44574814386834,25.73018582195978]}",0.0947455677903049,BG-0285,2024-06-30,background,2026,"{""type"":""Point"",""coordinates"":[90.44574786024795,25.73018538386498]}"
00000000000000000136,0.4769172873283679,0.3526849014541215,0.6644289659016063,0.6668855449156407,0.6447820945432438,0.6708467902923442,0.6896675533262397,0.6893164006687944,0.6941603992501391,0.6819525763793888,0.3261948041093477,0.1855070030037734,0.0368785851041299,-0.0200396279430639,7501.844713885054,1000,2024-06-26,3.822349537037037,368,1,9,0,"{""type"":""Point"",""coordinates"":[93.69734246844529,27.027730719299882]}",0.1015623694664106,BG-0311,2024-06-30,background,2026,"{""type"":""Point"",""coordinates"":[93.69734044643612,27.027730992963733]}"
00000000000000000023,0.4252474697330424,0.2785041639228002,0.8707261334278903,0.8754650473633553,0.8559134744947057,0.8502659237120708,0.8666930753254645,0.8688334228255911,0.842833883795147,0.859942343346335,0.5032645784389668,0.3293056970676619,-0.0076995502808175,0.0189903880963295,19592.095860814927,1000,2024-06-27,3.807627314814815,366,1,9,0,"{""type"":""Point"",""coordinates"":[88.63956250756378,26.99463973038226]}",0.0137230919675517,BG-0036,2024-07-01,background,2026,"{""type"":""Point"",""coordinates"":[88.63956090331548,26.994641199061114]}"
000000000000000000df,0.4124878717260245,0.2809714524545316,0.7437601144941484,0.7623139774051368,0.7546315770809057,0.7492296418258269,0.7738459395106134,0.7969552003647594,0.7905012259992902,0.7996393738284615,0.4755415455670139,0.3142284123671914,0.0232146057910873,-0.0181523522775633,23119.24763626354,1000,2024-06-26,4.822349537037037,365,1,8,0,"{""type"":""Point"",""coordinates"":[94.54794720809747,28.392099705026933]}",0.0746212870865177,BG-0224,2024-07-01,background,2026,"{""type"":""Point"",""coordinates"":[94.54794747643112,28.39209779918522]}"
0000000000000000014e,0.2149249695740363,0.0920347718052738,0.0357349898580121,0.0669294523326571,0.0416897261663285,0.0937351064908721,0.2563835192697768,0.3265206034482757,0.3126648681541581,0.3539691125760646,0.5451699842653698,0.1852573563603697,0.764700518438187,-0.6473632574543123,5506.214707020072,1000,2024-06-26,4.822349537037037,372,1,15,0,"{""type"":""Point"",""coordinates"":[92.46934617023578,24.78618075164212]}",0.1082124618693286,BG-0335,2024-07-01,background,2026,"{""type"":""Point"",""coordinates"":[92.46934525751885,24.78618066680026]}"
00000000000000000150,0.3254057866734228,0.2143694907524703,0.4570540157081328,0.463638419052445,0.4387361844438814,0.4219858981504942,0.4978036888776287,0.5570215049404614,0.523897268811756,0.5667208411451735,0.4192627855031551,0.2337110185302954,0.0884667825327063,-0.0610194147916174,13752.402822660308,1000,2024-06-26,4.822349537037037,366,1,9,0,"{""type"":""Point"",""coordinates"":[94.29116541483374,24.552242933075185]}",0.1086787809676573,BG-0337,2024-07-01,background,2026,"{""type"":""Point"",""coordinates"":[94.29116455289285,24.552244072091636]}"
00000000000000000014,0.5368197669115787,0.3896216366860908,0.999824033443122,1.0029681935647334,0.9692416062832538,0.9932463947301752,0.9899131998986576,0.9811312338484928,0.9793586977451232,0.9642586217380296,0.4307856338228972,0.2918778634240432,0.0051919787967568,0.0119099911942424,24506.98252144947,1000,2024-06-04,27.81445601851852,364,1,5,0,"{""type"":""Point"",""coordinates"":[91.59277608514938,25.101978747348213]}",0.0073251257961212,BG-0021,2024-07-02,background,2026,"{""type"":""Point"",""coordinates"":[91.59277699549804,25.101980453627416]}"
00000000000000000024,0.2426473182601642,0.1787240089222346,0.1061712612795295,0.1398540707695427,0.1532668660650917,0.1862391767210788,0.3096152438406165,0.3555390804015005,0.32198279935111,0.3783156341883809,0.2861131266077529,0.1405087660335632,0.3550048439029719,-0.3943572728049775,16037.853816092094,1000,2024-07-01,0.8223263888888889,376,1,17,0,"{""type"":""Point"",""coordinates"":[93.57903805839632,27.962220067969486]}",0.0137705136294744,BG-0037,2024-07-02,background,2026,"{""type"":""Point"",""coordinates"":[93.5790396361014,27.962220532201098]}"
00000000000000000034,0.2777382846142154,0.2028632352196158,0.1772518921931201,0.197426267794721,0.1981232483915092,0.2193653933836565,0.3519910431126196,0.4086709914382693,0.3846906732863873,0.4320572217437559,0.3094651153442436,0.1614548811560561,0.3201149079585444,-0.3216955087132125,13994.658540247576,1000,2024-07-01,0.8223263888888889,367,1,8,0,"{""type"":""Point"",""coordinates"":[93.96847810800007,27.878625300520536]}",0.0167497997433898,BG-0053,2024-07-02,background,2026,"{""type"":""Point"",""coordinates"":[93.96847711104263,27.87862532429929]}"
00000000000000000060,0.4956512596948345,0.3628843057738126,0.4261249708521314,0.4585119176762811,0.4520187408120847,0.4713028286105337,0.5636910630100878,0.5946255690170832,0.5720713996046027,0.6128555076798293,0.223740111566166,0.0715730243656247,0.1172286052316354,-0.1101895208511037,13658.87303828771,1000,2024-06-24,7.814456018518518,364,1,5,0,"{""type"":""Point"",""coordinates"":[91.97968336535477,25.451639156454167]}",0.0278353092852947,BG-0097,2024-07-02,background,2026,"{""type"":""Point"",""coordinates"":[91.9796816296037,25.4516378030983]}"
00000000000000000063,0.3929913986120256,0.3146830353072284,0.3944308241730407,0.4091288283268322,0.4003301707107035,0.4085416341624031,0.4749160224912617,0.494808246796008,0.4851363811357072,0.5072383769819158,0.2131147885688268,0.1049334557553262,0.095775735682124,-0.0849944200049514,7564.0005948298785,1000,2024-06-27,4.807627314814815,379,1,20,0,"{""type"":""Point"",""coordinates"":[88.39377685749783,27.052313743407538]}",0.0285049687530675,BG-0100,2024-07-02,background,2026,"{""type"":""Point"",""coordinates"":[88.39377594885121,27.052313501224244]}"
00000000000000000071,0.4116580148027982,0.3550022913920712,0.3827091351515766,0.401884837270607,0.3974827385176923,0.4163681689141235,0.4850201713474603,0.5273844722701,0.4964492852073402,0.5350100070972319,0.1661245309805993,0.093371422521981,0.1107092531233552,-0.1052664543965985,17888.150104384,1000,2024-06-26,5.822349537037037,374,1,15,0,"{""type"":""Point"",""coordinates"":[94.05218435297535,26.259837845088075]}",0.0340081162271924,BG-0114,2024-07-02,background,2026,"{""type"":""Point"",""coordinates"":[94.05218545840388,26.259835952376474]}"
0000000000000000007d,0.0977635262517737,0.0377318112710318,0.0136744222582607,0.0316964828704642,0.0145050121629839,0.04312495438881,0.1755859618893168,0.2316110176363269,0.2161994273261706,0.2486675400364891,0.7028186726495376,0.3772289046356995,0.8742545900278103,-0.7442758709062841,4190.034453207508,1000,2024-06-26,5.822349537037037,377,1,18,0,"{""type"":""Point"",""coordinates"":[94.00679516335234,25.133616069322418]}",0.0374068288801602,BG-0126,2024-07-02,background,2026,"{""type"":""Point"",""coordinates"":[94.00679381274799,25.13361496950988]}"
00000000000000000099,0.0765059429035039,0.0349227878910805,0.0078123421733177,0.0233460169362608,0.013922367019928,0.0342960853912073,0.1085974291364535,0.1392364940925917,0.1303050453830941,0.1485081486740023,0.5772771790436709,0.2601365765199845,0.8069386840134939,-0.6961164266116501,8200.706096096877,1000,2024-06-26,5.822349537037037,368,1,9,0,"{""type"":""Point"",""coordinates"":[93.4749046714952,24.910616425639585]}",0.0479588264420725,BG-0154,2024-07-02,background,2026,"{""type"":""Point"",""coordinates"":[93.47490483018831,24.910615006213458]}"
000000000000000000c1,0.1863952424380604,0.0996861782439074,0.0163878755636621,0.0527412980696154,0.0405575568728783,0.0928615088412625,0.2495963773623144,0.290178735370117,0.2871666666666665,0.3124381719612908,0.484629984991057,0.2127946152153904,0.7524897217859489,-0.6896730671754935,7210.514837718912,1000,2024-06-24,7.814456018518518,364,1,5,0,"{""type"":""Point"",""coordinates"":[91.65073548064207,25.55715486468186]}",0.0600711992004109,BG-0194,2024-07-02,background,2026,"{""type"":""Point"",""coordinates"":[91.65073513362469,25.557156087700637]}"
00000000000000000144,0.4721216924246263,0.3575170205219153,0.7400575677729919,0.7469352774258929,0.7257809526222448,0.7453764631365594,0.7543500481378264,0.7562657106663293,0.7226787686850772,0.7525381099569297,0.338051445683971,0.2097062098785424,-0.0021417122558076,0.0165053598970461,18341.8399533024,1000,2024-06-04,27.81445601851852,364,1,5,0,"{""type"":""Point"",""coordinates"":[91.88609575244506,25.094732708136362]}",0.1057733953520391,BG-0325,2024-07-02,background,2026,"{""type"":""Point"",""coordinates"":[91.88609614216166,25.09473352611716]}"
0000000000000000014c,0.4879525822310071,0.3820473670873248,0.5945439410065382,0.6022897166894738,0.5790719527646851,0.5982786984947548,0.6398278546449752,0.6581470832699814,0.663649602148903,0.6553965587147131,0.2692962142438446,0.1525674597539092,0.0680584070098461,-0.048469847287572,24950.47956730266,1000,2024-06-26,5.822349537037037,366,1,7,0,"{""type"":""Point"",""coordinates"":[93.9944434534343,26.301476930725148]}",0.1076018579415992,BG-0333,2024-07-02,background,2026,"{""type"":""Point"",""coordinates"":[93.99444439417478,26.30147862324068]}"
0000000000000000005d,0.3090856245249557,0.2022894907524702,0.3273540410438305,0.3396814998733214,0.3147650519381809,0.3297581808968838,0.4401454725107676,0.481967139599696,0.4592367316949577,0.4956428781352926,0.388415806091356,0.1954272265468544,0.1866554868628746,-0.1496463932071608,1982.6794956763845,1000,2024-06-24,8.814456018518518,364,1,5,0,"{""type"":""Point"",""coordinates"":[91.86158853305531,25.383080477757442]}",0.0269591919009339,BG-0094,2024-07-03,background,2026,"{""type"":""Point"",""coordinates"":[91.86158668942376,25.383080521349836]}"
00000000000000000091,0.4571839022163612,0.3548238525130597,0.5863236394989094,0.5894925698635692,0.5684513465537351,0.5711660901759904,0.6042569102804686,0.6227410356545112,0.6118705533296138,0.6210676674950548,0.2659027498896973,0.1446948285101649,0.0367859028796888,-0.0186271602931881,3314.7410899486445,1000,2024-06-26,6.822349537037037,368,1,9,0,"{""type"":""Point"",""coordinates"":[93.79264683526058,24.54531349003814]}",0.0446608397824278,BG-0146,2024-07-03,background,2026,"{""type"":""Point"",""coordinates"":[93.79264856116748,24.545311894379758]}"
000000000000000000cf,0.3702437069314958,0.2607597284150791,0.6617840798540736,0.6607730289825698,0.6345140859343334,0.6324218331982167,0.6670134627077423,0.6732522344953387,0.6559567389541957,0.6704071189704095,0.4311005906474264,0.2784183471837289,0.0166161470730765,0.0036577664951867,5174.184856152034,1000,2024-07-01,2.822326388888889,363,1,6,0,"{""type"":""Point"",""coordinates"":[94.27904557817048,27.488066016552374]}",0.0658665653291807,BG-0208,2024-07-04,background,2026,"{""type"":""Point"",""coordinates"":[94.27904375519837,27.488065597783326]}"
000000000000000000f6,0.3578408445706171,0.3014535334076852,0.6169899219304471,0.6244876761634391,0.5966167798844161,0.6270823126837677,0.6703829717124604,0.6778347409510289,0.6891387356787996,0.6746570820237249,0.3913670784334245,0.3164320463912572,0.0719592136097934,-0.0492157122698936,21532.5826672636,1000,2024-06-29,4.814479166666667,374,1,17,0,"{""type"":""Point"",""coordinates"":[92.1360372846928,23.90060328242777]}",0.0816897476225719,BG-0247,2024-07-04,background,2026,"{""type"":""Point"",""coordinates"":[92.13603742748657,23.90060286272936]}"
00000000000000000115,0.2858999241313034,0.1646176420009103,0.4386804764554144,0.4375748419402153,0.4174024733195081,0.4308638814425166,0.4838815841383844,0.519465565727581,0.5136215922310453,0.5222821354509128,0.5145735201021661,0.2848224387203819,0.1033476173944428,-0.0799485233111565,15733.401396881096,1000,2024-07-03,0.8292939814814815,368,1,11,0,"{""type"":""Point"",""coordinates"":[95.70336271846004,27.420568603906354]}",0.0927454716651826,BG-0278,2024-07-04,background,2026,"{""type"":""Point"",""coordinates"":[95.7033642509061,27.42057002803228]}"
00000000000000000045,0.4123062642657875,0.326849018513822,0.4708805528785187,0.4806929850367741,0.4571194268323612,0.4743615419731172,0.55531993406036,0.6045827643925945,0.5973648795333504,0.6130221506467158,0.2926983262111918,0.1832860297177891,0.1329990895590909,-0.1082241485646962,16972.881540105725,1000,2024-06-26,8.822349537037036,367,1,10,0,"{""type"":""Point"",""coordinates"":[92.60754708918522,23.31404867075645]}",0.0221756281147649,BG-0070,2024-07-05,background,2026,"{""type"":""Point"",""coordinates"":[92.60754774994966,23.314046994525597]}"
0000000000000000006a,0.2524216408856536,0.1678480689515722,0.0621730310383176,0.0922471236477606,0.0864609139621879,0.1241576230916996,0.3252695379638056,0.4129695076332021,0.3970688504701244,0.4408435749671417,0.4057601633762441,0.2227087409432694,0.6423760425019657,-0.6229547837098134,24567.41782112272,1000,2024-07-04,0.8144560185185186,369,1,12,0,"{""type"":""Point"",""coordinates"":[90.49581047139537,25.76764227080872]}",0.0319111181204759,BG-0107,2024-07-05,background,2026,"{""type"":""Point"",""coordinates"":[90.49581174279446,25.767640137839006]}"
00000000000000000084,0.2197393784222268,0.1008970543500304,0.0332858193064287,0.0632757706347597,0.0379275654025552,0.085114758669641,0.2729205637801662,0.3660382528898804,0.3602886889069157,0.3961130906509835,0.5624450416117202,0.2423146713087124,0.8095127208289187,-0.7012224741271811,13424.766081055932,1000,2024-06-26,8.822349537037036,366,1,9,0,"{""type"":""Point"",""coordinates"":[93.3623212880978,24.916506898131185]}",0.0402164325190282,BG-0133,2024-07-05,background,2026,"{""type"":""Point"",""coordinates"":[93.36231925401098,24.91650594204416]}"
000000000000000000bc,0.3015776061189342,0.2045946509978725,0.7255540674703677,0.7242095836288117,0.6977819521831627,0.6931707121872147,0.7251729004153581,0.7358082869010227,0.7017366325600243,0.7330823523452532,0.5485212643334672,0.3988371848165641,0.0028257433805977,0.0157600271410316,12489.20493886117,1000,2024-07-01,3.822326388888889,363,1,6,0,"{""type"":""Point"",""coordinates"":[94.64322927940749,27.615101346463987]}",0.0589539896719856,BG-0189,2024-07-05,background,2026,"{""type"":""Point"",""coordinates"":[94.64323127012004,27.615102490668747]}"
00000000000000000109,0.234494492298338,0.1286098246858532,0.334926525131739,0.3288685295905957,0.3111057154438588,0.3125037190920146,0.3808388883259017,0.4121592622618565,0.4132934485204702,0.4243404337251722,0.5253402920971598,0.2760146414521535,0.1410655038823917,-0.1137553814663894,10467.359400768491,1000,2024-07-01,3.822326388888889,374,1,17,0,"{""type"":""Point"",""coordinates"":[94.09043452181182,28.317088707105864]}",0.0887155131376635,BG-0266,2024-07-05,background,2026,"{""type"":""Point"",""coordinates"":[94.09043610673518,28.317086826685916]}"
0000000000000000011f,0.3863028328181219,0.2442311407287285,0.9537910961333812,0.9451586023412556,0.9026724167637968,0.874000486494704,0.8846788932245476,0.8953177165154819,0.9132909289008256,0.8830478994577609,0.5780103945544801,0.4055021742991953,0.0058473163361909,0.0171474516282029,19768.883196068007,1000,2024-06-04,30.81445601851852,362,1,5,0,"{""type"":""Point"",""coordinates"":[91.38186060532139,25.106326370875323]}",0.0951950989497607,BG-0288,2024-07-05,background,2026,"{""type"":""Point"",""coordinates"":[91.3818603324301,25.106324844362543]}"
00000000000000000131,0.4375392611336033,0.2464996761133605,0.6552463157894737,0.6659735425101214,0.6493171862348179,0.6454703036437249,0.6887279655870449,0.7092257692307691,0.677791649797571,0.7144901315789475,0.466619085989098,0.2154090649773027,0.0214560123402404,-0.0087947711066648,11618.412317818322,1000,2024-07-01,5.8223263888888885,371,1,13,0,"{""type"":""Point"",""coordinates"":[95.1029403025125,28.279275530172644]}",0.1006427055030737,BG-0306,2024-07-07,background,2026,"{""type"":""Point"",""coordinates"":[95.10294065038643,28.27927394423546]}"
00000000000000000011,0.5412774855579202,0.3677389986824769,0.6665671987432854,0.6899340630384105,0.6946578341947907,0.6793778757474404,0.7063738167629473,0.7564576264315392,0.7162148018648017,0.7676611786763958,0.3214858446977928,0.1391160153080717,0.015279173413,-0.0186898695311325,11962.219744479064,1000,2024-07-06,5.822349537037037,368,1,13,0,"{""type"":""Point"",""coordinates"":[92.67438901397638,26.93557447782832]}",0.0070299031831383,BG-0018,2024-07-12,background,2026,"{""type"":""Point"",""coordinates"":[92.67438905072254,26.93557641526493]}"
00000000000000000009,0.1753695610300082,0.1683248479318735,0.1409596867396593,0.1657456001622059,0.1746083890916463,0.1743101328061638,0.1908203416463909,0.2153074006488239,0.1927828467153284,0.2217113848337388,0.0677304835814981,0.0472991220999037,0.0494689471395851,-0.0754117191776358,14825.715694408518,1000,2024-07-09,4.814479166666667,363,1,5,0,"{""type"":""Point"",""coordinates"":[91.9298172382741,25.100850594781694]}",0.0028410941969108,BG-0010,2024-07-14,background,2026,"{""type"":""Point"",""coordinates"":[91.92981606423115,25.100848804474836]}"
0000000000000000002f,0.4543088095238096,0.3747243211752786,0.4734141793313072,0.4798140830800406,0.4626311803444781,0.4797098986828776,0.5467141742654511,0.5693828571428572,0.5587169098277608,0.5754126139817628,0.1971121293354172,0.1030655967656793,0.0940773575706974,-0.0759754184386917,11024.372368116654,1000,2024-07-11,2.822326388888889,366,1,8,0,"{""type"":""Point"",""coordinates"":[94.34562887510053,26.33970034495529]}",0.0160594373435416,BG-0048,2024-07-14,background,2026,"{""type"":""Point"",""coordinates"":[94.34562705191323,26.339699871417302]}"
000000000000000000a9,0.4148495361687028,0.328334800020277,0.3987778678967911,0.4190385512242103,0.4068178030111015,0.4352978151771683,0.5078258174076141,0.5393953262026666,0.5468366806914382,0.5469356161605922,0.2496675057252426,0.1372455403943159,0.1468234880380542,-0.1323132897959937,22726.98848961807,1000,2024-07-09,4.814479166666667,367,1,9,0,"{""type"":""Point"",""coordinates"":[91.96558814692483,24.307951081862157]}",0.0511513031019074,BG-0170,2024-07-14,background,2026,"{""type"":""Point"",""coordinates"":[91.96558747678483,24.307949894020147]}"
000000000000000000f5,0.4827372273511207,0.3610619914781371,0.7729537536775889,0.7555720503195696,0.7277786547631124,0.71529221365527,0.7420895860809572,0.7514885867911124,0.7249156335599066,0.7554333671502483,0.3350470890862259,0.2005364406010612,-0.0019708353135406,0.0207069718265611,19666.813580559963,1000,2024-07-11,2.822326388888889,368,1,10,0,"{""type"":""Point"",""coordinates"":[92.83121113892501,23.339585942489535]}",0.0815970882304102,BG-0246,2024-07-14,background,2026,"{""type"":""Point"",""coordinates"":[92.83121020033694,23.33958509344813]}"
00000000000000000078,0.1640684669166075,0.1967481710406323,0.5782768922889856,0.578395678386868,0.548732338636133,0.5756870503597123,0.619893626507245,0.6264491437835648,0.6396087597527611,0.6211902421724596,0.5295114710079796,0.5917055716595413,0.0764733469538626,-0.0502568623308052,8630.72904088424,1000,2024-07-14,0.8144560185185186,367,1,8,0,"{""type"":""Point"",""coordinates"":[92.21745155172663,27.195482100930516]}",0.0365002531350961,BG-0121,2024-07-15,background,2026,"{""type"":""Point"",""coordinates"":[92.21745064064817,27.195480660917163]}"
00000000000000000020,0.4283912547528518,0.2606868187579214,0.6879400456273762,0.694582342205323,0.667764446134347,0.6565327351077316,0.7059826463878326,0.7540124106463881,0.7127653637515841,0.7566912294043096,0.4644075519233306,0.2491981419442881,0.0325968460043288,-0.0129200633711892,15799.69063304768,1000,2024-07-16,4.822349537037037,386,1,15,0,"{""type"":""Point"",""coordinates"":[93.18099194375942,25.30988879306618]}",0.0124566434538057,BG-0033,2024-07-21,background,2026,"{""type"":""Point"",""coordinates"":[93.18099294008,25.309890097603137]}"
000000000000000000dd,0.2168627003448975,0.0822794278758369,0.0309484124568878,0.0732675948468249,0.0309645769933049,0.1007122438628525,0.3877465763846624,0.5084938172043015,0.4882783373909518,0.5525178535199842,0.7115824798655973,0.3849097166682396,0.8807318265285363,-0.7390503941330268,11856.515853876168,1000,2024-07-19,1.8144791666666664,386,1,15,0,"{""type"":""Point"",""coordinates"":[92.2351541829088,23.85281063733694]}",0.0744011619325765,BG-0222,2024-07-21,background,2026,"{""type"":""Point"",""coordinates"":[92.2351556395451,23.852812866394995]}"
00000000000000000126,0.2301148174442191,0.1741768407707912,0.1805192647058823,0.2014173884381339,0.189415537525355,0.2080274847870182,0.2908639046653146,0.3279453955375253,0.3297633265720081,0.3399277738336713,0.3087399970944983,0.1779824952854397,0.2703264688763085,-0.241623866430135,19112.71669556629,1000,2024-07-19,1.8144791666666664,384,1,13,0,"{""type"":""Point"",""coordinates"":[92.07167907918841,25.546733945519957]}",0.0969134859808874,BG-0295,2024-07-21,background,2026,"{""type"":""Point"",""coordinates"":[92.07168124443479,25.54673182642375]}"
00000000000000000037,0.2371627626715277,0.2464535925869665,0.4665916097017569,0.4656784799230343,0.4474103600182287,0.4700667071750469,0.5027465694465545,0.5059615575472176,0.5218529748341689,0.5021304217935088,0.3584498609345434,0.3750781414601493,0.0768032918807112,-0.0568837525534271,6040.043010888891,1000,2024-07-17,4.807627314814815,381,1,11,0,"{""type"":""Point"",""coordinates"":[88.68170993072094,27.41177971573002]}",0.0179602825119266,BG-0056,2024-07-22,background,2026,"{""type"":""Point"",""coordinates"":[88.68170968811276,27.411777671272024]}"
0000000000000000004a,0.2556684431835453,0.1590302244287958,0.0901510106894979,0.1285069811033993,0.0988400729520238,0.1547996504382188,0.3975911849637774,0.4949254420183394,0.4656545367039869,0.522594300623132,0.4908464738585405,0.2911124411330723,0.6498103923002752,-0.5674341832920307,16436.14928569421,1000,2024-07-21,0.8223263888888889,377,1,7,0,"{""type"":""Point"",""coordinates"":[94.27735111977016,26.441350012569647]}",0.0233354446552243,BG-0075,2024-07-22,background,2026,"{""type"":""Point"",""coordinates"":[94.27735162464481,26.441348109872994]}"
000000000000000000bf,0.1998589547320931,0.1290007705175647,0.0608578090941349,0.0984865362193947,0.0973831804126323,0.1364120748213109,0.3034943123637654,0.384096304557206,0.3726296395802707,0.4025877224109088,0.4856740423994426,0.3017888680484517,0.5856147906174014,-0.5819012749786179,22964.0280904564,1000,2024-07-06,15.822349537037036,375,1,5,0,"{""type"":""Point"",""coordinates"":[93.16013672813246,26.37226961904966]}",0.0600271672911453,BG-0192,2024-07-22,background,2026,"{""type"":""Point"",""coordinates"":[93.16013465982674,26.372269375668896]}"
000000000000000000d6,0.1048352255448555,0.0778550734921439,0.0231344145970603,0.0454938165230613,0.0464490876837303,0.0690521743537759,0.1232247744551444,0.1551652154080082,0.1495737303598581,0.1676249113025848,0.3153455307903067,0.1758527118509103,0.5260848900417119,-0.5335583263333192,9639.296497692369,1000,2024-07-19,2.814479166666666,375,1,5,0,"{""type"":""Point"",""coordinates"":[91.28519175358375,25.151077909047704]}",0.0703531612641451,BG-0215,2024-07-22,background,2026,"{""type"":""Point"",""coordinates"":[91.28518967650717,25.151078003512822]}"
000000000000000000f1,0.2841024496627274,0.2091989501445452,0.0621057665973525,0.1067106507075112,0.1040302733681594,0.1518379925952224,0.3659637064462138,0.4527411066592278,0.4279458183293604,0.4826941573261651,0.3433236510891543,0.2020135082587285,0.6088911701418688,-0.6008253639959152,22284.58148187017,1000,2024-07-21,0.8223263888888889,377,1,7,0,"{""type"":""Point"",""coordinates"":[92.97636379641679,25.400836618152265]}",0.0800438221060597,BG-0242,2024-07-22,background,2026,"{""type"":""Point"",""coordinates"":[92.97636355949739,25.400834558083986]}"
000000000000000000c7,0.273992477584722,0.195631102781014,0.647080634213059,0.6416243908616583,0.6104996504736332,0.6055098475254546,0.6299570791753204,0.6513740388024923,0.6406373233372168,0.6473723418266546,0.5321332321750101,0.4008669358716718,0.0240882281432279,0.0007697863185896093,5480.4848120192255,1000,2024-07-22,3.807534722222222,387,1,11,0,"{""type"":""Point"",""coordinates"":[88.47508410610637,27.460771859004222]}",0.0617529653191861,BG-0200,2024-07-26,background,2026,"{""type"":""Point"",""coordinates"":[88.47508411908873,27.46077154482609]}"
00000000000000000073,0.1558425881876612,0.1119844982033503,0.0288618502960676,0.0552282453565463,0.0590204463788653,0.0794961840174098,0.1712478414899539,0.2139000455488637,0.2143981679234778,0.2309905663242065,0.313784034352887,0.1581554131178343,0.5682777741415865,-0.5903350514907578,9176.578969545164,1000,2024-07-26,2.822349537037037,392,1,15,0,"{""type"":""Point"",""coordinates"":[94.89954732616168,28.870382884019534]}",0.0352601811347266,BG-0116,2024-07-29,background,2026,"{""type"":""Point"",""coordinates"":[94.89954559214544,28.87038442577992]}"
0000000000000000008f,0.191791413527744,0.0797524453219926,0.0167241798298906,0.0433245392871607,0.0254861533009315,0.0640066778047793,0.2273021618063994,0.3135176285945726,0.3063893428513569,0.3421242304576752,0.5869266276552817,0.2300328301649756,0.8464113584979068,-0.7522286560531765,16458.983057676942,1000,2024-07-26,2.822349537037037,382,1,5,0,"{""type"":""Point"",""coordinates"":[94.86987646775205,27.852151617566225]}",0.0441706642287788,BG-0144,2024-07-29,background,2026,"{""type"":""Point"",""coordinates"":[94.86987645728205,27.85215273272184]}"
00000000000000000147,0.638300025336982,0.4559472940103376,0.9224374936657546,0.9379085791020572,0.916126517685214,0.9134761579000712,0.9390029593594812,0.9549315192054324,0.9389804398500052,0.953007687240296,0.3462782580879046,0.1906321806105533,0.0123194633452058,-0.0005710837119962711,2809.5636305610165,1000,2024-07-26,2.822349537037037,385,1,8,0,"{""type"":""Point"",""coordinates"":[93.93811608892716,25.13752224184523]}",0.1066526192866814,BG-0328,2024-07-29,background,2026,"{""type"":""Point"",""coordinates"":[93.93811519877703,25.13752373463296]}"
0000000000000000002b,0.4215659215328468,0.2523741382806165,0.8119688158961883,0.797433090024331,0.7710822283049474,0.7251675841443636,0.7616417629764805,0.7795201743714524,0.7269122212084348,0.7828605890105439,0.4845754036392495,0.2658703621008951,-0.029486095299526,0.0462630535851911,8955.4525455481,1000,2024-07-31,0.8223263888888889,373,1,11,0,"{""type"":""Point"",""coordinates"":[92.43210821733845,25.03042801184462]}",0.0153436495167681,BG-0044,2024-08-01,background,2026,"{""type"":""Point"",""coordinates"":[92.4321066919585,25.030426179106687]}"
0000000000000000004c,0.0859916751166092,0.0374187943621983,0.009167156763334,0.0459139728249847,0.0342015970391401,0.0690670452240924,0.146689652200365,0.1782411072804706,0.1605986564591361,0.1851285844656257,0.6220656895945977,0.3025543656386617,0.6488546967990184,-0.5553398067309853,21621.538437112664,1000,2024-07-31,0.8223263888888889,374,1,12,0,"{""type"":""Point"",""coordinates"":[92.77740316651308,26.901939478582175]}",0.023559015254143,BG-0077,2024-08-01,background,2026,"{""type"":""Point"",""coordinates"":[92.77740145311219,26.90193738894819]}"
00000000000000000058,0.1696880024329667,0.1395488316691165,0.0301699934107151,0.0755894571443053,0.0765897207156976,0.1091593137006437,0.2424509503776167,0.2954702367073848,0.2706990977748492,0.3124021136398194,0.3196853821626563,0.2293688786393061,0.5589278051128361,-0.5634308089566943,20270.64467280369,1000,2024-07-24,7.814456018518518,375,1,13,0,"{""type"":""Point"",""coordinates"":[92.06589116602105,25.886321245346178]}",0.0254160651643502,BG-0089,2024-08-01,background,2026,"{""type"":""Point"",""coordinates"":[92.06589310824755,25.886321543961934]}"
00000000000000000069,0.2761978005270626,0.1805116561929859,0.1244836813298195,0.1537194709101966,0.1356586813298196,0.1733678238394486,0.3616542519764849,0.4491023819176969,0.4288744729373607,0.4796516977498479,0.4075623071677274,0.2165404571365575,0.519395166415273,-0.4722929322093359,9536.268520011485,1000,2024-07-31,0.8223263888888889,370,1,8,0,"{""type"":""Point"",""coordinates"":[94.1377143702815,26.249020065932413]}",0.0318202998992629,BG-0106,2024-08-01,background,2026,"{""type"":""Point"",""coordinates"":[94.13771470436286,26.24902108658716]}"
000000000000000000e8,0.2525262859169919,0.1748644098717884,0.0943107079511477,0.1282337607054173,0.1309944509197791,0.160184928799473,0.3212665382861198,0.3797923225054478,0.3600547103836213,0.4062849135965136,0.3462024322918378,0.175533399037834,0.4664711346942199,-0.4747622837810802,3898.897630733272,1000,2024-07-31,0.8223263888888889,378,1,16,0,"{""type"":""Point"",""coordinates"":[91.78473592639918,23.40041699906064]}",0.0769584655608978,BG-0233,2024-08-01,background,2026,"{""type"":""Point"",""coordinates"":[91.78473421691373,23.400417596083365]}"
000000000000000000ec,0.2020418617614269,0.1701422266139656,0.293364056957535,0.3091817675078543,0.2984529694942738,0.3255671582041144,0.4023601499949323,0.4290705533596835,0.4350473446843009,0.439781696564305,0.4377225428753751,0.365734469467461,0.1862226539643614,-0.169122082319119,15252.495770581363,1000,2024-07-29,2.814479166666666,370,1,8,0,"{""type"":""Point"",""coordinates"":[92.25980409353225,27.3184596488835]}",0.0791831989292946,BG-0237,2024-08-01,background,2026,"{""type"":""Point"",""coordinates"":[92.25980580885233,27.318458949063604]}"
0000000000000000013b,0.2705118448954862,0.1450137988488336,0.0512694284560234,0.1090056750479652,0.0764014743007169,0.1529019085125719,0.4080865444814704,0.483811829748561,0.4706924265374129,0.5101728516611128,0.528951331431274,0.2700747814835669,0.7207006907455104,-0.6239226081649989,23992.38097464698,1000,2024-07-24,7.814456018518518,383,1,21,0,"{""type"":""Point"",""coordinates"":[91.05611881426611,25.436375653548225]}",0.1036675722223176,BG-0316,2024-08-01,background,2026,"{""type"":""Point"",""coordinates"":[91.05611668253974,25.436375702365805]}"
000000000000000000af,0.2507517557638714,0.1858978413985307,0.0281614846719027,0.0803143248036484,0.0946257055991892,0.149606379528756,0.335048330377502,0.3972741575880416,0.3835890499113252,0.4235830098809225,0.3471391730511868,0.2094099779787316,0.6042543459447529,-0.6537454600195817,11851.411638125826,1000,2024-07-31,3.822326388888889,379,1,18,0,"{""type"":""Point"",""coordinates"":[94.67708723370632,26.177460412226715]}",0.0535330944888707,BG-0176,2024-08-04,background,2026,"{""type"":""Point"",""coordinates"":[94.677086362235,26.177458977554185]}"
000000000000000000de,0.3268264296910553,0.2125799312332507,0.3570977600242704,0.3641870000505637,0.3510347170956159,0.3535275471507306,0.4509571674166959,0.4959830611316173,0.46067167922334,0.5132539313343781,0.3684978158787271,0.1699626297729107,0.13506972795203,-0.1169711631787746,7228.474953163057,1000,2024-07-24,10.814456018518518,385,1,24,0,"{""type"":""Point"",""coordinates"":[90.35510799675495,25.25359710136748]}",0.0745836161137611,BG-0223,2024-08-04,background,2026,"{""type"":""Point"",""coordinates"":[90.35510706176937,25.25359498014713]}"
00000000000000000039,0.1750234825820191,0.1046657471730642,0.0272288271385832,0.0700826732924293,0.0641159271842198,0.1034528015820699,0.2199558440241366,0.2833172912124131,0.2570525125500735,0.3089009837229348,0.4212857971108438,0.1898486166605409,0.6007333271148078,-0.5715369283072458,10043.810703741685,1000,2024-07-29,7.814479166666667,362,1,6,0,"{""type"":""Point"",""coordinates"":[91.46142880451909,23.093064540749776]}",0.0180848831682034,BG-0058,2024-08-06,background,2026,"{""type"":""Point"",""coordinates"":[91.46142718016304,23.093065567758995]}"
0000000000000000004b,0.5220137810440952,0.38417401926001,0.5790925494171314,0.6013169842878865,0.6031254992397367,0.5922708869741513,0.6450819918905221,0.6770006791687785,0.6464362493664473,0.6981356614292955,0.2544727508449595,0.1064850571989248,0.0346607521997382,-0.0361604072516955,15489.879750833205,1000,2024-07-31,5.8223263888888885,362,1,6,0,"{""type"":""Point"",""coordinates"":[93.19742373114137,26.458571060838047]}",0.0235052286398744,BG-0076,2024-08-06,background,2026,"{""type"":""Point"",""coordinates"":[93.19742194119132,26.458570170141986]}"
000000000000000000bb,0.3640750797589507,0.2626837038537499,0.4449101585050894,0.4433055755304599,0.4207193852230717,0.4303604699448016,0.4955905757836633,0.5183256595938623,0.5210494049729071,0.5264191522762951,0.3296603119216971,0.1773471731058379,0.1065336001726676,-0.0806174396505599,2435.8143319620704,1000,2024-08-06,0.8076273148148149,368,1,11,0,"{""type"":""Point"",""coordinates"":[88.4436162299722,27.29022462101308]}",0.0578584948624523,BG-0188,2024-08-07,background,2026,"{""type"":""Point"",""coordinates"":[88.44361471765248,27.290224293247338]}"
000000000000000000c2,0.532997998276998,0.3864693660365885,0.7824699994932348,0.7877444129123805,0.7576539603709523,0.746218410783966,0.7822843966958901,0.8067519738509098,0.7812203314245175,0.804283342624031,0.3380615297422178,0.1888745024610147,0.015314032588113,0.0041582078318912,15049.878556410007,1000,2024-07-26,11.822349537037036,368,1,11,0,"{""type"":""Point"",""coordinates"":[94.07550545148487,24.999178631662062]}",0.0601917109766286,BG-0195,2024-08-07,background,2026,"{""type"":""Point"",""coordinates"":[94.07550353674574,24.99918013325707]}"
000000000000000000cc,0.446739570350104,0.2752433652530779,0.8136124081674013,0.8262654912094036,0.8076962304301564,0.807379692962456,0.8333409687389163,0.8439570907432739,0.8045033591731264,0.8426795916299332,0.4901705019770319,0.2859267216473651,-0.001980444156927,0.0133447067198839,8145.43826937959,1000,2024-07-24,13.814456018518518,363,1,6,0,"{""type"":""Point"",""coordinates"":[91.95474361316285,25.751148056012024]}",0.0651837230741079,BG-0205,2024-08-07,background,2026,"{""type"":""Point"",""coordinates"":[91.95474551878202,25.751147876184667]}"
0000000000000000001a,0.3987300801054551,0.3114465676333399,0.3565550598255931,0.3766510292030013,0.3664438450618535,0.3730849117825999,0.4509686980328533,0.4820113465828431,0.4698619955384303,0.4912256033258972,0.2027565489132656,0.0818933506620414,0.1236606818414005,-0.1101116741398047,18393.242505383176,1000,2024-07-24,18.81445601851852,365,1,4,0,"{""type"":""Point"",""coordinates"":[91.6360026107615,25.141111818193252]}",0.0094224875722936,BG-0027,2024-08-12,background,2026,"{""type"":""Point"",""coordinates"":[91.63600169604956,25.141113328238976]}"
000000000000000000ab,0.1148524774546559,0.0599656956125241,0.0064933478569257,0.0265461242273786,0.0219128685783767,0.0487295217347248,0.1460490171243287,0.1781133752153207,0.1753096919647381,0.194028923903131,0.4902510098483469,0.2083566394304785,0.7777853758917569,-0.7369793476536407,12389.273452395217,1000,2024-07-31,11.82232638888889,364,1,4,0,"{""type"":""Point"",""coordinates"":[94.52429167700893,27.865907944316106]}",0.0517848213165665,BG-0172,2024-08-12,background,2026,"{""type"":""Point"",""coordinates"":[94.52429303770974,27.86590738516058]}"
00000000000000000113,0.2202357193515703,0.1739869300911853,0.6849154204660588,0.6751580547112458,0.6471484042553189,0.6239499544072945,0.6462186220871323,0.6761589614994931,0.6301644174265452,0.6700571631205672,0.5672781482534316,0.4820421356328315,-0.0132966541480501,0.0344693654212604,7552.90825678292,1000,2024-08-08,3.814479166666666,367,1,7,0,"{""type"":""Point"",""coordinates"":[91.37472158453483,25.325116623163698]}",0.0914153304286881,BG-0276,2024-08-12,background,2026,"{""type"":""Point"",""coordinates"":[91.37472227566522,25.325116443129165]}"
00000000000000000118,0.2900781726917812,0.2052955483445723,0.2277200375196471,0.2498726613598335,0.2399667444100795,0.2618123155706534,0.3764089641535263,0.4209710084672719,0.4059140495867768,0.4334793134918621,0.3282319222754383,0.1664327174745846,0.2569317848109058,-0.2379453343934062,17933.735855415896,1000,2024-08-10,1.822326388888889,365,1,5,0,"{""type"":""Point"",""coordinates"":[94.09418908489882,24.678783302769876]}",0.094113030644543,BG-0281,2024-08-12,background,2026,"{""type"":""Point"",""coordinates"":[94.09418905663726,24.678784413922344]}"
00000000000000000119,0.3040799807507216,0.1856248518312142,0.3512098677878524,0.3671702497340559,0.3638564307785826,0.3639181297806593,0.4323341522719214,0.4637781672660956,0.4254914644648193,0.4790839116559441,0.3925056592948341,0.1664147966731736,0.0780834839209028,-0.0735764244520214,14457.61909015959,1000,2024-08-10,1.822326388888889,375,1,15,0,"{""type"":""Point"",""coordinates"":[94.02198286154037,28.308259687020044]}",0.0941775973641844,BG-0282,2024-08-12,background,2026,"{""type"":""Point"",""coordinates"":[94.02198193202786,28.30826088118197]}"
00000000000000000143,0.2656482762112083,0.2334490001518756,0.392834222649724,0.4216302738824484,0.4230445046322077,0.449935356654685,0.4716257226750367,0.4769078975345516,0.4470940819116084,0.4812019035083278,0.3139332209680783,0.2545741860751513,0.0276387895575639,-0.029311723401475,21510.28055816424,1000,2024-08-11,0.8075347222222222,371,1,11,0,"{""type"":""Point"",""coordinates"":[88.85805845918262,27.729954412297598]}",0.1056060109315578,BG-0324,2024-08-12,background,2026,"{""type"":""Point"",""coordinates"":[88.8580580426111,27.729954162884138]}"
0000000000000000003f,0.5112563286004058,0.4195341835699798,0.5586517799188645,0.5667035344827588,0.5472555780933066,0.5461348985801214,0.6219408113590266,0.662091445233266,0.6286244979716025,0.6756899949290067,0.1994834542553256,0.1029652983322483,0.0691983149766407,-0.0518024858512701,15328.327506006268,1000,2024-08-13,0.8145717592592593,379,1,15,0,"{""type"":""Point"",""coordinates"":[91.58370181450562,23.43999152090997]}",0.0206456623416805,BG-0064,2024-08-14,background,2026,"{""type"":""Point"",""coordinates"":[91.58370228843256,23.439993045887473]}"
0000000000000000000b,0.1829727954971858,0.0783499467572638,0.0341036255767963,0.0602032909081689,0.0340134830890928,0.0773681760559809,0.2744247249125299,0.3794697175599615,0.3692878910805741,0.4076414786268447,0.6499404646590801,0.3373680222250521,0.8313247349621797,-0.7196529594419152,17735.585721031024,1000,2024-08-15,2.822349537037037,368,1,8,0,"{""type"":""Point"",""coordinates"":[92.82474544239753,23.898730459985327]}",0.0030757151691677,BG-0012,2024-08-18,background,2026,"{""type"":""Point"",""coordinates"":[92.82474505885736,23.89872979175495]}"
00000000000000000048,0.1688080882352941,0.118265654158215,0.0586010395537525,0.0816863133874239,0.0800160801217038,0.0946578600405679,0.1880771399594321,0.2320607505070995,0.2250001369168357,0.2449137271805274,0.3109383035936854,0.1426888650175714,0.4753322895510592,-0.4672975391877665,22126.78003969586,1000,2024-08-15,2.822349537037037,367,1,7,0,"{""type"":""Point"",""coordinates"":[93.46272240741717,25.197323246072997]}",0.0226935983873048,BG-0073,2024-08-18,background,2026,"{""type"":""Point"",""coordinates"":[93.46272275268336,25.197324744469622]}"
00000000000000000077,0.1003264908722109,0.068944401622718,0.0228485649087221,0.0527396754563894,0.0383121095334685,0.0661435496957403,0.1533040365111562,0.1962019979716024,0.1865669269776876,0.2052820740365111,0.460341723395441,0.300600957497733,0.6592647306938466,-0.559229248838482,5922.530049521068,1000,2024-08-15,2.822349537037037,367,1,7,0,"{""type"":""Point"",""coordinates"":[93.86153548743528,24.745246203971483]}",0.0360461624904231,BG-0120,2024-08-18,background,2026,"{""type"":""Point"",""coordinates"":[93.86153497856586,24.745245983301444]}"
00000000000000000139,0.0089586425385239,0.0137019414030819,0.0195553730738037,0.057104850973236,0.0308322789943228,0.0181213909164639,-0.0026373276561232,0.0077521948499594,-0.0004567062043795624,0.0007306163828061631,-1.068961584679796,-1.1074358090745515,-1.030070623361596,1.0161243128523654,16247.68576261046,1000,2024-08-15,2.822349537037037,372,1,12,0,"{""type"":""Point"",""coordinates"":[92.50748040244484,24.932960981018404]}",0.1018454275386351,BG-0314,2024-08-18,background,2026,"{""type"":""Point"",""coordinates"":[92.50748104832087,24.932963195131567]}"
0000000000000000002d,0.517656149244652,0.3820362313697659,0.5917956605495286,0.60351733752408,0.5760332860184529,0.5858469684680118,0.6611274054547298,0.6876172564128564,0.6823203944033258,0.6940380462333978,0.2821273958016183,0.1372228865891726,0.0844652104082909,-0.061285382224026,14095.7030515045,1000,2024-08-13,6.814571759259259,367,1,8,0,"{""type"":""Point"",""coordinates"":[91.82034184831095,23.950402522992658]}",0.0155351893323421,BG-0046,2024-08-20,background,2026,"{""type"":""Point"",""coordinates"":[91.82034385542123,23.95040315384193]}"
0000000000000000003a,0.1779783265720081,0.1354341328600405,0.1996886764705882,0.220996602434077,0.2138376977687626,0.2425154208924949,0.3586192647058824,0.4215995486815415,0.4069080070993915,0.4418396095334686,0.5005583269993693,0.3914088385180163,0.3110296339007884,-0.2960822421791841,17562.871293361928,1000,2024-08-15,4.822349537037037,364,1,5,0,"{""type"":""Point"",""coordinates"":[94.33585452559137,24.52789624132338]}",0.0187734459590456,BG-0059,2024-08-20,background,2026,"{""type"":""Point"",""coordinates"":[94.33585596587577,24.527895425786028]}"
000000000000000000fd,0.1684910800263544,0.0912761897521666,0.0282658709644721,0.0640840656834422,0.0467264000810906,0.095130515432568,0.2615242866555165,0.3217136789823119,0.319371587856672,0.346910070447519,0.5554526544200052,0.3092684022842548,0.7447328222462987,-0.6657550092595609,3426.855058922076,1000,2024-08-15,4.822349537037037,389,1,30,0,"{""type"":""Point"",""coordinates"":[94.0070760867187,25.275205905072482]}",0.0826414862006753,BG-0254,2024-08-20,background,2026,"{""type"":""Point"",""coordinates"":[94.00707745379036,25.275205178333543]}"
00000000000000000117,0.1238257445299837,0.145600906604538,0.7587446312803885,0.7807220877228527,0.7704253342787682,0.8050513067260939,0.8265360767828196,0.8193243314424634,0.8378726549837924,0.8097898905996759,0.7039047874975115,0.7424852852150141,0.0419370795432942,-0.0353087562643206,11455.07774081776,1000,2024-08-20,1.822326388888889,363,1,9,0,"{""type"":""Point"",""coordinates"":[94.53588979884894,26.119202256963447]}",0.0935615346230351,BG-0280,2024-08-22,background,2026,"{""type"":""Point"",""coordinates"":[94.53588934685224,26.119202149780687]}"
00000000000000000043,0.1267051270348395,0.1525500126781276,0.8734575637709823,0.8986907703230388,0.8982468431462037,0.9484218469496424,0.9537663015365896,0.9271124499213956,0.9621835082914958,0.9092474009838228,0.7263022779732402,0.767276243090063,0.0343665996933898,-0.0341198428599533,6922.299300144228,1000,2024-08-20,2.822326388888889,362,1,7,0,"{""type"":""Point"",""coordinates"":[93.27708111236012,24.659591331835845]}",0.0218165066604875,BG-0068,2024-08-23,background,2026,"{""type"":""Point"",""coordinates"":[93.27708192624101,24.65959049576929]}"
0000000000000000008e,0.1319146615969582,0.1581626615969582,0.7290884816223064,0.7461338808618504,0.7414764055766796,0.7729266768060836,0.7927843092522181,0.7852732217997465,0.801470443599493,0.782507442332066,0.6703684757424454,0.7173414041802308,0.038882763884476,-0.0357562730104821,18275.36304552808,1000,2024-08-20,2.822326388888889,362,1,7,0,"{""type"":""Point"",""coordinates"":[93.49675426665708,25.161262495853773]}",0.0440284366753673,BG-0143,2024-08-23,background,2026,"{""type"":""Point"",""coordinates"":[93.4967549686804,25.161260311805727]}"
000000000000000000d5,0.5390726076615555,0.338328708061333,0.6925240068822426,0.7178125297302768,0.7124673903142554,0.7176347097818933,0.7621832346541166,0.790484742674966,0.7732864126309394,0.8001310358787509,0.3912844441147319,0.1784677830897089,0.0409347916162981,-0.037203354737022,16529.319135575886,1000,2024-08-22,0.8294097222222222,362,1,7,0,"{""type"":""Point"",""coordinates"":[95.8136897967244,27.004570148428286]}",0.0696522426169079,BG-0214,2024-08-23,background,2026,"{""type"":""Point"",""coordinates"":[95.81369151499617,27.004571216179272]}"
000000000000000000eb,0.1311294287596938,0.0536260884991636,0.0171613918596989,0.0331668863094936,0.0199241725378883,0.0519622079172791,0.1836170256982106,0.2322234527852401,0.2324352273303258,0.2555672918039434,0.625072769146261,0.2786458938559427,0.8420968464159205,-0.7502513375742864,3129.8351508956707,1000,2024-08-25,2.822349537037037,367,1,10,0,"{""type"":""Point"",""coordinates"":[93.41178609608367,27.870433931885348]}",0.0787846994741615,BG-0236,2024-08-28,background,2026,"{""type"":""Point"",""coordinates"":[93.41178527757083,27.870434163016334]}"
00000000000000000141,0.2187943278588808,0.1004728862530413,0.0341730129764801,0.0640294809407948,0.0380987682481751,0.0875431011759935,0.3153834347120846,0.4348200223033253,0.4146050081103001,0.4677703517842659,0.6098730411359231,0.3091425410981908,0.8316834528987602,-0.7324493641578781,4573.720998304356,1000,2024-08-25,2.822349537037037,365,1,8,0,"{""type"":""Point"",""coordinates"":[92.76249193259036,23.682076117101552]}",0.1052231670932968,BG-0322,2024-08-28,background,2026,"{""type"":""Point"",""coordinates"":[92.76249354096977,23.682074519424376]}"
0000000000000000013e,0.1362985434683659,0.0517853689374399,0.0138446163960956,0.0341302280888079,0.0181508117129418,0.0593522682445759,0.2249535174227482,0.2789116067364588,0.2796412582814948,0.3068537399484144,0.6875002508278768,0.3446237032620717,0.8780974139890226,-0.7824516913016846,20227.37341356348,1000,2024-08-27,1.829386574074074,379,1,30,0,"{""type"":""Point"",""coordinates"":[95.96884421787907,28.301392671397736]}",0.1049060386283845,BG-0319,2024-08-29,background,2026,"{""type"":""Point"",""coordinates"":[95.9688436632088,28.30139052535308]}"
000000000000000000f3,0.1885182029983793,0.0772802724878444,0.0303170684764991,0.0565240022285251,0.0323779983792544,0.0813865832658022,0.2727096029173422,0.3524809106564021,0.3478247771474878,0.3877167645867099,0.6364179980730046,0.2970236957436872,0.8296803681435665,-0.7204195728462325,4926.14786923685,1000,2024-09-01,1.8292939814814813,371,1,17,0,"{""type"":""Point"",""coordinates"":[94.90924587095292,25.739442915746725]}",0.0810545257782722,BG-0244,2024-09-03,background,2026,"{""type"":""Point"",""coordinates"":[94.90924743490247,25.73944246373027]}"
000000000000000000aa,0.4977706069964056,0.336765002784387,0.8175292917531516,0.8273270490558391,0.7990173492634027,0.7582402673011696,0.7788227762871462,0.8243865590036957,0.7624249734217586,0.8259268414924313,0.3872487739622017,0.2100105495827355,-0.0234349839952572,0.0408252826330309,19205.874873486264,1000,2024-09-04,1.822349537037037,367,1,13,0,"{""type"":""Point"",""coordinates"":[95.24136417651462,27.9513086476917]}",0.0512282041231234,BG-0171,2024-09-06,background,2026,"{""type"":""Point"",""coordinates"":[95.2413646496476,27.95131038286512]}"
00000000000000000068,0.47464874366768,0.3105021631205675,1.029202066869301,1.0472982877406276,1.0226834042553186,1.0542864792299904,1.0473862613981766,1.033278566362715,1.06916047112462,1.0155188095238092,0.5498868268032162,0.385094039963302,0.0222182292934552,-0.0103296051918885,9017.79173134165,1000,2024-09-02,4.814571759259259,362,1,10,0,"{""type"":""Point"",""coordinates"":[92.24954816110933,27.2518228427408]}",0.0316426027601748,BG-0105,2024-09-07,background,2026,"{""type"":""Point"",""coordinates"":[92.24954876626119,27.251824035441523]}"
00000000000000000087,0.5305546473302568,0.3712032300593273,0.4147165965214744,0.4517151462907558,0.4507102581005019,0.461393093656508,0.5639349576593476,0.6148805689366663,0.5910454692966884,0.6404033264033262,0.228467172140103,0.0539326102678638,0.1347102852477824,-0.1336167869434157,14818.777995860952,1000,2024-09-02,4.814571759259259,359,1,7,0,"{""type"":""Point"",""coordinates"":[91.65853444838456,24.005396616284806]}",0.0409045117086593,BG-0136,2024-09-07,background,2026,"{""type"":""Point"",""coordinates"":[91.65853349363209,24.005396681945086]}"
0000000000000000012e,0.2929163372859023,0.213377156177156,0.2388943903922164,0.2739153187392318,0.2672566889632105,0.2896498885172797,0.4130535015708926,0.4691329887503799,0.4348723117462246,0.4877524272828621,0.3416819704898671,0.1950510971132993,0.2387248249447813,-0.2270877567329322,5964.46703976841,1000,2024-09-04,2.822349537037037,360,1,8,0,"{""type"":""Point"",""coordinates"":[94.64533843420578,26.29373593129637]}",0.0995976556040093,BG-0303,2024-09-07,background,2026,"{""type"":""Point"",""coordinates"":[94.64533683786574,26.293737847902925]}"
00000000000000000000,0.3537898714314639,0.1940401295808868,0.6331727373962337,0.6463370824053454,0.6277228487548087,0.6241251316055882,0.6713410963757847,0.6937580431261391,0.6530364294391575,0.6982977778902614,0.5418592864726051,0.2972176608308002,0.0197645108767388,-0.0051558285379407,17937.75286923133,1000,2024-09-29,0.8223263888888889,402,1,12,0,"{""type"":""Point"",""coordinates"":[94.81984981303344,28.57731292638286]}",0.0004234378458233,BG-0001,2024-09-30,background,2026,"{""type"":""Point"",""coordinates"":[94.81985024377579,28.577311606838986]}"
00000000000000000028,0.1844073253573964,0.0851537463246476,0.013061573557741,0.0489379042887559,0.034085105951536,0.0795452549934097,0.2765176822467808,0.3770296360133835,0.3630244955895772,0.4070195782216365,0.6200005338905099,0.326282038050328,0.8283340124778766,-0.7624156752984786,20556.238223474287,1000,2024-09-24,5.822349537037037,399,1,9,0,"{""type"":""Point"",""coordinates"":[93.28993670069721,25.082443425633073]}",0.0145464518500337,BG-0041,2024-09-30,background,2026,"{""type"":""Point"",""coordinates"":[93.28993575256465,25.08244182360667]}"
000000000000000000a3,0.2604908132759058,0.160557669115784,0.0542740005067139,0.0854803242969343,0.0849177603242969,0.1147019305801874,0.2179171877375222,0.2705397669115784,0.2592719179123384,0.2990063288573601,0.2351293282956304,-0.0023450995818435,0.5065641668317854,-0.5041057673815169,23563.196911346786,1000,2024-09-20,9.807650462962965,399,1,9,0,"{""type"":""Point"",""coordinates"":[88.63074240568005,26.8527912667711]}",0.0493510782989896,BG-0164,2024-09-30,background,2026,"{""type"":""Point"",""coordinates"":[88.63074288694571,26.85278956081197]}"
000000000000000000e1,0.3492981293724019,0.2774308070566763,0.3225553634796714,0.3493798641387001,0.3269824495589577,0.358402266044814,0.4543590286930953,0.5003308425428369,0.4744286424008921,0.5089478708303762,0.2620141776316578,0.151907789471396,0.183983219500188,-0.1517935020936594,8758.109399261382,1000,2024-09-27,2.8145949074074075,408,1,18,0,"{""type"":""Point"",""coordinates"":[92.40088113266117,25.009608469026077]}",0.07483337991547,BG-0226,2024-09-30,background,2026,"{""type"":""Point"",""coordinates"":[92.40088021852448,25.009608658103193]}"
00000000000000000135,0.2713358000303905,0.1652010079521856,0.1463445069138429,0.1747347667527732,0.1664827280555134,0.2100396444309375,0.4007179557311455,0.4753004659879453,0.4524367978524035,0.5032167198500735,0.4650553887743957,0.2502180910852058,0.4620214063814081,-0.4427847925064205,21083.73104769632,1000,2024-09-29,0.8223263888888889,414,1,24,0,"{""type"":""Point"",""coordinates"":[94.05884179084815,28.410132309687068]}",0.1013018268825497,BG-0310,2024-09-30,background,2026,"{""type"":""Point"",""coordinates"":[94.05884229880614,28.410133403600454]}"
00000000000000000041,0.4014965632603406,0.287513559407948,0.4403639142335767,0.4580211577453365,0.4425757806163828,0.470229480940795,0.5259975111516623,0.5463560675182482,0.5586608120437955,0.5586292528386051,0.3204389801721981,0.1636859256886633,0.115941658823103,-0.0989883339028156,15276.274961999185,1000,2024-09-27,3.814594907407408,424,1,35,0,"{""type"":""Point"",""coordinates"":[92.23255452699463,25.29022415742048]}",0.0213661191306366,BG-0066,2024-10-01,background,2026,"{""type"":""Point"",""coordinates"":[92.2325546144477,25.290225418209072]}"
00000000000000000070,0.387473739421274,0.2689338063142958,0.4229325951451881,0.4569957279683777,0.447576759742563,0.4821070744438248,0.551544554806669,0.5823969137992197,0.5501054021182792,0.58662324532509,0.3432944270666499,0.1734591305326562,0.1027668392752289,-0.0924531522885787,16094.563267051764,1000,2024-09-27,3.814594907407408,398,1,9,0,"{""type"":""Point"",""coordinates"":[91.70774954671143,25.13116802284407]}",0.0339957101072228,BG-0113,2024-10-01,background,2026,"{""type"":""Point"",""coordinates"":[91.7077494821321,25.131165871108294]}"
00000000000000000074,0.1862464249544257,0.156440723111201,0.0724360542839781,0.0922689791371278,0.1016588667206805,0.1130622392140975,0.1239181891837148,0.1300034585780838,0.1398626038079805,0.1430439639457159,-0.055949825051213,-0.1422340906121896,0.15817946538532,-0.2050286482650102,20059.125865548795,1000,2024-09-30,0.807650462962963,401,1,12,0,"{""type"":""Point"",""coordinates"":[88.86742257139485,27.574215848904945]}",0.0354629208154029,BG-0117,2024-10-01,background,2026,"{""type"":""Point"",""coordinates"":[88.86742216339707,27.57421572902798]}"
0000000000000000001d,0.508606211117293,0.3525536290526531,0.6811102018107331,0.6945719083506149,0.6808025694198574,0.6904755399322241,0.7174490718729456,0.7398192757068435,0.7003701987759852,0.741932436396743,0.3303340284744118,0.1586168150920497,0.0141674016507637,-0.0041566530938792,21598.266297354545,1000,2024-10-01,2.8292939814814817,433,1,42,0,"{""type"":""Point"",""coordinates"":[95.97087310885838,28.14027643213463]}",0.0114330749434181,BG-0030,2024-10-04,background,2026,"{""type"":""Point"",""coordinates"":[95.97087509877774,28.140274265634837]}"
00000000000000000095,0.2703339225120283,0.130361488984553,0.7604975234236515,0.7510313395796397,0.7152825626740942,0.6949776804254242,0.7189090098759173,0.7357140187389211,0.7049088478095719,0.7297877639908836,0.687857970666366,0.4456069181156157,-0.0073044483919174,0.0316788369258318,12607.534446950982,1000,2024-09-29,4.8223263888888885,414,1,23,0,"{""type"":""Point"",""coordinates"":[95.05309647093708,28.034078481445764]}",0.0469211389628073,BG-0150,2024-10-04,background,2026,"{""type"":""Point"",""coordinates"":[95.05309659672348,28.034077042457643]}"
000000000000000000a8,0.1992408079476912,0.1290157331846521,0.1770164123878555,0.1832788585331238,0.1665066906584216,0.1879880277763698,0.2696330224542551,0.2934188808353186,0.3085225606974506,0.3091151300116581,0.410265409960134,0.2152218129506946,0.298962368388208,-0.2546631572561768,23440.46645438721,1000,2024-10-02,1.8145717592592592,402,1,11,0,"{""type"":""Point"",""coordinates"":[92.15955012454762,27.35420380292793]}",0.0506962280886682,BG-0169,2024-10-04,background,2026,"{""type"":""Point"",""coordinates"":[92.15955057546249,27.35420288630804]}"
000000000000000000d8,0.1479348713533225,0.0553879102512155,0.0154698591977309,0.0421143334683954,0.0202999544165316,0.0604650779983792,0.219870223865478,0.2926490933954619,0.2827971839546191,0.3199707961912481,0.6724402630382994,0.3131002462885657,0.8660498444450918,-0.7407642929840175,17641.153377238417,1000,2024-09-30,3.807650462962963,400,1,9,0,"{""type"":""Point"",""coordinates"":[88.50185654883127,26.800976512530053]}",0.0703934602632231,BG-0217,2024-10-04,background,2026,"{""type"":""Point"",""coordinates"":[88.50185836183802,26.80097797944369]}"
000000000000000000ef,0.3583017168903519,0.3098508533806026,0.2599553861737149,0.2973750468473031,0.3191181818181818,0.3448534565712839,0.3572195036718156,0.3593423347682958,0.3772116282603191,0.3708026994175741,0.0980417017078821,0.0257098140973818,0.0834280618197117,-0.1183488858570754,24328.44227899356,1000,2024-10-03,0.8007060185185185,414,1,23,0,"{""type"":""Point"",""coordinates"":[88.30484900518896,27.904769009996887]}",0.0797600724408587,BG-0240,2024-10-04,background,2026,"{""type"":""Point"",""coordinates"":[88.30484703155146,27.90476680895552]}"
00000000000000000079,0.2079352258326152,0.1938214173467835,0.6968925685608555,0.7084154965276016,0.703503665027627,0.7114994525269934,0.7264819485983679,0.744518502559943,0.7409121609976176,0.7439284229735897,0.5852905644192652,0.561709862473766,0.025898702642252,-0.0224218894197501,10405.759511206965,1000,2024-10-04,0.8223495370370371,425,1,38,0,"{""type"":""Point"",""coordinates"":[92.39382237569356,25.256250266494277]}",0.0366035488449988,BG-0122,2024-10-05,background,2026,"{""type"":""Point"",""coordinates"":[92.39382454676755,25.256252295207734]}"
