system:index,B11,B12,B2,B3,B4,B5,B6,B7,B8,B8A,NBR,NDMI,NDVI,NDWI,aspect,casualty,dem_source,district,elevation,event_date,event_day_of_year,event_month,event_time_raw,event_type,has_casualty,hls_cloud_cover,hls_date,hls_days_before_event,hls_image_count,hls_valid,hls_valid_image_count,landslide_name,landslide_target,location,rainfall_24h_mm,record_id,road_affected,road_affected_flag,slide_id,slide_no,slope,source,source_code,state,state_code,year,.geo
000000000000000000c1,0.1632251503968455,0.0804757241797685,0.0211188868105758,0.0501257216520903,0.0376608715434002,0.075170006571963,0.210841160709772,0.2718442394216673,0.264455704969415,0.2947617309539457,0.5332689231633766,0.2363340203166989,0.7509171317448707,-0.6810464279372298,30.93712574647673,0,PART2,West Garo Hills,397.7198181152344,2024-06-15,167.0,6.0,,1.0,0,,2024-06-02,12.807650462962965,380,1,24,Rongkon Landslide,1,Near Rongkon Poultry Farm,125.69000244140624,LS-0194,,0,Newspapers & Media/2024/Meghalaya/203,74,8.793879971865524,Field Survey,2,Meghalaya,3,2024,"{""type"":""Point"",""coordinates"":[90.23077042298067,25.54553890643763]}"
000000000000000000dd,0.3796620252522691,0.2749725470310836,0.4705810050200293,0.468803929821003,0.4424807514831903,0.434775604685361,0.4868106485472337,0.5142693778205975,0.4856261954261952,0.5192346382029308,0.2780941315647152,0.1228545731285311,0.0473380124600614,-0.0182359303141301,225.61704618208967,0,PART2,East Khasi Hills,1761.984130859375,2024-06-19,171.0,6.0,,2.0,0,,2024-06-04,14.814456018518518,359,1,7,Pomlum Landslide,1,Pomlum village in Laitlyngkot,349.0,LS-0222,,0,Newspapers & Media/2024/Meghalaya/64,24,16.862459284893784,Field Survey,2,Meghalaya,3,2024,"{""type"":""Point"",""coordinates"":[91.82858226705771,25.51894928685594]}"
000000000000000000e1,0.3429071490094746,0.2645578000709327,0.2526402948776409,0.2767387292901656,0.2741643005522621,0.2934531286416373,0.3681021077164714,0.3891667021330494,0.375723843542585,0.3979791862998428,0.18030261666184,0.048279741928315,0.1734649905218706,-0.170386508619919,68.98434066365888,0,PART2,East Khasi Hills,1739.510009765625,2024-06-28,180.0,6.0,,1.0,0,,2024-06-24,3.814456018518519,362,1,6,Sohiong Landslide,1,Mawmaram Road,43.61000061035156,LS-0226,,0,Newspapers & Media/2024/Meghalaya/81,26,13.87607452676314,Field Survey,2,Meghalaya,3,2024,"{""type"":""Point"",""coordinates"":[91.70037419356905,25.510164857780648]}"
00000000000000000115,0.4311892925914664,0.3079648930779365,0.7251100182426268,0.725940245261984,0.6984980642545858,0.6970968987534201,0.7359839262187087,0.7501706293706291,0.7166315090706394,0.747133343468126,0.398789087889774,0.2486184156634076,0.0128424506991537,0.0063999605040363,312.81981410044847,0,PART2,Ri Bhoi,693.5777587890625,2024-07-06,188.0,7.0,,3.0,0,,2024-07-04,1.8144560185185183,361,1,6,Umran Landslide,1,"GS Road, Umran Villahge, Ri Bhoi",28.959999084472656,LS-0278,,0,Newspapers & Media/2024/Meghalaya/130,48,24.150330282326173,Field Survey,2,Meghalaya,3,2024,"{""type"":""Point"",""coordinates"":[91.87471612655666,25.781193478910144]}"
0000000000000000011d,0.2001480967104262,0.089898013077196,0.0290841603730548,0.0607899437376451,0.038354087890922,0.0826876172132393,0.2660273049825129,0.3570364995691621,0.3408631658979167,0.3828565816817882,0.5751627784957842,0.2557392360905183,0.7869982387548164,-0.6883782623449107,256.58628759825973,0,PART2,Ri Bhoi,592.1676025390625,2024-07-14,196.0,7.0,,3.0,0,,2024-07-09,4.814479166666667,364,1,6,Pahamrinai Landslide,1,"GS Road, PahamrinaiVillahge, Ri Bhoi",0.8989999890327454,LS-0286,,0,Newspapers & Media/2024/Meghalaya/129,47,33.192020951779206,Field Survey,2,Meghalaya,3,2024,"{""type"":""Point"",""coordinates"":[91.87530472789572,25.809076237797342]}"
000000000000000000a9,0.5309384108644978,0.3558207053815749,0.6787689824668084,0.6871923685010642,0.6600910408432146,0.6687688000405393,0.7113102310732745,0.7370598662207358,0.7101241208067298,0.7405385527515963,0.3324140046818478,0.1444257195170644,0.0367322958157465,-0.0166435236957742,103.75303912102856,0,PART2,Ri Bhoi,570.809814453125,2024-06-14,166.0,6.0,,2.0,0,,2024-06-04,9.814456018518518,366,1,8,Ri Palei Landslide,1,Ri Bhoi region,107.0,LS-0170,NH 6,1,Newspapers & Media/2024/Meghalaya/57,19,8.501349014637618,Field Survey,2,Meghalaya,3,2024,"{""type"":""Point"",""coordinates"":[91.87428805285553,25.827808921322866]}"
000000000000000000aa,0.4871862553234639,0.3432025400527276,0.582069250659096,0.5862663911985402,0.5594237578584467,0.5655630348813628,0.6161852970999802,0.6451758010545533,0.6191604644088422,0.6506330916649772,0.2870105402216021,0.1193800875896799,0.0510018303865149,-0.0275427097790271,282.1817194695362,0,PART2,Ri Bhoi,606.1914672851562,2024-06-14,166.0,6.0,,2.0,0,,2024-06-04,9.814456018518518,366,1,8,Umsamlem Landslide,1,Ri Bhoi region,107.0,LS-0171,NH 6,1,Newspapers & Media/2024/Meghalaya/58,20,24.12518058851778,Field Survey,2,Meghalaya,3,2024,"{""type"":""Point"",""coordinates"":[91.87518879126833,25.800586109391578]}"
000000000000000000ab,0.5585133563032019,0.433053947101743,0.6062986623429266,0.6150107620591811,0.5938956576813944,0.5795808066477501,0.6232212049047428,0.655406814957438,0.6095819314957436,0.6651890808674503,0.1693091343060734,0.0437215473417616,0.0130711563308673,0.0044025472928053,209.7608780331432,0,PART2,Ri Bhoi,967.6685791015624,2024-06-14,166.0,6.0,,2.0,0,,2024-06-04,9.814456018518518,366,1,8,Umiam Landslide,1,Ri Bhoi region,234.0,LS-0172,NH 6,1,Newspapers & Media/2024/Meghalaya/59,21,31.31557830685353,Field Survey,2,Meghalaya,3,2024,"{""type"":""Point"",""coordinates"":[91.89985207919493,25.679204919615728]}"
000000000000000000b1,0.1918066922960191,0.0976445697809702,0.0220174768577065,0.0503660225605746,0.0386477161211998,0.0790496787900248,0.2224764530325257,0.2721604178258892,0.2672801557994841,0.2992180788102584,0.4638022111502244,0.1632325413552654,0.7459504043471222,-0.6811866997145721,133.92405099217933,0,PART2,West Garo Hills,422.2034606933594,2024-06-15,167.0,6.0,,1.0,0,,2024-05-25,20.81457175925926,370,1,14,Rongram Landslide,1,Near Rongram Nepali Baptist Church,125.69000244140624,LS-0178,NH 217,1,Newspapers & Media/2024/Meghalaya/187,58,12.03727384356741,Field Survey,2,Meghalaya,3,2024,"{""type"":""Point"",""coordinates"":[90.25729315604656,25.59974373884332]}"
000000000000000000b2,0.2013573082562312,0.0941542949593002,0.022235932049143,0.0530869760857474,0.0365943374285858,0.0862342332777187,0.2645964052783253,0.3317132261489459,0.3265332726629253,0.365709914555842,0.5526578864806714,0.2371929555017402,0.7981507668925538,-0.7199246817932742,64.64004677250267,0,PART2,East Garo Hills,465.4007568359375,2024-06-15,167.0,6.0,,1.0,0,,2024-05-25,20.81457175925926,370,1,14,Mangrure Landslide 1,1,Tura Williamnagar Road,125.69000244140624,LS-0179,SH 1,1,Newspapers & Media/2024/Meghalaya/188,59,27.4118351866326,Field Survey,2,Meghalaya,3,2024,"{""type"":""Point"",""coordinates"":[90.42024654494368,25.556717872778624]}"
000000000000000000b3,0.2012061669109842,0.0935832381337512,0.0222962341404236,0.0531947328514381,0.03624651973917,0.0863009755850982,0.2662135773138555,0.3332243845726129,0.3279477885052824,0.3673312945458224,0.5561763494530866,0.2395543896048522,0.8005746798837697,-0.720441862897934,60.21851201023378,0,PART2,East Garo Hills,476.2195739746094,2024-06-15,167.0,6.0,,1.0,0,,2024-05-25,20.81457175925926,370,1,14,Mangrure Landslide 2,1,Tura Williamnagar Road,125.69000244140624,LS-0180,SH 1,1,Newspapers & Media/2024/Meghalaya/189,60,27.59077955988232,Field Survey,2,Meghalaya,3,2024,"{""type"":""Point"",""coordinates"":[90.42012169011419,25.55650383592806]}"
000000000000000000b4,0.2008006975333603,0.0929064698746462,0.0221845531742822,0.0531252122927618,0.035774100283057,0.0862221188839465,0.2672417205822888,0.3342120653052972,0.328880059644157,0.3684111251516379,0.5596575460204903,0.2418707202387066,0.803449923229214,-0.7214894954013579,60.21848850998339,0,PART2,East Garo Hills,476.2195739746094,2024-06-15,167.0,6.0,,1.0,0,,2024-05-25,20.81457175925926,370,1,14,Mangrure Landslide 3,1,Tura Williamnagar Road,125.69000244140624,LS-0181,SH 1,1,Newspapers & Media/2024/Meghalaya/190,61,27.590762703621216,Field Survey,2,Meghalaya,3,2024,"{""type"":""Point"",""coordinates"":[90.42005034449733,25.55638789930067]}"
000000000000000000b5,0.1978624001213715,0.0896540052594315,0.0214894356225346,0.0524062354607059,0.0334390361080206,0.0849131789218165,0.2668660564377464,0.3290660614948924,0.3243630676646102,0.3627078992616568,0.5665192226060931,0.241702078488966,0.8124307652827483,-0.7213316054217581,359.7993900020092,0,PART2,East Garo Hills,471.3088684082031,2024-06-15,167.0,6.0,,1.0,0,,2024-05-25,20.81457175925926,370,1,14,Simsang Landslide 1,1,Tura Williamnagar Road,125.69000244140624,LS-0182,SH 1,1,Newspapers & Media/2024/Meghalaya/191,62,25.70820314164706,Field Survey,2,Meghalaya,3,2024,"{""type"":""Point"",""coordinates"":[90.41259472753599,25.54998908928897]}"
000000000000000000b6,0.1985456765776699,0.0901259759304207,0.0215794447815533,0.0525804055420712,0.0335965109223301,0.0852215716019417,0.2674420408576049,0.3296677538430421,0.3248668992718447,0.3633504500404531,0.5652797533172961,0.2408123527444258,0.8118774829018386,-0.7208928808821121,4.070201228277313,0,PART2,East Garo Hills,472.2780456542969,2024-06-15,167.0,6.0,,1.0,0,,2024-05-25,20.81457175925926,370,1,14,Simsang Landslide 2,1,Tura Williamnagar Road,125.69000244140624,LS-0183,SH 1,1,Newspapers & Media/2024/Meghalaya/192,63,28.270287136272216,Field Survey,2,Meghalaya,3,2024,"{""type"":""Point"",""coordinates"":[90.41268390955705,25.550020302996348]}"
000000000000000000b7,0.1956539402517312,0.0873588080675327,0.0210378001314259,0.0522757923469645,0.0325691148966284,0.0845446342819593,0.2675052317646463,0.3325083758782792,0.3273629934792498,0.3658280493352879,0.5783283407238281,0.2514457477035771,0.818601818973635,-0.724391133333752,13.031616087986947,0,PART2,East Garo Hills,463.8292846679688,2024-06-15,167.0,6.0,,1.0,0,,2024-05-25,20.81457175925926,370,1,14,Simsang Landslide 3,1,Tura Williamnagar Road,125.69000244140624,LS-0184,SH 1,1,Newspapers & Media/2024/Meghalaya/193,64,28.395175863225987,Field Survey,2,Meghalaya,3,2024,"{""type"":""Point"",""coordinates"":[90.40864396400264,25.549017005259326]}"
000000000000000000b8,0.1894271757808551,0.092252183361973,0.0189477711513191,0.0491353128474679,0.0343939401597088,0.0809069190336601,0.2405959213585365,0.2976193823915902,0.2935435509956534,0.3269933943192156,0.5215234205707636,0.2148190579789212,0.7885868371374984,-0.7115888813994364,293.9760842898777,0,PART2,East Garo Hills,494.89947509765625,2024-06-15,167.0,6.0,,1.0,0,,2024-05-25,20.81457175925926,370,1,14,Durakalakgre Landslide,1,Tura Williamnagar Road,125.69000244140624,LS-0185,SH 1,1,Newspapers & Media/2024/Meghalaya/194,65,19.9359177207302,Field Survey,2,Meghalaya,3,2024,"{""type"":""Point"",""coordinates"":[90.38567959357736,25.547884393591747]}"
000000000000000000b9,0.1884869134304206,0.0914037368527507,0.0192922987459546,0.0504107504045307,0.0350881725323624,0.082195878843042,0.2365092485841424,0.2902547987459546,0.2853188713592232,0.317794483211974,0.510957201703692,0.201349441080263,0.7757168898432699,-0.6956466867166557,307.1229804840693,0,PART2,West Garo Hills,520.6331787109375,2024-06-15,167.0,6.0,,1.0,0,,2024-05-25,20.81457175925926,370,1,14,Matchurigre Landslide 1,1,Tura Williamnagar Road,125.69000244140624,LS-0186,SH 1,1,Newspapers & Media/2024/Meghalaya/195,66,21.47122807721512,Field Survey,2,Meghalaya,3,2024,"{""type"":""Point"",""coordinates"":[90.35146045209324,25.561542620118455]}"
000000000000000000ba,0.1873245588309652,0.08907641199373,0.0189021388481569,0.0498512817919805,0.0335905900793851,0.0812896091419325,0.2384311725742024,0.2936302169186429,0.2891767153764473,0.3217656216817514,0.5256778048132112,0.2111940904821286,0.7874415389409438,-0.7025150072410017,290.0070520640517,0,PART2,West Garo Hills,522.86181640625,2024-06-15,167.0,6.0,,1.0,0,,2024-05-25,20.81457175925926,370,1,14,Matchurigre Landslide 2,1,Tura Williamnagar Road,125.69000244140624,LS-0187,SH 1,1,Newspapers & Media/2024/Meghalaya/196,67,26.760116969684507,Field Survey,2,Meghalaya,3,2024,"{""type"":""Point"",""coordinates"":[90.35138018827426,25.561885970899567]}"
000000000000000000bb,0.1873245588309652,0.08907641199373,0.0189021388481569,0.0498512817919805,0.0335905900793851,0.0812896091419325,0.2384311725742024,0.2936302169186429,0.2891767153764473,0.3217656216817514,0.5256778048132112,0.2111940904821286,0.7874415389409438,-0.7025150072410017,290.0070525253569,0,PART2,West Garo Hills,522.86181640625,2024-06-15,167.0,6.0,,1.0,0,,2024-05-25,20.81457175925926,370,1,14,Matchurigre Landslide 3,1,Tura Williamnagar Road,125.69000244140624,LS-0188,SH 1,1,Newspapers & Media/2024/Meghalaya/197,68,26.760116460332075,Field Survey,2,Meghalaya,3,2024,"{""type"":""Point"",""coordinates"":[90.35138018827426,25.561885970899567]}"
000000000000000000bc,0.2046819349618167,0.0997933242300106,0.020382587366611,0.0527936681333131,0.0362103777878925,0.0864464724624487,0.2513723208415517,0.3081736509381482,0.3037658473676226,0.3381464674050473,0.5015730485328634,0.1915500436587557,0.7824329975885581,-0.7007527775104967,12.066611665766745,0,PART2,West Garo Hills,532.6704711914062,2024-06-15,167.0,6.0,,1.0,0,,2024-05-25,20.81457175925926,370,1,14,Matchurigre Landslide 4,1,Tura Williamnagar Road,125.69000244140624,LS-0189,SH 1,1,Newspapers & Media/2024/Meghalaya/198,69,26.19616902861012,Field Survey,2,Meghalaya,3,2024,"{""type"":""Point"",""coordinates"":[90.34938251100232,25.561703147756376]}"
000000000000000000bd,0.2064121181468743,0.1001814383977341,0.0201959083552498,0.0523042383168116,0.0359677473194416,0.0873225116326117,0.2583805988266236,0.3154477796884483,0.3118193607121181,0.3460702559174589,0.5119796503362583,0.2018144891988336,0.7899906767790094,-0.7105339385667002,5.297132783992936,0,PART2,West Garo Hills,616.4326171875,2024-06-15,167.0,6.0,,1.0,0,,2024-05-25,20.81457175925926,370,1,14,Matchurigre Landslide 5,1,Tura Williamnagar Road,125.69000244140624,LS-0190,SH 1,1,Newspapers & Media/2024/Meghalaya/199,70,26.25953548433628,Field Survey,2,Meghalaya,3,2024,"{""type"":""Point"",""coordinates"":[90.34141409741981,25.557145946479757]}"
000000000000000000be,0.2032903100187124,0.1000341273453699,0.0200054215344156,0.0511906033479997,0.0367747129924644,0.0855869620189147,0.2500764577959845,0.3065844130885551,0.3031836595357305,0.3367671622920145,0.5012153507832878,0.1947866685853231,0.7798784983300754,-0.7082167121328303,80.43656897373671,0,PART2,West Garo Hills,629.3353271484375,2024-06-15,167.0,6.0,,1.0,0,,2024-05-25,20.81457175925926,370,1,14,Matchurigre Landslide 6,1,Tura Williamnagar Road,125.69000244140624,LS-0191,SH 1,1,Newspapers & Media/2024/Meghalaya/200,71,10.167173111784589,Field Survey,2,Meghalaya,3,2024,"{""type"":""Point"",""coordinates"":[90.34120006056925,25.556209535258528]}"
000000000000000000bf,0.2083506976038822,0.1037062834900414,0.0208785158224648,0.0530046304721463,0.0384281771307249,0.0885871549893842,0.2540360630876553,0.3095628601759174,0.3061011323425336,0.3400854564755837,0.4896543579326774,0.1865271528594922,0.7723210574550078,-0.7016014896532166,37.22353056153327,0,PART2,West Garo Hills,612.1469116210938,2024-06-15,167.0,6.0,,1.0,0,,2024-05-25,20.81457175925926,370,1,14,Matchurigre Landslide 7,1,Tura Williamnagar Road,125.69000244140624,LS-0192,SH 1,1,Newspapers & Media/2024/Meghalaya/201,72,23.41813627254723,Field Survey,2,Meghalaya,3,2024,"{""type"":""Point"",""coordinates"":[90.34061591833125,25.555085841793062]}"
000000000000000000c0,0.1647179764803398,0.0840768481583173,0.0224245816712428,0.0516396829508366,0.0393122830648085,0.075586204216961,0.211687737657359,0.2727338392995907,0.265365326633166,0.2953775630730975,0.5152882664189058,0.2311500299517188,0.7385236936681943,-0.6705789369986203,257.0657507413964,0,PART2,West Garo Hills,437.5877075195313,2024-06-15,167.0,6.0,,1.0,0,,2024-06-02,12.807650462962965,378,1,22,Chasingre Landslide,1,Tura RongramDedenggre Road,125.69000244140624,LS-0193,NH 217,1,Newspapers & Media/2024/Meghalaya/202,73,10.411557975141214,Field Survey,2,Meghalaya,3,2024,"{""type"":""Point"",""coordinates"":[90.23600986671846,25.556378981098565]}"
000000000000000000c2,0.2380600323542793,0.1266372377533997,0.0270321823972498,0.0613284060462059,0.0506429250290683,0.0939460795713058,0.2416901370001516,0.2905523381022191,0.2843951013598909,0.3235668671957939,0.3849921153345577,0.0884794550260637,0.6995204432508436,-0.6444778513839184,155.77778434173206,0,PART1,West Garo Hills,112.13970184326172,2024-06-15,167.0,6.0,,1.0,0,,2024-05-25,20.81457175925926,370,1,14,Rengsipara Landslide 1,1,Paikan Tura Dalu Road,125.69000244140624,LS-0195,NH 217,1,Newspapers & Media/2024/Meghalaya/204,75,3.4597596905591224,Field Survey,2,Meghalaya,3,2024,"{""type"":""Point"",""coordinates"":[90.2045598269885,25.308287975787994]}"
000000000000000000c3,0.2367963320853991,0.1254513811595669,0.0269663614287159,0.0609617221491449,0.0500757411717089,0.0932196903774156,0.2409692401092783,0.289828048163513,0.2838824951937669,0.3229037792168368,0.3880898314517699,0.090166665145215,0.7016630618100465,-0.6456045126824895,169.53550399907795,0,PART1,West Garo Hills,116.37973022460938,2024-06-15,167.0,6.0,,1.0,0,,2024-05-25,20.81457175925926,370,1,14,Rengsipara Landslide 2,1,Paikan Tura Dalu Road,125.69000244140624,LS-0196,NH 217,1,Newspapers & Media/2024/Meghalaya/205,76,8.478199331960466,Field Survey,2,Meghalaya,3,2024,"{""type"":""Point"",""coordinates"":[90.20464454990852,25.308131907251123]}"
000000000000000000c4,0.1728182703865375,0.0838601695451382,0.0198161573986208,0.0530449421142531,0.0391453849560321,0.078375681660024,0.2269793509204782,0.2907133928006579,0.2800696400328967,0.3148276712848737,0.5329930934387733,0.2316751025896604,0.7479797273793592,-0.6750560548918898,350.5787560299501,0,PART1,West Garo Hills,321.2816467285156,2024-06-15,167.0,6.0,,1.0,0,,2024-06-02,12.807650462962965,378,1,22,Bolpuchring Landslide 1,1,Paikan Tura Dalu Road,125.69000244140624,LS-0197,NH 217,1,Newspapers & Media/2024/Meghalaya/206,77,33.19507460297655,Field Survey,2,Meghalaya,3,2024,"{""type"":""Point"",""coordinates"":[90.22067055909461,25.49654676316342]}"
000000000000000000c5,0.175139436020972,0.0847544849086013,0.0194752160974918,0.0530983704123565,0.0383669973076378,0.0792960606490009,0.2312251098200368,0.2966107127674648,0.2871212129800198,0.3223966274620943,0.5399547443312236,0.2388425539004785,0.7595258519921501,-0.6833563443062335,345.4088687402152,0,PART1,West Garo Hills,324.26202392578125,2024-06-15,167.0,6.0,,1.0,0,,2024-06-02,12.807650462962965,378,1,22,Bolpuchring Landslide 2,1,Paikan Tura Dalu Road,125.69000244140624,LS-0198,NH 217,1,Newspapers & Media/2024/Meghalaya/207,78,13.59162325044198,Field Survey,2,Meghalaya,3,2024,"{""type"":""Point"",""coordinates"":[90.22174074334744,25.496702831700297]}"
000000000000000000c6,0.2007558601851383,0.1022518589711164,0.0257811826597197,0.0578365622945014,0.0452894683595528,0.0879229551317719,0.2484339572057262,0.3038478881076433,0.2936052455865244,0.3324463452880772,0.4830513494904365,0.1863117477241823,0.7321440627852748,-0.6674670021671083,218.01245362302907,0,PART1,West Garo Hills,326.5908203125,2024-06-15,167.0,6.0,,1.0,0,,2024-05-25,20.81457175925926,376,1,20,Bolpuchring Landslide 3,1,Paikan Tura Dalu Road,125.69000244140624,LS-0199,NH 217,1,Newspapers & Media/2024/Meghalaya/208,79,23.43372236216661,Field Survey,2,Meghalaya,3,2024,"{""type"":""Point"",""coordinates"":[90.22228921277701,25.496123148563345]}"
000000000000000000c7,0.2136582427032222,0.1031170114826242,0.0248336132328392,0.0554816075674035,0.0407803581364763,0.0875158531033435,0.2524720977287673,0.3105330112802872,0.3034090444635541,0.3442976023066417,0.4919764420899971,0.1727341615795765,0.7611589553701683,-0.6885705623836696,74.1074008271438,0,PART1,West Garo Hills,241.8148193359375,2024-06-15,167.0,6.0,,1.0,0,,2024-05-25,20.81457175925926,370,1,14,Derengre Landslide,1,Paikan Tura Dalu Road,125.69000244140624,LS-0200,NH 217,1,Newspapers & Media/2024/Meghalaya/209,80,12.034631309550257,Field Survey,2,Meghalaya,3,2024,"{""type"":""Point"",""coordinates"":[90.22314090107821,25.476507563029234]}"
000000000000000000c8,0.2210039235514205,0.1052713570634037,0.0246889624835676,0.0574809940337749,0.0415171857619577,0.0915619779553038,0.2575860046516331,0.3124707756092627,0.3043672110425724,0.3467074527252503,0.4835817787162644,0.156577020893254,0.7569258894852311,-0.6794562746843164,85.25654854733284,0,PART1,West Garo Hills,206.6259002685547,2024-06-15,167.0,6.0,,1.0,0,,2024-05-25,20.81457175925926,370,1,14,Dinasagre Landslide 1,1,Paikan Tura Dalu Road,125.69000244140624,LS-0201,NH 217,1,Newspapers & Media/2024/Meghalaya/210,81,16.59286163584466,Field Survey,2,Meghalaya,3,2024,"{""type"":""Point"",""coordinates"":[90.22083108673253,25.470969359520858]}"
000000000000000000c9,0.22346790210851,0.1090150022753704,0.0253779794711027,0.0584161045659099,0.0442697527430854,0.0928431612479142,0.2507697830813573,0.3024042979218284,0.2936497244273652,0.3350112302169186,0.4572653353127622,0.1344156674297102,0.7364276715543552,-0.6661670384953455,77.24559683845581,0,PART1,West Garo Hills,197.1254272460937,2024-06-15,167.0,6.0,,1.0,0,,2024-05-25,20.81457175925926,370,1,14,Dinasagre Landslide 2,1,Paikan Tura Dalu Road,125.69000244140624,LS-0202,NH 217,1,Newspapers & Media/2024/Meghalaya/211,82,22.840540705017617,Field Survey,2,Meghalaya,3,2024,"{""type"":""Point"",""coordinates"":[90.22070623190304,25.469957143581727]}"
000000000000000000ca,0.2183593731041455,0.1030469868554095,0.0231549595551061,0.058877482305359,0.0367260414560161,0.0888043124368048,0.2736540394337715,0.3287195449949443,0.3196161324570273,0.3608469565217391,0.5098878956296481,0.1863389169215375,0.7911024401114378,-0.6865261468002297,182.9682055568504,0,PART1,West Garo Hills,146.43960571289062,2024-06-15,167.0,6.0,,1.0,0,,2024-05-25,20.81457175925926,370,1,14,Rongbretgre Landslide 1,1,Paikan Tura Dalu Road,125.69000244140624,LS-0203,NH 217,1,Newspapers & Media/2024/Meghalaya/212,83,18.706908348891435,Field Survey,2,Meghalaya,3,2024,"{""type"":""Point"",""coordinates"":[90.2230561781582,25.399735220192067]}"
000000000000000000cb,0.219984037439919,0.1025514141158613,0.0253998279787503,0.0631098507462686,0.0373284796357197,0.0941077864912724,0.2848584265115102,0.3381853933721224,0.3290027068049582,0.3705652112319756,0.5236433118347866,0.1973919968425705,0.7949661500862326,-0.6771607665976027,99.90980697304484,0,PART1,West Garo Hills,143.01535034179688,2024-06-15,167.0,6.0,,1.0,0,,2024-05-25,20.81457175925926,370,1,14,Rongbretgre Landslide 2,1,Paikan Tura Dalu Road,125.69000244140624,LS-0204,NH 217,1,Newspapers & Media/2024/Meghalaya/213,84,9.20789657203088,Field Survey,2,Meghalaya,3,2024,"{""type"":""Point"",""coordinates"":[90.22663683630412,25.396903691023123]}"
000000000000000000cc,0.2172370042492918,0.1005066116956697,0.0249342573856738,0.0632754350465398,0.0365227994738972,0.0945180443140429,0.2844805594900849,0.3363405149736949,0.3272016238365033,0.3681873381222177,0.529027873206358,0.2010519167319713,0.7980667468300612,-0.6750627342233037,309.17364023242146,0,PART1,West Garo Hills,146.65341186523438,2024-06-15,167.0,6.0,,1.0,0,,2024-05-25,20.81457175925926,370,1,14,Rongbretgre Landslide 3,1,Paikan Tura Dalu Road,125.69000244140624,LS-0205,NH 217,1,Newspapers & Media/2024/Meghalaya/214,85,6.778031343607663,Field Survey,2,Meghalaya,3,2024,"{""type"":""Point"",""coordinates"":[90.22618200799667,25.395994034408222]}"
000000000000000000cd,0.2090865173651483,0.0973415550275516,0.0243438147717506,0.0609904352661645,0.0360054850614225,0.0901501491330063,0.2761525049289722,0.3293966786310096,0.3199440776502703,0.360483135331884,0.5327278038595561,0.2088553270912964,0.797290431146094,-0.679096456941722,28.054758747248684,0,PART1,West Garo Hills,148.3535614013672,2024-06-15,167.0,6.0,,1.0,0,,2024-05-25,20.81457175925926,370,1,14,Rongbretgre Landslide 4,1,Paikan Tura Dalu Road,125.69000244140624,LS-0206,NH 217,1,Newspapers & Media/2024/Meghalaya/215,86,8.497379003398317,Field Survey,2,Meghalaya,3,2024,"{""type"":""Point"",""coordinates"":[90.22566475227447,25.39365746545621]}"
000000000000000000ce,0.23039049906457,0.1319003185518532,0.0250362340092026,0.0590669970167366,0.0499743894422814,0.0922739191990695,0.2159606462051879,0.2533906456995499,0.2478513980886889,0.2826051979572231,0.307072712447805,0.0364799569227217,0.6647355181972034,-0.6142679997851338,353.9637595968842,0,PART1,West Garo Hills,147.44151306152344,2024-06-15,167.0,6.0,,1.0,0,,2024-05-25,20.81457175925926,370,1,14,Santogre Landslide 1,1,Paikan Tura Dalu Road,125.69000244140624,LS-0207,NH 217,1,Newspapers & Media/2024/Meghalaya/216,87,20.14673930065327,Field Survey,2,Meghalaya,3,2024,"{""type"":""Point"",""coordinates"":[90.22225353996858,25.35569713818823]}"
000000000000000000cf,0.233281626978108,0.135488118711765,0.0252074371808483,0.0593422417715758,0.0507592497092876,0.0929800697709692,0.215231300874665,0.2520865261135547,0.246448268365438,0.2811013296931089,0.2924937029341134,0.0268515186925057,0.6571162756566727,-0.6097319391930415,6.029562400195687,0,PART1,West Garo Hills,149.1885223388672,2024-06-15,167.0,6.0,,1.0,0,,2024-05-25,20.81457175925926,370,1,14,Santogre Landslide 2,1,Paikan Tura Dalu Road,125.69000244140624,LS-0208,NH 217,1,Newspapers & Media/2024/Meghalaya/217,88,21.21490390764534,Field Survey,2,Meghalaya,3,2024,"{""type"":""Point"",""coordinates"":[90.22203504401696,25.355737270097713]}"
000000000000000000d0,0.2237737640279042,0.1109226771812759,0.0198363663936912,0.0534926852694368,0.0405183196845617,0.0875047821251643,0.2469009301385098,0.2988978161965423,0.2929833586088363,0.3335253412192903,0.4501282135992994,0.133142046898271,0.7564453987531782,-0.6897243291127351,32.072534384189964,0,PART1,West Garo Hills,173.54408264160156,2024-06-15,167.0,6.0,,1.0,0,,2024-05-25,20.81457175925926,370,1,14,Kherapara Landslide 1,1,Paikan Tura Dalu Road,125.69000244140624,LS-0209,NH 217,1,Newspapers & Media/2024/Meghalaya/218,89,8.33261962597472,Field Survey,2,Meghalaya,3,2024,"{""type"":""Point"",""coordinates"":[90.20377948430415,25.33871688137671]}"
000000000000000000d1,0.2353486450960565,0.1280223205257836,0.0271657381193124,0.06258,0.0527851567239636,0.0957624115267947,0.2412350910010111,0.289883842264914,0.2826555257836198,0.3216205005055611,0.3787241131418959,0.090111539214592,0.6867072870500768,-0.635322748352652,31.37339853982678,0,PART1,West Garo Hills,171.00950622558594,2024-06-15,167.0,6.0,,1.0,0,,2024-05-25,20.81457175925926,370,1,14,Kherapara Landslide 2,1,Paikan Tura Dalu Road,125.69000244140624,LS-0210,NH 217,1,Newspapers & Media/2024/Meghalaya/219,90,16.176748441671357,Field Survey,2,Meghalaya,3,2024,"{""type"":""Point"",""coordinates"":[90.20544718809815,25.324710844967836]}"
000000000000000000d2,0.2335435438170411,0.1246132159481887,0.0264606304391823,0.0615270744788504,0.0508209168184578,0.0945754553734061,0.2439093250354179,0.2940393189637724,0.2871717314308843,0.3264169145921878,0.3965963319899768,0.1018294793498596,0.6999653458490253,-0.6446427140561318,56.14292332103355,0,PART1,West Garo Hills,171.23382568359375,2024-06-15,167.0,6.0,,1.0,0,,2024-05-25,20.81457175925926,370,1,14,Kherapara Landslide 3,1,Paikan Tura Dalu Road,125.69000244140624,LS-0211,NH 217,1,Newspapers & Media/2024/Meghalaya/220,91,12.117051954437269,Field Survey,2,Meghalaya,3,2024,"{""type"":""Point"",""coordinates"":[90.2051350510244,25.324394248793038]}"
000000000000000000d3,0.2329514482131122,0.1232335641712581,0.0259928726684527,0.0609263407976545,0.0498249507152605,0.0939608704443208,0.2446617954809684,0.2952406005155941,0.2885546327655057,0.3279259364100489,0.4029876173429138,0.1054984600323198,0.7060297890890707,-0.6489806699755217,78.24290393655934,0,PART1,West Garo Hills,168.78060913085938,2024-06-15,167.0,6.0,,1.0,0,,2024-05-25,20.81457175925926,370,1,14,Kherapara Landslide 4,1,Paikan Tura Dalu Road,125.69000244140624,LS-0212,NH 217,1,Newspapers & Media/2024/Meghalaya/221,92,13.527729103910511,Field Survey,2,Meghalaya,3,2024,"{""type"":""Point"",""coordinates"":[90.2050681645086,25.324305066771974]}"
000000000000000000d4,0.2293249544902914,0.1190082220873786,0.0244045914239482,0.0584098300970873,0.0474960760517799,0.0913795459142395,0.2373943466828479,0.2864740847491909,0.2798040250809063,0.3194663329288026,0.4040818465053106,0.0987783761163858,0.7122416846717385,-0.654414755448626,300.96180752410845,0,PART1,West Garo Hills,142.03579711914062,2024-06-15,167.0,6.0,,1.0,0,,2024-05-25,20.81457175925926,370,1,14,Dopogre Landslide 1,1,Paikan Tura Dalu Road,125.69000244140624,LS-0213,NH 217,1,Newspapers & Media/2024/Meghalaya/222,93,3.260146883302801,Field Survey,2,Meghalaya,3,2024,"{""type"":""Point"",""coordinates"":[90.20006505312664,25.314874068043935]}"
000000000000000000d5,0.229483715051317,0.1192702462207391,0.0244738712776176,0.0584757217250619,0.047712533495121,0.0914358309317963,0.236838702664442,0.2858052125992212,0.2790881743263056,0.3187147833560846,0.4021507177934728,0.0971998984714869,0.7105945498564556,-0.6534347237446884,300.96179103869986,0,PART1,West Garo Hills,142.03579711914062,2024-06-15,167.0,6.0,,1.0,0,,2024-05-25,20.81457175925926,370,1,14,Dopogre Landslide 2,1,Paikan Tura Dalu Road,125.69000244140624,LS-0214,NH 217,1,Newspapers & Media/2024/Meghalaya/223,94,3.260148443426137,Field Survey,2,Meghalaya,3,2024,"{""type"":""Point"",""coordinates"":[90.20007397132873,25.314949872761837]}"
000000000000000000ee,0.1185151538188636,0.0611352541685672,0.0100987076174547,0.0377711266534894,0.0267472606558207,0.0570971010085652,0.1762506563276063,0.2131380923419998,0.2037094977446657,0.227241467741118,0.5335068011732392,0.2609993780468454,0.7430352432158982,-0.6496062593998964,276.8210359313259,0,PART2,Ri Bhoi,1004.84375,2024-06-30,182.0,6.0,,3.0,0,,2024-06-24,5.814456018518518,364,1,5,Umiam 2 Landslide,1,Near Umiam Fire Station,114.33999633789062,LS-0239,NH 6,1,Newspapers & Media/2024/Meghalaya/82,27,6.564668818897281,Field Survey,2,Meghalaya,3,2024,"{""type"":""Point"",""coordinates"":[91.90392769755779,25.669591097744497]}"
000000000000000000ef,0.1972225368522365,0.125683187275214,0.0384020870269996,0.0679133529203181,0.0554486652145281,0.0962871131148371,0.2373613444101109,0.2813613241477129,0.268995866470797,0.2998322628033029,0.4027746820693485,0.1585700695659843,0.6592064810840234,-0.5927125370255028,272.25582584345165,0,PART2,Ri Bhoi,947.86328125,2024-06-30,182.0,6.0,,3.0,0,,2024-06-24,5.814456018518518,364,1,5,Umbang 1 Landslide,1,"GS Road, Ri Bhoi",129.27999877929688,LS-0240,NH 6,1,Newspapers & Media/2024/Meghalaya/87,29,14.17700107466429,Field Survey,2,Meghalaya,3,2024,"{""type"":""Point"",""coordinates"":[91.90069484929404,25.68249127709212]}"
000000000000000000f0,0.1868483903675538,0.1085769378960709,0.0445886438529784,0.0757891204055766,0.0640831888466413,0.0989290443599492,0.2307053485424585,0.2731456223067172,0.257696187579214,0.2923107275031686,0.4017312047570576,0.1539654534379606,0.6036173378212821,-0.5438181106134203,240.9995453165265,0,PART2,Ri Bhoi,988.1036987304688,2024-06-30,182.0,6.0,,3.0,0,,2024-06-24,5.814456018518518,364,1,5,NEPA Landslide,1,"GS Road, Ri Bhoi",129.27999877929688,LS-0241,NH 6,1,Newspapers & Media/2024/Meghalaya/88,30,20.083734753005515,Field Survey,2,Meghalaya,3,2024,"{""type"":""Point"",""coordinates"":[91.89749767383871,25.676047876069887]}"
000000000000000000f1,0.1552899123473678,0.0863323402746111,0.0378867558392866,0.066159365658408,0.0531043420985965,0.0842168262653898,0.2023560267517859,0.2395033946395094,0.2248841161270708,0.2547906267416526,0.4491505891886519,0.1861092448019201,0.6194148554281041,-0.535661652372786,49.67492357281202,0,PART2,Ri Bhoi,998.8360595703124,2024-06-30,182.0,6.0,,3.0,0,,2024-06-24,5.814456018518518,364,1,5,Umiam 3 Landslide,1,"GS Road, Ri Bhoi",114.33999633789062,LS-0242,NH 6,1,Newspapers & Media/2024/Meghalaya/89,31,31.43465630025499,Field Survey,2,Meghalaya,3,2024,"{""type"":""Point"",""coordinates"":[91.89837611674625,25.675098087545503]}"
000000000000000000f2,0.1818710803689065,0.0911763656633221,0.0287135248809161,0.0579403263403263,0.0413006840985101,0.0854312404986318,0.246275995743387,0.2970039475017736,0.2844329988851727,0.317462364447147,0.5084642362410349,0.2144247957307924,0.7407877423166503,-0.6551079343840224,197.56240973936613,0,PART2,Ri Bhoi,913.7825927734376,2024-06-30,182.0,6.0,,3.0,0,,2024-06-24,5.814456018518518,364,1,5,Umbang 2 Landslide,1,"GS Road, Ri Bhoi",114.33999633789062,LS-0243,NH 6,1,Newspapers & Media/2024/Meghalaya/90,32,22.147835134343524,Field Survey,2,Meghalaya,3,2024,"{""type"":""Point"",""coordinates"":[91.90237593039119,25.686236921977013]}"
000000000000000000f3,0.1800426131468247,0.0918976737114185,0.029432334904465,0.0579731995337286,0.042353068775024,0.0853478485631746,0.2407040443971415,0.2897270183974455,0.2782031878769447,0.3100242815873497,0.4977294603337652,0.2084364474631123,0.72956196032802,-0.6479296841071672,214.2935463078007,0,PART2,Ri Bhoi,910.961181640625,2024-06-30,182.0,6.0,,3.0,0,,2024-06-24,5.814456018518518,364,1,5,Umbang 3 Landslide,1,"GS Road, Ri Bhoi",114.33999633789062,LS-0244,NH 6,1,Newspapers & Media/2024/Meghalaya/91,33,13.036546782332158,Field Survey,2,Meghalaya,3,2024,"{""type"":""Point"",""coordinates"":[91.90314289577238,25.6868032278108]}"
000000000000000000f4,0.1915712641930251,0.0962088452960259,0.0314041210462286,0.0609476834955393,0.0414611263179237,0.0882553984184914,0.2486022556772101,0.2975691757907542,0.2864741180048662,0.3212666818734792,0.4874572268022906,0.1900898081227879,0.7388528208674366,-0.6417056613884372,298.4175432155553,0,PART2,Ri Bhoi,880.5927124023438,2024-06-30,182.0,6.0,,3.0,0,,2024-06-24,5.814456018518518,364,1,5,Sumer Landslide,1,"GS Road, Ri Bhoi",129.27999877929688,LS-0245,NH 6,1,Newspapers & Media/2024/Meghalaya/92,34,27.765485533739025,Field Survey,2,Meghalaya,3,2024,"{""type"":""Point"",""coordinates"":[91.9063400712277,25.692127394468613]}"
000000000000000000f5,0.1738937988033667,0.0952873288713112,0.0330199776898894,0.0607913497616874,0.0480906652469323,0.0853724571544467,0.221452925666768,0.2640316651455227,0.2525808437278165,0.2822351080012168,0.451549026514703,0.1808759434325589,0.6773089015468121,-0.6066279963311529,186.3775504843321,0,PART2,Ri Bhoi,961.8806762695312,2024-06-30,182.0,6.0,,3.0,0,,2024-06-24,5.814456018518518,364,1,5,Umbang 4 Landslide,1,"GS Road, Ri Bhoi",8.600000381469727,LS-0246,NH 6,1,Newspapers & Media/2024/Meghalaya/93,35,9.345778505290104,Field Survey,2,Meghalaya,3,2024,"{""type"":""Point"",""coordinates"":[91.8995399421212,25.67938774275892]}"
000000000000000000f8,0.4004307302231239,0.2983915872210955,0.5097823732251524,0.5156678600405683,0.4976837373225153,0.4949695182555783,0.5307452738336719,0.5432690669371197,0.5360863235294122,0.5445304310344832,0.2973270815426971,0.1511791656298393,0.0369973634357984,-0.0186525871415186,99.43276024396636,0,PART2,Ri Bhoi,1038.870361328125,2024-07-01,183.0,7.0,,3.0,0,,2024-06-24,6.814456018518518,362,1,5,Umiam Dam Landslide,1,Near Umiam Dam,494.0499877929688,LS-0249,NH 6,1,Newspapers & Media/2024/Meghalaya/83,28,32.43519471833342,Field Survey,2,Meghalaya,3,2024,"{""type"":""Point"",""coordinates"":[91.89807735697566,25.653137014857286]}"
000000000000000000fd,0.4780958755573569,0.3767738194162952,0.5009070531009322,0.516904159910823,0.5086009323064451,0.5090811511957841,0.5542081830158087,0.5713044892582082,0.5641803607620591,0.5782757448317795,0.2059821997532355,0.0846788990013049,0.0639755190962816,-0.0529497050904938,14.745652185429948,0,PART2,Ri Bhoi,1082.5496826171875,2024-07-02,184.0,7.0,,3.0,0,,2024-06-24,7.814456018518518,364,1,5,Umiam 4 Landslide,1,"GS Road, Ri Bhoi",263.5299987792969,LS-0254,NH 6,1,Newspapers & Media/2024/Meghalaya/109,40,22.155332171832463,Field Survey,2,Meghalaya,3,2024,"{""type"":""Point"",""coordinates"":[91.8989825544895,25.649230842334465]}"
000000000000000000fe,0.4197636405109489,0.3287972272911597,0.4853538523925383,0.4969238645579886,0.4854445762368209,0.4849809965531223,0.5271832420924575,0.5439271289537713,0.5235663371857256,0.5492181924168693,0.2350916599574458,0.1132424840080944,0.0423335956236173,-0.0286709964499639,114.55555153221724,0,PART2,Ri Bhoi,1104.63427734375,2024-07-02,184.0,7.0,,3.0,0,,2024-06-24,7.814456018518518,364,1,5,Umiam 5 Landslide,1,"GS Road, Ri Bhoi",263.5299987792969,LS-0255,NH 6,1,Newspapers & Media/2024/Meghalaya/110,41,16.183100820659106,Field Survey,2,Meghalaya,3,2024,"{""type"":""Point"",""coordinates"":[91.89869271292103,25.650724641187363]}"
000000000000000000ff,0.3417848153214772,0.2546461721639558,0.280801484521457,0.2944364138420223,0.2838251051324921,0.2881976997517352,0.3434420073972741,0.3619322541419668,0.3690506713279625,0.366663956021685,0.2328636316368703,0.0670755554951841,0.1842456309128539,-0.1541120372303737,207.7962559098305,0,PART2,Ri Bhoi,1124.28076171875,2024-07-02,184.0,7.0,,3.0,0,,2024-06-24,7.814456018518518,364,1,5,Umiam View Point Landslide,1,"GS Road, Ri Bhoi",263.5299987792969,LS-0256,NH 6,1,Newspapers & Media/2024/Meghalaya/111,42,27.46561345019772,Field Survey,2,Meghalaya,3,2024,"{""type"":""Point"",""coordinates"":[91.8939928204107,25.651023400957946]}"
00000000000000000100,0.2302232863516528,0.1551034222267288,0.122489013384709,0.1451966436828229,0.1362913506388156,0.1555882275400526,0.2519141350638814,0.2840856367876697,0.2757692455891299,0.2969493003447575,0.3400903217758474,0.1285360083367664,0.3730153362258117,-0.3447629185323986,70.98554722022516,0,PART2,East Khasi Hills,1171.884033203125,2024-07-02,184.0,7.0,,3.0,0,,2024-06-24,7.814456018518518,364,1,5,Mawlai 2 Landslide,1,"GS Road, East Khasi Hills",263.5299987792969,LS-0257,NH 6,1,Newspapers & Media/2024/Meghalaya/112,43,13.44971042626455,Field Survey,2,Meghalaya,3,2024,"{""type"":""Point"",""coordinates"":[91.88939994632565,25.64138728358145]}"
00000000000000000101,0.2243676737466416,0.144300552542201,0.1079282962437269,0.1314680336594516,0.1209191210016729,0.1440243878947635,0.2546755563440969,0.2913676838850307,0.2829153647285448,0.3064881685000254,0.3771719658939667,0.1472583997901211,0.4512254848461602,-0.4062841079439251,140.2830375084091,0,PART2,East Khasi Hills,1174.9417724609375,2024-07-02,184.0,7.0,,3.0,0,,2024-06-24,7.814456018518518,364,1,5,Mawlai 3 Landslide,1,"GS Road, East Khasi Hills",50.630001068115234,LS-0258,NH 6,1,Newspapers & Media/2024/Meghalaya/113,44,11.639931819325064,Field Survey,2,Meghalaya,3,2024,"{""type"":""Point"",""coordinates"":[91.88942670093198,25.640972587183484]}"
00000000000000000004,0.2165480241159184,0.1042816698753673,0.0276120478265275,0.0711611156145506,0.0449415695612524,0.1187154473604214,0.2780465852669976,0.3249392440976796,0.3278507143580909,0.3595264565812138,0.5149427893012862,0.2024885535184773,0.7569764405421389,-0.6431523382860121,82.92621015570552,0,PART2,West Kameng,2063.822998046875,2021-04-28,118.0,4.0,,2.0,0,,2021-04-26,1.814594907407408,13,1,12,Membachur_Garbow_landslide,1,between Membachur and Garbow villages,0.5387250185012817,LS-0005,,0,Newspaper/2021/Arunachal Pradesh/14,14,36.78596923295876,Newspaper,0,Arunachal Pradesh,0,2021,"{""type"":""Point"",""coordinates"":[92.3039848667698,27.186595112530995]}"
00000000000000000013,0.1678960463703554,0.1601082312443051,0.4965360585197937,0.4981369089804601,0.4736182950288552,0.4840710235901595,0.5265772400526477,0.5556836488812396,0.5323334970132633,0.5576768907563028,0.5375312821834787,0.5204359742754265,0.0583829169622525,-0.0332100287884911,195.3964249979365,1,PART2,Tirap,1326.96044921875,2021-06-22,173.0,6.0,1:30,2.0,1,,2021-06-19,2.8292939814814817,20,1,20,Kuthong Landslide,1,Kuthong Village in Tirap District,96.874331,LS-0020,,0,Newspaper/2021/Arunachal Pradesh/11,11,23.437709630493423,Newspaper,0,Arunachal Pradesh,0,2021,"{""type"":""Point"",""coordinates"":[95.60361262789445,26.91194570134611]}"
00000000000000000043,0.2192223607521159,0.1370802544219755,0.0555139374588211,0.0883228979778014,0.0829826060513912,0.1175061476863818,0.2705066342303989,0.3361697937256095,0.3184320257462875,0.3662116111702398,0.406220889968801,0.1864421312654611,0.6184315200571054,-0.6003418050161294,141.3113663563994,0,PART2,Lower Subansiri,1044.0313720703125,2021-09-09,252.0,9.0,,3.0,0,,2021-09-05,3.822326388888889,17,1,16,Raga landslide,1,Raga headquarters,3.679492950439453,LS-0068,,0,Newspaper/2021/Arunachal Pradesh/16,16,12.69807406062382,Newspaper,0,Arunachal Pradesh,0,2021,"{""type"":""Point"",""coordinates"":[94.07395368431827,27.794027235334557]}"
00000000000000000045,0.3343802554874028,0.2059457139960459,0.8488092816951388,0.8555354894307294,0.8222706392254269,0.7815514979469759,0.7990258376843918,0.8325589598012874,0.7645537638769195,0.8332676078471126,0.5760889713044437,0.3919868399706819,-0.0363461611637383,0.0561829799467382,148.24703771873635,0,PART2,West Kameng,777.1378784179688,2021-09-20,263.0,9.0,,2.0,0,,2021-09-18,1.8144560185185183,18,1,18,20_landslides_BCT_road,1,20 locations along BCT Road between Sessa and Nechiphu,0.0,LS-0070,,0,Newspaper/2021/Arunachal Pradesh/17,17,47.29645951625439,Newspaper,0,Arunachal Pradesh,0,2021,"{""type"":""Point"",""coordinates"":[92.56607299028713,27.10444063472231]}"
00000000000000000030,0.1908828723404256,0.1603161803444782,0.2704267071935156,0.2829826494427558,0.2693136626139817,0.2796319148936169,0.3428858206686931,0.381959493414387,0.3713012816616007,0.3910853394123605,0.3967050547765642,0.3206030952735307,0.1596305475277938,-0.1357331815513639,353.0290084334943,1,PART2,Kamrup metro,66.99681091308594,2021-08-06,218.0,8.0,14:30,2.0,1,,2021-08-04,1.8144791666666664,13,1,13,Borbari_landslide,1,Borbari,0.009634000249207,LS-0049,,0,Newspaper/2021/Assam/75,75,8.679282354395369,Newspaper,0,Assam,1,2021,"{""type"":""Point"",""coordinates"":[91.81052290779125,26.15423741394037]}"
00000000000000000048,0.2284460501646821,0.1701061971117304,0.1356444641499873,0.162534380542184,0.1517968077020521,0.169749353939701,0.2511304433747149,0.2895444489485686,0.2910618241702559,0.3015462123131492,0.2633482885868674,0.1207509622014886,0.3152146372039339,-0.2840220673449659,29.099160782962315,0,PART2,Kamrup metro,54.59192657470703,2021-10-20,293.0,10.0,,2.0,0,,2021-10-18,1.8138773148148148,20,1,20,Pandu_landslide,1,Guwahati,21.30987930297852,LS-0073,,0,Newspaper/2021/Assam/74,74,2.99661456193117,Newspaper,0,Assam,1,2021,"{""type"":""Point"",""coordinates"":[91.69016285215665,26.17025004582329]}"
0000000000000000000f,0.2924861964122833,0.1930867639606769,0.3545356795378533,0.3661678118982467,0.3461383044491739,0.3439653542110062,0.4091760058781799,0.4463529644268771,0.4253750836120401,0.4544013428600386,0.3753509894282283,0.1849925405311417,0.1036887590957418,-0.0758577318526254,256.2714919826252,0,PART1,Ukhrul,1873.399658203125,2021-06-16,167.0,6.0,,1.0,0,,2021-06-12,3.822349537037037,13,1,10,Mini_Secretariat_landslide,1,"Mini Secretariat Complex, Hamleikhong",0.0,LS-0016,,0,Newspaper/2021/Manipur/30,30,23.437737100988457,Newspaper,0,Manipur,2,2021,"{""type"":""Point"",""coordinates"":[94.35842203602287,25.09176740593582]}"
0000000000000000001e,0.54189682668424,0.3848940386272622,0.7487321032087999,0.7416107010695999,0.7090401429512851,0.71095207583515,0.7318223855629341,0.749784341258174,0.7300583008060021,0.75412298879708,0.3095695450896903,0.1479349105389479,0.0146030399369675,0.0078558701062864,293.9034969561884,3,PART1,Tamenglong,262.5234680175781,2021-07-19,200.0,7.0,14:50,1.0,1,,2021-07-17,1.822326388888889,8,1,8,Thingou_landslide,1,"8km towards Thingou, 15 km north from Nungba PS",48.191199,LS-0031,,0,Newspaper/2021/Manipur/29,29,22.10979771039799,Newspaper,0,Manipur,2,2021,"{""type"":""Point"",""coordinates"":[93.44024407900676,24.818353165742728]}"
00000000000000000046,0.1597692436463247,0.2097738751077968,0.8082637244457974,0.805508182417694,0.7627662202607418,0.7816191700908032,0.8073194592400953,0.817022863085274,0.8147430020798458,0.8085943489068129,0.5904924006588543,0.6721039489934744,0.0329487046886461,-0.0057002685180953,113.17706347645436,0,PART1,Chandel,1508.9569091796875,2021-10-09,282.0,10.0,,2.0,0,,2021-10-05,3.821863425925926,8,1,8,Khulmulen-Sajik landslide,1,Khulmulen-Sajik Road in Sajik Valley,0.0938490033149719,LS-0071,,0,Newspaper/2021/Manipur/32,32,22.103843962748524,Newspaper,0,Manipur,2,2021,"{""type"":""Point"",""coordinates"":[93.91582950186204,24.00521825224266]}"
00000000000000000002,0.1386613689330225,0.1077492299118452,0.0259681882662883,0.0470629800385044,0.0573280170230013,0.0831311379065761,0.1394844918431452,0.1637015705745263,0.1677658932009322,0.1859079542000202,0.2159773148340538,0.0962348079847192,0.488206162285583,-0.5600400890711633,205.3447888081092,0,PART2,East Khasi Hills,1294.05810546875,2021-02-24,55.0,2.0,,1.0,0,,2021-02-20,3.813645833333333,12,1,12,Sonapani_landslide,1,Sonapani Hydro-Electric Power Project,0.2763839960098266,LS-0003,,0,Newspaper/2021/Meghalaya/18,18,38.23284849684716,Newspaper,0,Meghalaya,3,2021,"{""type"":""Point"",""coordinates"":[91.86466085368114,25.585545961089146]}"
0000000000000000000e,0.5616720348866688,0.4204637594442472,0.5779552608894073,0.5867837837837839,0.5779571015668578,0.5679495918056892,0.6097419299224177,0.6352497540692663,0.5927644237107652,0.6482244612342172,0.1709821415025168,0.0274699581048217,0.0130135407770385,-0.005423802075811,119.41908031847656,4,PART1,Aizawl,886.4696044921875,2021-06-11,162.0,6.0,21:30:00,1.0,1,,2021-06-07,3.822326388888889,11,1,10,Thuampui landslide,1,Thuampui,17.590322494506836,LS-0015,,0,Newspaper/2021/Mizoram/35,35,34.63244234807314,Newspaper,0,Mizoram,4,2021,"{""type"":""Point"",""coordinates"":[92.74173927628762,23.741921712339842]}"
00000000000000000000,0.0929489964521033,0.0691232336543335,0.0200189457678662,0.0377260415610745,0.0423036188545362,0.0537350836289914,0.0798632336543335,0.0907201165737455,0.0903283578307146,0.0974751241763811,0.2423395381012152,0.0645388635016192,0.3976120632132952,-0.4210226763962177,219.30513329475164,0,PART2,Dimapur,220.1959381103516,2021-02-02,33.0,2.0,,3.0,0,,2021-01-28,4.819085648148148,11,1,11,TL Park landslide,1,Near TL Park between Chumoukedima and Nukioladong,0.0,LS-0001,,0,Newspaper/2021/Nagaland/37,37,17.586540514558234,Newspaper,0,Nagaland,5,2021,"{""type"":""Point"",""coordinates"":[93.80565403303349,25.79350059781765]}"
00000000000000000005,0.1980703217633646,0.1367498505193818,0.0214057866734228,0.0528059082847732,0.0597846110970357,0.0867152723587535,0.1655727691917912,0.1966439574360273,0.1898178464656701,0.2202520344565493,0.1665476846126104,-0.0227093073160519,0.5241898895313017,-0.5623743858366007,353.19526230657874,0,PART2,Dimapur,804.1127319335938,2021-05-10,130.0,5.0,07:00,1.0,0,,2021-04-28,11.82232638888889,10,1,10,Piphema_landslide,1,Piphema,2.610090970993042,LS-0006,,0,Newspaper/2021/Nagaland/45,45,35.689003159277625,Newspaper,0,Nagaland,5,2021,"{""type"":""Point"",""coordinates"":[93.9406800720329,25.766188603865295]}"
0000000000000000001c,0.15733276054339,0.1495804186942416,0.7089683495539331,0.7270572181670723,0.7116131944444446,0.7063972120843469,0.7313795823195458,0.7566284975669096,0.7250225719789134,0.7605649482968369,0.6579524399370327,0.6433967506887007,0.009328718100756,0.0014062694876712,333.17440217996733,0,PART2,Phek,1558.338623046875,2021-07-12,193.0,7.0,,2.0,0,,2021-07-07,4.8223263888888885,9,1,9,Losami_Phek_landslide,1,Landslide between Losami and Phek Village,1.3348829746246338,LS-0029,,0,Newspaper/2021/Nagaland/41,41,33.073867992085205,Newspaper,0,Nagaland,5,2021,"{""type"":""Point"",""coordinates"":[94.43881070981438,25.657787857256025]}"
0000000000000000002f,0.1300618673691676,0.1544365672019859,0.8748570849587112,0.8753573433304626,0.8334651400780183,0.8491158518668628,0.8586536602664774,0.8595079132681499,0.8574996352398804,0.8474062566492728,0.6947736724648477,0.7366037651347181,0.0142139346410004,0.0103051741157947,117.8953750431586,0,PART2,Wokha,681.3712768554688,2021-08-05,217.0,8.0,,3.0,0,,2021-08-01,3.822349537037037,18,1,16,Sanis_Doyang_landslide,1,Between Sanis and Doyang,8.485464096069336,LS-0048,,0,Newspaper/2021/Nagaland/44,44,37.43691741510169,Newspaper,0,Nagaland,5,2021,"{""type"":""Point"",""coordinates"":[94.22193787097898,26.208540346569233]}"
00000000000000000031,0.1195209851517761,0.1416428622105103,0.8204944002432475,0.8183905234885728,0.7768991942431461,0.7893867227486951,0.8052396442507473,0.8119791009983277,0.8091982567273097,0.8023903005118332,0.7020695906062859,0.7426113856935166,0.0203636843908441,0.005647858268299,138.05477290304032,0,PART2,Wokha,1384.524658203125,2021-08-06,218.0,8.0,,2.0,0,,2021-08-01,4.822349537037037,10,1,9,Lower Etsuchuka Colony landslide,1,Lower Etsuchuka Colony,57.99448776245117,LS-0050,,0,Newspaper/2021/Nagaland/39,39,8.983991493441088,Newspaper,0,Nagaland,5,2021,"{""type"":""Point"",""coordinates"":[94.25462754080179,26.092898019849173]}"
00000000000000000032,0.1191973844282238,0.1422055150040551,0.818942102595296,0.8172494728304948,0.7760287662205999,0.7890643400243311,0.8055905058799677,0.8130246096918085,0.8075357613544201,0.8033765206812653,0.7005415034119938,0.7427634754369767,0.0198966698902605,0.0059781079240638,301.22464357554713,0,PART2,Wokha,1351.225341796875,2021-08-06,218.0,8.0,,2.0,0,,2021-08-01,4.822349537037037,10,1,9,Police_Point_landslide,1,Police Point,57.99448776245117,LS-0051,,0,Newspaper/2021/Nagaland/42,42,5.67291566312167,Newspaper,0,Nagaland,5,2021,"{""type"":""Point"",""coordinates"":[94.25428864912173,26.096246804740307]}"
00000000000000000033,0.1181574547849435,0.1405957545974973,0.8132066822027457,0.8120978874309738,0.7710406859516693,0.784007361061857,0.8013793454582296,0.808830979279599,0.8046749683367951,0.7992173261056794,0.7025272293571925,0.7439247985607514,0.021344488392537,0.0045910568811685,288.9735287881771,0,PART2,Wokha,1189.765869140625,2021-08-06,218.0,8.0,,2.0,0,,2021-08-01,4.822349537037037,10,1,9,Airfield_colony_landslide,1,Airfield Colony,57.99448776245117,LS-0052,,0,Newspaper/2021/Nagaland/43,43,15.858148346804628,Newspaper,0,Nagaland,5,2021,"{""type"":""Point"",""coordinates"":[94.24695788698986,26.091212479650963]}"
00000000000000000008,0.5026384697184526,0.3260185993518331,0.7773723820133682,0.7759862821551553,0.7473698703666196,0.7501275116467492,0.7606834919991897,0.7781030281547503,0.7566313702653433,0.7797753342110597,0.3977562110787618,0.201706923230114,0.0061626017386129,0.0126310326378919,239.33368230287056,0,PART2,East Sikkim,1591.645263671875,2021-06-01,152.0,6.0,,1.0,0,,2021-05-29,2.807650462962963,12,1,11,Seesa Golai Landslide,1,Seesa Golai,50.510061,LS-0009,,0,Newspaper/2021/Sikkim/67,67,25.480757576297734,Newspaper,0,Sikkim,6,2021,"{""type"":""Point"",""coordinates"":[88.6102305408342,27.326816004257658]}"
0000000000000000000d,0.3983872080652516,0.2882716500329296,0.4922621409392572,0.5009629464511881,0.488436004863468,0.4903723896853943,0.5242197325092458,0.547937382846142,0.5407247378286641,0.554979279598764,0.3134188387824159,0.1575215272354303,0.0530014478903876,-0.0384957021288231,212.0324292362287,1,PART2,East Sikkim,1615.595703125,2021-06-09,160.0,6.0,,1.0,1,,2021-06-08,0.807650462962963,13,1,11,Tashi Namgyal Secondary School Landslide,1,,66.071349,LS-0014,,0,Newspaper/2021/Sikkim/68,68,9.696395541775876,Newspaper,0,Sikkim,6,2021,"{""type"":""Point"",""coordinates"":[88.60827299547174,27.343270087144877]}"
00000000000000000023,0.2367111792118327,0.1406534089757877,0.0557660470063823,0.0869330614932631,0.0767754128254483,0.1071723584236652,0.2303932377671968,0.2973155100800325,0.2788835072434402,0.3261453246884813,0.3152758036478614,0.0674825278042389,0.5521752622222972,-0.5087387268096895,17.033882134813155,0,PART2,South Sikkim,243.26568603515625,2021-07-29,210.0,7.0,,1.0,0,,2021-07-28,0.807650462962963,23,1,21,Melli Secondary School Landslide,1,Melli Secondary School,33.11083221435547,LS-0036,,0,Newspaper/2021/Sikkim/54,54,2.698059082554164,Newspaper,0,Sikkim,6,2021,"{""type"":""Point"",""coordinates"":[88.45744390233895,27.090965231338796]}"
00000000000000000024,0.2441936705011908,0.1465122941265899,0.059819966553489,0.0897618253686717,0.0799772006283889,0.1104645112248517,0.235877114478285,0.3040887852835353,0.2885573810368418,0.3326304971367759,0.3180473000821608,0.0730349096833586,0.5547653676140687,-0.5132884285488662,49.397417027857614,1,PART2,South Sikkim,253.4198455810547,2021-07-30,211.0,7.0,,2.0,1,,2021-07-28,1.807650462962963,23,1,21,Melli Bazaar Landslide,1,Melli Bazaar,95.820024,LS-0037,,0,Newspaper/2021/Sikkim/55,55,22.724154735606767,Newspaper,0,Sikkim,6,2021,"{""type"":""Point"",""coordinates"":[88.45681516909039,27.090724439881914]}"
00000000000000000012,0.5027807912466441,0.3438655083329111,0.8539404994681113,0.8500098070006582,0.8185197203789062,0.8277877969707714,0.8397767286358334,0.8473765260118532,0.8359741299832832,0.8429440200597735,0.4170767980387037,0.2488679652830887,0.0105420577201918,0.0083340105310361,271.7567949759658,2,PART2,Kalimpong,471.8810119628906,2021-06-18,169.0,6.0,,2.0,1,,2021-06-13,4.807627314814815,24,1,22,Bhalukhola_landslide,1,Bhalu Khola,5.959683895111084,LS-0019,,0,Newspaper/2021/Sikkim-West Bengal/60,60,21.39093285493967,Newspaper,0,Sikkim/West Bengal,6,2021,"{""type"":""Point"",""coordinates"":[88.46469440065185,27.09117034998726]}"
00000000000000000026,0.2527846863281644,0.1975694182628965,0.0817051687442991,0.1217224891050977,0.1270026147765278,0.1626726107226106,0.2950320259450694,0.3578371794871794,0.3398864548494982,0.37893923178271,0.2651114901214351,0.1468721799745933,0.4572668523788833,-0.4754067466756316,287.97953062032354,2,PART2,Kalimpong,381.1495361328125,2021-07-30,211.0,7.0,,2.0,1,,2021-07-28,1.807650462962963,14,1,12,Mamkhola Landslide,1,Mamkhola,27.444981,LS-0039,,0,Newspaper/2021/Sikkim-West Bengal/56,56,48.37463962810723,Newspaper,0,Sikkim/West Bengal,6,2021,"{""type"":""Point"",""coordinates"":[88.53193318543674,27.142900381308284]}"
00000000000000000027,0.1678682485818476,0.0904155996758508,0.0465938512965964,0.0827273146272285,0.0661997822123176,0.0977437601296596,0.2289646778768232,0.3005280895461912,0.2680111071717989,0.3208733944489464,0.4833567323750731,0.2269259389448897,0.5809478600610168,-0.5047416155837379,264.0785243617712,0,PART2,Kalimpong,250.74917602539065,2021-07-30,211.0,7.0,,2.0,0,,2021-07-28,1.807650462962963,23,1,21,Melli 2 Landslide,1,near Melli,95.820024,LS-0040,,0,Newspaper/2021/Sikkim-West Bengal/57,57,52.818574803498485,Newspaper,0,Sikkim/West Bengal,6,2021,"{""type"":""Point"",""coordinates"":[88.46675450533853,27.108707994430457]}"
00000000000000000028,0.2624323101858886,0.1837831788481994,0.1609851390366206,0.1887256951831029,0.1871827736412906,0.2155158081345288,0.3339753330294282,0.3937219875398877,0.3807041888264196,0.4129219672795422,0.348666576777381,0.1838670858188103,0.3427153473878067,-0.3396852909416629,287.6965485344108,0,PART2,South Sikkim,442.6162414550781,2021-07-30,211.0,7.0,,2.0,0,,2021-07-28,1.807650462962963,23,1,21,Melli_Jorethang_landslide,1,Between Melli and Jorethang,63.980069,LS-0041,,0,Newspaper/2021/Sikkim-West Bengal/58,58,22.242244978473213,Newspaper,0,Sikkim/West Bengal,6,2021,"{""type"":""Point"",""coordinates"":[88.3259271758686,27.111334404950945]}"
0000000000000000003f,0.4114844484995947,0.2963474706001623,0.2631740014193027,0.3014834245742093,0.3010046076642337,0.2997192721005677,0.3996815338605031,0.4764261557177621,0.4375178426601785,0.5007133008921332,0.2014772918041222,0.036479107789295,0.1939118015972095,-0.1905627002648102,81.5660521065148,1,PART1,South,26.304155349731445,2021-08-26,238.0,8.0,,2.0,1,,2021-08-24,1.814594907407408,8,1,7,Sarsima Landslide,1,Sarsima area of Belonia in South Tripura,78.381047,LS-0064,,0,Newspaper/2021/Tripura/70,70,5.334689138846076,Newspaper,0,Tripura,7,2021,"{""type"":""Point"",""coordinates"":[91.48072333477734,23.24630154845144]}"
00000000000000000006,0.3129797008871987,0.2368229759188846,0.1336685272496831,0.1659808212927755,0.1863179011406844,0.1976777794676806,0.249762732572877,0.2816174093789607,0.2630747275031685,0.3050706666666667,0.0518715881922589,-0.0875065016656598,0.1760965416111849,-0.2347754417909866,341.7516821195676,0,PART2,West Kameng,1310.51025390625,2021-05-25,145.0,5.0,,3.0,0,,2021-05-21,3.8145717592592594,12,1,11,Nechipu_Saddle_landslide,1,80.3-km between Nechiphu and Saddle,0.0105569995939731,LS-0007,BCT Road,1,Newspaper/2021/Arunachal Pradesh/10,10,28.03227628663524,Newspaper,0,Arunachal Pradesh,0,2021,"{""type"":""Point"",""coordinates"":[92.47976708939768,27.208119193315984]}"
00000000000000000009,0.1755529933593552,0.2205486237136919,0.9403780503877938,0.9511257210929184,0.9150614741217622,0.9273621635322148,0.9262758250114066,0.9293714502965482,0.9085658843209812,0.917904993156587,0.6093460445482808,0.6761448555476542,-0.003557839286606,0.0228850726562593,83.36078793835992,2,PART2,West Kameng,1272.074462890625,2021-06-05,156.0,6.0,9:30,2.0,1,,2021-05-31,4.814571759259259,10,1,10,BCT Road Landslide,1,"77.200 km in Bhalukpong-Charduar-Tawang (BCT) road near Saddle, Nechiphu",0.0,LS-0010,BCT Road,1,Newspaper/2021/Arunachal Pradesh/8,8,7.708982255727231,Newspaper,0,Arunachal Pradesh,0,2021,"{""type"":""Point"",""coordinates"":[92.43801206713322,27.326762495045017]}"
0000000000000000001b,0.4368384724473259,0.3114106614667746,0.4984036264181523,0.5052246758508911,0.4831782769448948,0.4736636801053485,0.567336836507293,0.6264515852917343,0.5671740478119932,0.6480270056726096,0.2908800186679842,0.1295907005670341,0.0816012508344552,-0.0598102177691302,250.60999958429096,0,PART2,Upper Subansiri,508.3262939453125,2021-07-08,189.0,7.0,,2.0,0,,2021-07-07,0.8223263888888889,14,1,14,Tode landslide,1,Tode Village,73.121865,LS-0028,Trans Arunachal Highway,1,Newspaper/2021/Arunachal Pradesh/7,7,36.41666694747667,Newspaper,0,Arunachal Pradesh,0,2021,"{""type"":""Point"",""coordinates"":[94.46780824396494,27.965814103418563]}"
00000000000000000035,0.2423476356824625,0.2695469775212636,0.8660453624949369,0.8824970534629404,0.8579687778452815,0.8812212991089508,0.8755957624544354,0.8678523592547588,0.8470068094370192,0.8521592750101259,0.517349307480734,0.5553009819060734,-0.0065576500210666,0.0205673212373434,108.46718062583454,0,PART2,Upper Siang,698.128662109375,2021-08-13,225.0,8.0,,3.0,0,,2021-08-11,1.822349537037037,22,1,22,Tuting_Yingkiong_landslide,1,Between Tuting and Yingkiong,75.210383,LS-0054,Yingkiong Road,1,Newspaper/2021/Arunachal Pradesh/2,2,22.606030947409664,Newspaper,0,Arunachal Pradesh,0,2021,"{""type"":""Point"",""coordinates"":[94.74864688741202,28.84960793221154]}"
0000000000000000003d,0.4651444782476421,0.3154532653889057,0.5550090609471655,0.5624533160937027,0.5447247185883782,0.5341355846263056,0.5777704543149785,0.6210087820707839,0.5697566778217222,0.6280723456038942,0.2872973021896008,0.101076232296095,0.0230126439026406,-0.0069890272467326,158.803526542084,0,PART2,Nagaon,100.78919219970705,2021-08-25,237.0,8.0,,3.0,0,,2021-08-21,3.822349537037037,7,1,7,Burapahar Landslide,1,Kaliabor,37.9995346069336,LS-0062,NH 39,1,Newspaper/2021/Assam/73,73,31.209656526103974,Newspaper,0,Assam,1,2021,"{""type"":""Point"",""coordinates"":[93.11099743452348,26.57476185698769]}"
0000000000000000002d,0.4357033042773158,0.3162655888911412,0.504210961889317,0.5023965791607541,0.4721362304885466,0.4678031775795658,0.5387264342185281,0.591480600040543,0.5765475167241031,0.6015486468680312,0.2934070888080334,0.1402405536060678,0.102329836446368,-0.0712995073240834,36.819352604808046,0,PART1,Tamenglong,829.8587646484375,2021-08-02,214.0,8.0,3:30,1.0,0,,2021-08-01,0.8223495370370371,17,1,17,Lamlenkon_landslide,1,Lamlenkon in Tujang Waichong,7.934080123901367,LS-0046,Imphal-Tamenglong Road,1,Newspaper/2021/Manipur/23,23,10.942929034340336,Newspaper,0,Manipur,2,2021,"{""type"":""Point"",""coordinates"":[93.8577006605293,25.241120536619942]}"
00000000000000000038,0.3458802270768917,0.2313593441127274,0.4095679101829792,0.3897847382026458,0.3491170054234881,0.3537558619291396,0.4427161842972272,0.4865013482690454,0.5234147752040138,0.4963422626590296,0.38581871499519,0.2059755119566444,0.2248620560636284,-0.1702520170100756,81.18442001701595,0,PART1,Tamenglong,368.7687072753906,2021-08-16,228.0,8.0,,3.0,0,,2021-08-06,9.82232638888889,9,1,9,Awang_khul_landslide,1,5 km away from Awang Khul Village,4.36873722076416,LS-0057,NH 37,1,Newspaper/2021/Manipur/25,25,17.949198083624726,Newspaper,0,Manipur,2,2021,"{""type"":""Point"",""coordinates"":[93.56118827687938,24.826040655958874]}"
0000000000000000003a,0.5099901394876997,0.3870058128328685,0.657126416434187,0.6615788536647221,0.63813494293685,0.6360732640121732,0.6878985087496828,0.7221952066954095,0.6745597260968803,0.7350880953588637,0.2710544162946389,0.1390741592384268,0.0277697061257557,-0.0097191060186251,9.39613177429925,0,PART1,Churachandpur,755.6665649414062,2021-08-20,232.0,8.0,,2.0,0,,2021-08-06,13.82232638888889,8,1,8,S_Kholop_landslide,1,S Kholop village,101.288447,LS-0059,Henglep to Churachandpur road,1,Newspaper/2021/Manipur/24,24,15.903447357413867,Newspaper,0,Manipur,2,2021,"{""type"":""Point"",""coordinates"":[93.50937352263833,24.503656567996842]}"
00000000000000000019,0.1537375885090027,0.0662119714748128,0.0160220615011126,0.0466421252275945,0.0300769421404005,0.0677448968237912,0.2243193809427473,0.3037601051992719,0.2823998330973092,0.3249542686627555,0.6142790533527012,0.2922070541925666,0.7972570198383674,-0.7061721775893937,322.43211232778225,0,PART1,West Garo Hills,289.78106689453125,2021-06-30,181.0,6.0,,1.0,0,,2021-06-25,4.814479166666667,32,1,32,Tura_dalu_stretch,1,Tura-Dalu stretch,107.621934,LS-0026,NH 51,1,Newspaper/2021/Meghalaya/19,19,27.68125635351838,Newspaper,0,Meghalaya,3,2021,"{""type"":""Point"",""coordinates"":[90.21466860907667,25.499355996827095]}"
00000000000000000021,0.265593551165147,0.2059734599797366,0.5364440425531916,0.5482927811550153,0.5197813424518744,0.5344350050658565,0.5961238601823712,0.6310594072948329,0.6174531357649444,0.6387808257345494,0.500326233751075,0.3997057469850426,0.0862973985446459,-0.0598835158931681,233.1724750362776,0,PART2,Tuensang,2220.95458984375,2021-07-20,201.0,7.0,,3.0,0,,2021-07-12,7.822349537037037,9,1,9,Wangshu_PwD_Road_landslide,1,Wangshu Village,43.889829,LS-0034,PWD Road connecting Tobu to ITC Pangsha,1,Newspaper/2021/Nagaland/40,40,14.35055969014902,Newspaper,0,Nagaland,5,2021,"{""type"":""Point"",""coordinates"":[94.7671164839754,26.046657141924936]}"
00000000000000000029,0.2567562864237573,0.1811369229209953,0.4198956620888867,0.4298437338468556,0.407232108650484,0.4047108447777834,0.4849673693812397,0.5280296153651245,0.4959316778999644,0.5405004054122533,0.4649255446213371,0.3178238212644183,0.1010196882222534,-0.0741297452089392,18.51950197721368,0,PART2,Phek,1417.4619140625,2021-07-31,212.0,7.0,,3.0,0,,2021-07-27,3.822326388888889,10,1,9,Pfutsero-Khomi-Phek landslide,1,,62.610599517822266,LS-0042,Pfutsero-Khomi-Phek,1,Newspaper/2021/Nagaland/48,48,32.219010054713706,Newspaper,0,Nagaland,5,2021,"{""type"":""Point"",""coordinates"":[94.40942523387217,25.659723107113223]}"
0000000000000000002a,0.3842293953676955,0.2886959910800263,0.3699954994678424,0.4006424712381532,0.3948100704475191,0.4118041102833106,0.5275920227053875,0.5871882570574226,0.5173073944554257,0.6108126095991082,0.2842953796711399,0.1492814594449654,0.1407297903955469,-0.1317988964237373,13.8062061629833,0,PART2,Phek,1922.3502197265625,2021-07-31,212.0,7.0,,3.0,0,,2021-07-27,3.822326388888889,10,1,9,Pfutsero-Lanye Landslide,1,,37.740973,LS-0043,Pfutsero-Lanye,1,Newspaper/2021/Nagaland/49,49,24.53452787436523,Newspaper,0,Nagaland,5,2021,"{""type"":""Point"",""coordinates"":[94.40294616004152,25.723470415773285]}"
0000000000000000003b,0.371848480243161,0.2722513627152989,0.4608373961499493,0.4605409118541034,0.4355002279635257,0.433423237082067,0.4861360688956436,0.5261541185410336,0.5189024417426547,0.5313678216818639,0.3136756582398831,0.1659824717315804,0.0891128740985234,-0.0612759630346662,214.01527168194028,0,PART2,East Sikkim,1317.3302001953125,2021-08-24,236.0,8.0,,1.0,0,,2021-08-17,6.807650462962963,11,1,11,Samsing Shanti Turn Landslide,1,Samsing Shanti turn,6.267920970916748,LS-0060,Pakyong to Assam Lingsey Road,1,Newspaper/2021/Sikkim/52,52,35.22415843072704,Newspaper,0,Sikkim,6,2021,"{""type"":""Point"",""coordinates"":[88.61499286075929,27.25022202546262]}"
0000000000000000003c,0.5428158881345627,0.3615954605329819,0.837679759854089,0.8580470615057245,0.830702918228797,0.8114203769378862,0.8309266997669467,0.8666373948728336,0.8179712331543214,0.8709719475124126,0.38698070320556,0.2022318196490972,-0.0077376203984171,0.0239352350568302,24.41387513789624,0,PART2,West Sikkim,1585.6839599609375,2021-08-24,236.0,8.0,,1.0,0,,2021-08-20,3.800706018518519,23,1,23,Muneew Taryebhir Landslide,1,Muneew Taryabhir stretch,8.109331130981445,LS-0061,Soreng Sombaria Road,1,Newspaper/2021/Sikkim/53,53,33.20556237893245,Newspaper,0,Sikkim,6,2021,"{""type"":""Point"",""coordinates"":[88.15208912130001,27.162400030215007]}"
00000000000000000042,0.39912525083612,0.2903094253572514,0.7016877977095368,0.7183464173507651,0.7044762541806017,0.707964492753623,0.7300645180906046,0.7565480439850001,0.7217747694334647,0.7559156126482212,0.4263298958475455,0.2879358626302713,0.0121004073911236,-0.0023671796211146,60.132378900927165,0,PART2,West Sikkim,1114.4383544921875,2021-08-29,241.0,8.0,,3.0,0,,2021-08-27,1.807650462962963,23,1,23,Bongten-Changay Landslide,1,Upper Bongten and Changay,12.638664245605469,LS-0067,Bongten-Changay road,1,Newspaper/2021/Sikkim/69,69,6.754316450323801,Newspaper,0,Sikkim,6,2021,"{""type"":""Point"",""coordinates"":[88.15823376255166,27.26428157108414]}"
00000000000000000036,0.2700851829360863,0.2053151662365265,0.1201769495470878,0.1502796619604271,0.1596493547897373,0.1914549010677598,0.3077140225697082,0.3613940893679471,0.3404753453772583,0.3831141035372704,0.247736849639514,0.1157499601715066,0.3727549619501171,-0.4015137906295007,195.00126920706816,0,PART2,East Siang,250.6267852783203,2021-08-13,225.0,8.0,14:48,3.0,0,,2021-08-06,6.8223263888888885,9,1,8,Sirki Waterfall Landslide,1,"near Sirki waterfall, 4kms from Pasighat towards Pangin and Aalo",52.842427,LS-0055,NH 13,1,Newspapers/2021/Arunachal Pradesh/3,3,20.883790908841725,Newspapers,0,Arunachal Pradesh,0,2021,"{""type"":""Point"",""coordinates"":[95.2748431072239,28.122052086129198]}"
00000000000000000037,0.1142279303008813,0.0773877317394387,0.0126071471988653,0.0352233917536217,0.0311732549893627,0.0550214973153682,0.1576281683719987,0.1957928528011345,0.1733191014081653,0.2104399908823827,0.3700475017763754,0.1974547574135053,0.6775792823494206,-0.6541285725055129,312.59802774472683,0,PART2,West Siang,850.4159545898438,2021-08-13,225.0,8.0,,3.0,0,,2021-08-06,6.8223263888888885,8,1,8,Likabali_Basar_landslide,1,Between Likabali and Basar,19.044726,LS-0056,NH 13,1,Newspapers/2021/Arunachal Pradesh/4,4,20.39602762612812,Newspapers,0,Arunachal Pradesh,0,2021,"{""type"":""Point"",""coordinates"":[94.72132151615651,27.78422167211803]}"
00000000000000000062,0.1022401754030214,0.1422174287742066,1.0338267261482317,1.052862252864241,1.0247648636317557,1.040054136672412,1.033547150968266,1.0233529554902163,1.019718108080706,0.999207786677482,0.7552141811450643,0.8177556387494544,-0.0024692012928314,0.0159923665704507,29.9173162604838,0,PART2,West Kameng,1180.6104736328125,2023-06-23,174.0,6.0,,2.0,0,,2023-06-20,2.8144560185185186,366,1,20,Sessa Landslide,1,Balipara-Charduar-Tawang road,1.970178811,LS-0099,,0,Newspapers & Media/2023/Arunachal Pradesh/35,35,7.536530561723392,Newspapers & Media,0,Arunachal Pradesh,0,2023,"{""type"":""Point"",""coordinates"":[92.52516073812176,27.106991240524888]}"
00000000000000000063,0.2454181666244617,0.1703920486199038,0.0615359787287921,0.0985235046847303,0.0896253026082552,0.1234510407698152,0.2850021068624969,0.3524133400860979,0.3354025221575083,0.3770713142567738,0.3312600955776986,0.1556043839473604,0.5976733212309443,-0.5637237093874305,193.3868398973543,0,PART2,West Siang,372.9962158203125,2023-06-23,174.0,6.0,,2.0,0,,2023-06-22,0.8223495370370371,353,1,7,Pangin Landslide,1,Aalo Pangin Landslide,0.0,LS-0100,,0,Newspapers & Media/2023/Arunachal Pradesh/36,36,39.90175497466261,Newspapers & Media,0,Arunachal Pradesh,0,2023,"{""type"":""Point"",""coordinates"":[94.93064063780734,28.233721353810633]}"
0000000000000000006a,0.2034065420087159,0.0897079102057362,0.0286487584878889,0.0600310834093442,0.0348992398905442,0.0830016418364245,0.2661883297861558,0.3579662460727678,0.336332851930678,0.3879553309009829,0.5673164564279013,0.2365885202920452,0.7988825231490817,-0.6864375166553427,155.30630651766978,0,PART2,Upper Subansiri,459.2353820800781,2023-07-28,209.0,7.0,,2.0,0,,2023-07-22,5.822233796296296,349,1,5,Taliha Landslide,1,Donyi Colony in Taliha town,76.79615263,LS-0107,,0,Newspapers & Media/2023/Arunachal Pradesh/53,53,26.816879128197364,Newspapers & Media,0,Arunachal Pradesh,0,2023,"{""type"":""Point"",""coordinates"":[94.14435397175008,28.235585258050982]}"
00000000000000000070,0.4693237904655757,0.3288138608845433,0.6249449262880598,0.6155399817619942,0.5799041187496835,0.5753680682912001,0.6218563757029234,0.6489509650944829,0.6477925882770152,0.6529593951061352,0.3251975464795716,0.1588135792032924,0.0561138341081967,-0.0265384596641703,226.5130542247336,0,PART2,Lower Siang,293.3729248046875,2023-08-18,230.0,8.0,,2.0,0,,2023-08-16,1.822326388888889,311,1,5,Siji Landslide,1,Likabali Aalo Road,4.32477905,LS-0113,,0,Newspapers & Media/2023/Arunachal Pradesh/64,64,21.3645226533462,Newspapers & Media,0,Arunachal Pradesh,0,2023,"{""type"":""Point"",""coordinates"":[94.69707292462786,27.717103283061565]}"
00000000000000000075,0.5616834000506713,0.4447435216620218,0.8185847985812011,0.8438133620471243,0.8310239929060046,0.8255579224727642,0.8428885330630859,0.8666424626298457,0.8498005624524955,0.8740067038256907,0.3129040587467947,0.2041275084640469,0.0111704007926819,-0.0035340112551828,169.97858847766634,0,PART2,West Kameng,1533.0120849609375,2023-08-27,239.0,8.0,,2.0,0,,2023-08-24,2.814479166666666,317,1,11,Rupa Landslide,1,Shergaon - Rupa Road,18.61701869,LS-0118,,0,Newspapers & Media/2023/Arunachal Pradesh/73,73,38.70201331162149,Newspapers & Media,0,Arunachal Pradesh,0,2023,"{""type"":""Point"",""coordinates"":[92.38797203511146,27.20319188665193]}"
00000000000000000076,0.2781660707050243,0.2346899159238248,0.0900301053484603,0.1214122062398703,0.1379395715153971,0.1731819742706644,0.2808237489870341,0.3280329872366289,0.3161611932739059,0.3492492352106968,0.1469699930507947,0.0624048992989887,0.3972109037771406,-0.4542131744708728,124.02312842838842,0,PART2,Lower Subansiri,114.38894653320312,2023-10-27,300.0,10.0,11:30 AM,2.0,0,,2023-10-25,1.8203587962962964,323,1,10,Subansiri Landslide,1,Near Subansiri Hydropower project dam,0.0,LS-0119,,0,Newspapers & Media/2023/Arunachal Pradesh/85,85,21.195745590348643,Newspapers & Media,0,Arunachal Pradesh,0,2023,"{""type"":""Point"",""coordinates"":[94.25898408253103,27.55211654408407]}"
000000000000000000ac,0.0863484682768747,0.0529383563724745,0.0125614005772444,0.0304354701503873,0.0253594004759734,0.0417166995797255,0.1042814522254291,0.1287054990126081,0.1243252569750367,0.1345927287457593,0.4140173014623964,0.1838710001993259,0.6805838335147302,-0.6262804937900665,111.67767950987708,0,PART2,Upper Siang,433.3520202636719,2024-06-15,167.0,6.0,,3.0,0,,2024-06-06,8.822349537037036,364,1,8,Bomdo Landslide,1,Between Ramsing and Bomdo,23.89999961853028,LS-0173,,0,Newspapers & Media/2024/Arunachal Pradesh/52,3,19.321692323389044,Newspapers & Media,0,Arunachal Pradesh,0,2024,"{""type"":""Point"",""coordinates"":[94.91033389160995,28.748529029532026]}"
000000000000000000d7,0.2155439033024832,0.1614531735194457,0.0028206392555504,0.0539896120973044,0.0569083143680776,0.0986565417488494,0.2444054316492187,0.294808875739645,0.2753857128407425,0.3156812623274162,0.2699930781868518,0.1236294323615539,0.6630784197761873,-0.6774176102428155,38.7151106091946,0,PART2,Changlang,472.7594299316406,2024-06-16,168.0,6.0,,3.0,0,,2024-06-08,7.829270833333333,362,1,8,Rangfra Landslide,1,"Near Rangfra Mandir, Changlang",9.289999961853027,LS-0216,,0,Newspapers & Media/2024/Arunachal Pradesh/67,6,19.89571958926848,Newspapers & Media,0,Arunachal Pradesh,0,2024,"{""type"":""Point"",""coordinates"":[95.74674531260902,27.141179168301655]}"
000000000000000000e0,0.5182471875950136,0.3289202391811087,0.9649615181919524,0.969355786966656,0.9382342099929052,0.9202637833181312,0.94157142495186,0.9529502128306478,0.9191837336576468,0.9512357859531768,0.4730500037603235,0.2789619839456707,-0.0102626070380728,0.0265874587750863,147.7040418066265,0,PART2,West Kameng,176.45594787597656,2024-06-26,178.0,6.0,,3.0,0,,2024-06-24,1.8144560185185183,377,1,17,Tippi Landslide,1,Road connecting Bomdila-Seppa- Tawang.,163.88999938964844,LS-0225,,0,Newspapers & Media/2024/Arunachal Pradesh/68,7,12.686051631548494,Newspapers & Media,0,Arunachal Pradesh,0,2024,"{""type"":""Point"",""coordinates"":[92.60561629842908,27.036488393768852]}"
000000000000000000e5,0.3603428716284726,0.3155789596430743,0.3504127560332588,0.3620549685662135,0.3507936980328532,0.373747089839789,0.4283645355911577,0.452382331170148,0.4443711671060637,0.4583309470695597,0.1694529131997621,0.1043640471675874,0.1177549331731473,-0.1022299169934904,21.976267431207987,0,PART2,Papum Pare,196.9703369140625,2024-06-29,181.0,6.0,,3.0,0,,2024-06-26,2.822349537037037,371,1,17,Jullang Landslide,1,"Ganga Jullang Road, Itanagar",105.52999877929688,LS-0230,,0,Newspapers & Media/2024/Arunachal Pradesh/72,10,16.93184737245933,Newspapers & Media,0,Arunachal Pradesh,0,2024,"{""type"":""Point"",""coordinates"":[93.63269888047348,27.073828905990407]}"
000000000000000000e6,0.1702286510026332,0.1766412598744177,0.7413944905813247,0.758741047194653,0.7502768736074539,0.7715328438322868,0.7769920802106544,0.7758741543447437,0.7861707413408953,0.7702344439943287,0.6330664643265724,0.6440123392293093,0.0233626942367664,-0.0177536719401567,95.7776587486112,0,PART2,West Siang,1342.2303466796875,2024-06-29,181.0,6.0,,2.0,0,,2024-06-26,2.822349537037037,362,1,8,Tatu Landslide,1,AaloMechuka Road,543.1500244140625,LS-0231,,0,Newspapers & Media/2024/Arunachal Pradesh/73,11,31.38076510809455,Newspapers & Media,0,Arunachal Pradesh,0,2024,"{""type"":""Point"",""coordinates"":[94.36134274721286,28.519848491107105]}"
000000000000000000ec,0.4716234591035703,0.3206485338060269,0.7719662041023047,0.7993842947581669,0.7938579184603695,0.8195654798683213,0.8358410888832616,0.8350556039503673,0.8564830893897188,0.8334751937199294,0.4553030051579522,0.2898535181607374,0.0379399731710314,-0.0344763207785002,39.07105423206275,0,PART2,Upper Siang,424.70513916015625,2024-06-30,182.0,6.0,,3.0,0,,2024-06-26,3.822349537037037,367,1,8,Jengging Landslide,1,Pasighat - Mariyang- Yingkiong Road,172.5399932861328,LS-0237,,0,Newspapers & Media/2024/Arunachal Pradesh/79,15,27.990230934486053,Newspapers & Media,0,Arunachal Pradesh,0,2024,"{""type"":""Point"",""coordinates"":[94.96448075570197,28.67686681650209]}"
000000000000000000ed,0.1949034624353645,0.1349318006691676,0.2078472422183919,0.1997817905302646,0.1779738720470445,0.1877225083645949,0.2416484487478455,0.2579148839095609,0.2931483321504613,0.2632592162628003,0.353097476322431,0.1908682107004385,0.2958158949260999,-0.2516610041549281,347.20770652649054,0,PART2,KurungKu mey,724.7586669921875,2024-06-30,182.0,6.0,,3.0,0,,2024-06-21,8.821400462962963,367,1,8,Rengchi Landslide,1,Rengchi area in Kurung,453.1700134277344,LS-0238,,0,Newspapers & Media/2024/Arunachal Pradesh/85,18,37.941309814793335,Newspapers & Media,0,Arunachal Pradesh,0,2024,"{""type"":""Point"",""coordinates"":[93.43004165579647,27.895164106327762]}"
000000000000000000f6,0.4141865524929063,0.3377492146331576,0.4846545145926227,0.485604565261451,0.4660798490068908,0.4806081475476285,0.5208260843129305,0.5402075699229831,0.5421267430077015,0.5376061359951358,0.2325645107710108,0.1337659633050093,0.0754578099650685,-0.0550198633769431,352.4701268863224,0,PART2,Papum Pare,294.3064270019531,2024-07-01,183.0,7.0,,3.0,0,,2024-06-26,4.822349537037037,374,1,17,Division IV Landslide,1,"Division IV Landslide area, Itanagar",473.2000122070313,LS-0247,,0,Newspapers & Media/2024/Arunachal Pradesh/84,17,10.274487023400242,Newspapers & Media,0,Arunachal Pradesh,0,2024,"{""type"":""Point"",""coordinates"":[93.60570348269593,27.09092509942932]}"
000000000000000000f7,0.4284261546261089,0.3578400253485424,0.5094816882129278,0.5129773992395438,0.4927244816223066,0.5069394980988592,0.5448603498098856,0.5653129784537387,0.5626620988593153,0.5656110266159694,0.2225726816131632,0.13546469500388,0.0662953618236444,-0.0462105186121651,70.76448931076771,0,PART2,Papum Pare,288.7439880371094,2024-07-01,183.0,7.0,,3.0,0,,2024-06-26,4.822349537037037,374,1,17,Baat Landslide,1,Itanagar-Baat Road,179.6999969482422,LS-0248,,0,Newspapers & Media/2024/Arunachal Pradesh/105,19,18.673368950597336,Newspapers & Media,0,Arunachal Pradesh,0,2024,"{""type"":""Point"",""coordinates"":[93.59188918763235,27.089315363949023]}"
0000000000000000010a,0.1145051014727466,0.0625395060478769,0.0067487727111695,0.0369295915785211,0.0283592641328002,0.0572602763297737,0.1735884204666226,0.2175464952679791,0.1955140290500532,0.2350808795991698,0.5130654922561336,0.258625543177889,0.7505511373211323,-0.6849067400054168,145.9552427694785,0,PART2,Siang District,252.13479614257807,2024-07-04,186.0,7.0,Morning,2.0,0,,2024-07-01,2.822326388888889,365,1,8,Pangin Landslide,1,Lokpeng and Pangin Tri- junction,2.999000072479248,LS-0267,,0,Newspapers & Media/2024/Arunachal Pradesh/106,20,17.876141337800977,Newspapers & Media,0,Arunachal Pradesh,0,2024,"{""type"":""Point"",""coordinates"":[94.98635710547018,28.233306657412673]}"
00000000000000000110,0.3239580471994328,0.2969973108477666,0.2059573078091765,0.2381560822445051,0.2321813481211384,0.283162893750633,0.4037958219386205,0.4326285576825686,0.4386873999797426,0.4479664489010433,0.1940602087419312,0.1507715313618065,0.3121395180441342,-0.3005045433202588,85.17938043564675,1,PART2,Shi Yomi,1892.332763671875,2024-07-05,187.0,7.0,,2.0,1,,2024-07-01,3.822326388888889,365,1,8,Shi Yomi Landslide,1,,123.12999725341795,LS-0273,,0,Newspapers & Media/2024/Arunachal Pradesh/119,23,36.45552775666612,Newspapers & Media,0,Arunachal Pradesh,0,2024,"{""type"":""Point"",""coordinates"":[94.31614083983408,28.697525831682707]}"
00000000000000000111,0.3148722933643771,0.2439410791112011,0.3150440147795717,0.325555656223111,0.3127393986941338,0.3318688515462873,0.4151600192336895,0.4549071012805588,0.4482743635167284,0.465407906058612,0.2952959313494693,0.1748234568773087,0.1782952928339656,-0.1588011311433411,46.98502536005077,0,PART2,Anjaw,569.766845703125,2024-07-05,187.0,7.0,,3.0,0,,2024-07-03,1.8292939814814813,365,1,8,Mompani Landslide,1,Tezu-Hayuliang road,108.66999816894533,LS-0274,,0,Newspapers & Media/2024/Arunachal Pradesh/120,24,34.38552800105947,Newspapers & Media,0,Arunachal Pradesh,0,2024,"{""type"":""Point"",""coordinates"":[96.43996162147877,28.047143647532362]}"
00000000000000000112,0.2962140931434654,0.2208924542644301,0.2464624942988904,0.2749825470024833,0.2805977499619926,0.3057561698677344,0.413482567273096,0.4536779253027923,0.4139996706025439,0.4718913393807328,0.3041325109398529,0.1656732445971126,0.1956465186946899,-0.2071418050587698,58.26592834413407,0,PART2,KraDaadi,1191.283447265625,2024-07-05,187.0,7.0,,2.0,0,,2024-07-01,3.822326388888889,365,1,8,Palin Landslide,1,Palin- Taraklengdi Road,5.179999828338623,LS-0275,,0,Newspapers & Media/2024/Arunachal Pradesh/121,25,37.47182862071279,Newspapers & Media,0,Arunachal Pradesh,0,2024,"{""type"":""Point"",""coordinates"":[93.63616360199201,27.727751616377194]}"
0000000000000000011c,0.3170892724968313,0.214076948035488,0.728362230671736,0.7249987021546258,0.6979441520912546,0.6742882027883393,0.7003489581749047,0.7238457541191382,0.6681930342205324,0.7285828238276297,0.5169884045903199,0.3575773053831872,-0.0218082700481979,0.0408262959049132,153.25071639535963,0,PART2,West Kameng,645.437744140625,2024-07-14,196.0,7.0,,3.0,0,,2024-06-24,19.81445601851852,371,1,13,Palizi Landslide,1,Between Rupa and Seppa,13.100000381469728,LS-0285,,0,Newspapers & Media/2024/Arunachal Pradesh/127,26,30.376691816130872,Newspapers & Media,0,Arunachal Pradesh,0,2024,"{""type"":""Point"",""coordinates"":[92.79290300177486,27.307088941197215]}"
0000000000000000014b,0.2642392368501065,0.1994658457484544,0.1181789145636972,0.1485853805614675,0.1484726664639708,0.1865702949224688,0.279919615891355,0.3052459460829025,0.3059335715009628,0.3238126836931186,0.2453403101485134,0.0891416821498221,0.4248900349977412,-0.3927020647169512,278.79563734339075,0,PART2,Tawang,3292.195068359375,2024-09-07,251.0,9.0,4:00,2.0,0,,2024-09-02,4.814571759259259,363,1,11,Bramadungch ung Landslide,1,Near Bramadungchun g Ani Gonpa,9.56999969482422,LS-0332,,0,Newspapers & Media/2024/Arunachal Pradesh/176,28,33.966676185068565,Newspapers & Media,0,Arunachal Pradesh,0,2024,"{""type"":""Point"",""coordinates"":[91.85765560592618,27.611052482707464]}"
00000000000000000152,0.5131700162156683,0.4048922772879293,0.6562795023816763,0.6619849701023617,0.6394029644268776,0.6629126735583257,0.6949656177156177,0.702471191851627,0.7093295479882437,0.7023624404580927,0.2732132714541788,0.1604251462210186,0.0520239436181759,-0.0347434386376438,29.980724711451785,0,PART2,West Kameng,1150.3580322265625,2024-10-04,278.0,10.0,,3.0,0,,2024-10-02,1.8145717592592592,402,1,11,Kaspi Landslide,1,"Kaspi Village, Near Nag Mandir",137.85000610351562,LS-0339,,0,Newspapers & Media/2024/Arunachal Pradesh/186,29,20.47028941257615,Newspapers & Media,0,Arunachal Pradesh,0,2024,"{""type"":""Point"",""coordinates"":[92.56296499685287,27.2039231792247]}"
0000000000000000004c,0.1314692564829821,0.1110555459886547,0.0426708569692058,0.0653741491085899,0.0688975030388978,0.0789345269448946,0.1158766815235007,0.1317000861021069,0.1263874645461911,0.1361536365478119,0.1390171907821392,0.0360680968073097,0.2977265350229705,-0.304573872830592,266.68345548964123,0,PART2,Dhemaji,198.47637939453125,2023-04-03,93.0,4.0,,1.0,0,,2023-03-14,19.82223379629629,221,1,7,Subansiri Lower Hydroelectric Project,1,Gerukamukh,9.300000190734863,LS-0077,,0,Newspapers & Media/2023/Assam/8,8,52.15611299170264,Newspapers & Media,0,Assam,1,2023,"{""type"":""Point"",""coordinates"":[94.2599249528533,27.55468052718979]}"
0000000000000000005a,0.2428755902320398,0.1903815938798257,0.0683351403384335,0.0977906981457088,0.1031415442294051,0.114371491539163,0.186755750329314,0.2304188316952072,0.2118022342689229,0.2487907386766643,0.0600620724855139,-0.067782614551499,0.3439819734962108,-0.3660692010635227,84.50101476719942,1,PART2,Kamrup Metro,55.43020248413086,2023-06-17,168.0,6.0,,2.0,1,,2023-06-05,11.814479166666668,354,1,10,Dhirenpara Landslide,1,Katahbari Main Road area,176.4499969482422,LS-0091,,0,Newspapers & Media/2023/Assam/23,23,2.746990375403972,Newspapers & Media,0,Assam,1,2023,"{""type"":""Point"",""coordinates"":[91.7194859006841,26.1238040492506]}"
0000000000000000007a,0.1983433162670451,0.1052552947736604,0.0294918842195975,0.0621175191362092,0.0479212044406143,0.0906664520707659,0.2166625538601916,0.2604160845541643,0.2592679373447559,0.2849082475794596,0.4204491412740177,0.1316305550485177,0.6856509818676495,-0.6110935364999409,182.72619370771005,0,PART1,Dima Hasao,263.2398681640625,2024-05-01,122.0,5.0,,3.0,0,,2024-04-27,3.822349537037037,344,1,12,Jatinga Landslide,1,Between Jatinga and Harangajao Station,15.645999908447266,LS-0123,,0,Newspapers & Media/2024/Assam/4,1,10.567823897933836,Newspapers & Media,0,Assam,1,2024,"{""type"":""Point"",""coordinates"":[92.89191288156557,25.10987135621281]}"
0000000000000000007b,0.6347710751761549,0.4795167486186447,0.8203712779439354,0.8334861154762513,0.8282938257210936,0.8354370862269989,0.8458916459674565,0.856434110609825,0.8351505652151877,0.8617017742180769,0.2708794949544768,0.1365475282132438,0.0039033258838087,-0.0006854052257736,2.468118854860336,0,PART1,Cachar,66.21371459960938,2024-05-03,124.0,5.0,,3.0,0,,2024-05-02,0.8223263888888889,349,1,12,Damcherra Landslide,1,Badarpur Pahar line,9.758999824523926,LS-0124,,0,Newspapers & Media/2024/Assam/5,2,15.973001422457727,Newspapers & Media,0,Assam,1,2024,"{""type"":""Point"",""coordinates"":[92.7624874734893,25.0194720005563]}"
00000000000000000081,0.261353470957296,0.1905434072050192,0.0623567698846387,0.100073471969237,0.1277022515685083,0.137152307225258,0.1852757285974499,0.2172855798421371,0.1981592491398502,0.2296724600283343,0.0271446984780633,-0.1349634924653296,0.2306142382249026,-0.3267767721702068,181.02551510853667,0,PART2,Tinsukia,226.3466033935547,2024-05-26,147.0,5.0,12:30,2.0,0,,2024-05-24,1.8294097222222223,358,1,15,Tikok Landslide,1,Situated between Bargolai and Namdang under the Tikok colliery in Ledo,21.02499961853028,LS-0130,,0,Newspapers & Media/2024/Assam/11,3,13.492415184361462,Newspapers & Media,0,Assam,1,2024,"{""type"":""Point"",""coordinates"":[95.73822397049588,27.282037711478953]}"
00000000000000000082,0.1253251266464033,0.0888287386018237,0.0669099848024316,0.1135218996960486,0.114959493414387,0.1213352938196556,0.1428790222897669,0.1582146605876393,0.1485615704154002,0.1582942198581559,0.3322556231904052,0.1781241275492745,0.0291228992669613,-0.0300390689659235,,1,PART2,Dhemaji,105.0,2024-05-27,148.0,5.0,Day,2.0,1,,2024-05-22,4.8223263888888885,350,1,7,Subansiri Landslide,1,NHPC Lower Subansiri Hydroelectricity Project in Gogamukh,50.16699981689453,LS-0131,,0,Newspapers & Media/2024/Assam/12,4,0.0,Newspapers & Media,0,Assam,1,2024,"{""type"":""Point"",""coordinates"":[94.26303294628754,27.53252325405522]}"
00000000000000000096,0.233896917929741,0.1646038931413798,0.062099006437877,0.0858141683986414,0.0880992092056572,0.1089147919095656,0.1933935165002282,0.2319012419526538,0.2192433314746286,0.253402397729001,0.1449453311202419,-0.0323538782887327,0.4282157988657686,-0.4369457000531759,5.215596867216959,1,PART2,Kamrup Metro,118.9326171875,2024-05-29,150.0,5.0,,2.0,1,,2024-05-25,3.8145717592592594,358,1,19,Krishna Nagar Landslide,1,Lal Ganesh Area,206.55499267578125,LS-0151,,0,Newspapers & Media/2024/Assam/32,5,5.578347657552417,Newspapers & Media,0,Assam,1,2024,"{""type"":""Point"",""coordinates"":[91.74764066473556,26.14495356554709]}"
00000000000000000098,0.2170211666243975,0.112563444078113,0.0326593913264012,0.0624353842252092,0.0502942277453715,0.0917818615267562,0.2327715647983767,0.2826456150139487,0.2756620644179557,0.3110029165609941,0.4219439577000627,0.1193148074013908,0.692109971559743,-0.6302169401177902,197.1089191228492,0,PART1,Dima Hasao,397.9385681152344,2024-05-30,151.0,5.0,,3.0,0,,2024-05-22,7.822326388888888,360,1,21,Lungkhok Landslide,1,"Road side, Lungkhok",511.0050048828125,LS-0153,,0,Newspapers & Media/2024/Assam/39,9,25.676937576007408,Newspapers & Media,0,Assam,1,2024,"{""type"":""Point"",""coordinates"":[93.01027525992824,25.202045434088593]}"
00000000000000000099,0.24502587203407,0.1605947323058203,0.0438756438856215,0.0754708983978908,0.0742070269722166,0.1079339636990468,0.2300822804704928,0.2747296694382478,0.2646255019265868,0.2980924863110929,0.2465174146654376,0.0387561978326385,0.5638500850635075,-0.5561380267735575,82.51645051426738,0,PART1,Dima Hasao,469.8618469238281,2024-05-30,151.0,5.0,,3.0,0,,2024-05-22,7.822326388888888,360,1,21,Bethel Landslide,1,"Road side, Bethel",373.1170043945313,LS-0154,,0,Newspapers & Media/2024/Assam/40,10,12.302579912458476,Newspapers & Media,0,Assam,1,2024,"{""type"":""Point"",""coordinates"":[93.020433092128,25.193399237145957]}"
0000000000000000009a,0.2318035482562855,0.1662987276966748,0.0765121299675588,0.0976359742497972,0.0974438665855637,0.1174896593673966,0.2016946472019464,0.2387959347120843,0.2246614101784267,0.2583135137875102,0.1519881941354946,-0.0151725375806164,0.396324953598216,-0.3940507200878588,67.91447600094693,0,PART2,Kamrup Metro,111.16641235351562,2024-05-30,151.0,5.0,1:30,2.0,0,,2024-05-25,4.814571759259259,358,1,19,Rudra Nagar Landslide,1,"Chandmari, Guwahati",44.78200149536133,LS-0155,,0,Newspapers & Media/2024/Assam/41,11,21.323473666556183,Newspapers & Media,0,Assam,1,2024,"{""type"":""Point"",""coordinates"":[91.77572408317016,26.190962570216552]}"
0000000000000000009f,0.2366442018339327,0.1563091342013273,0.0548715639090126,0.0812524393332995,0.0794259030346015,0.107179897664522,0.2085905010385531,0.2514052890217334,0.2379774254014893,0.2746727949744162,0.2190696173299371,0.0042261433418777,0.5034491715385596,-0.4903401571613777,127.2734914840795,1,PART2,Kamrup Metro,108.8706512451172,2024-06-03,155.0,6.0,Daytime,3.0,1,,2024-05-25,8.814571759259259,355,1,8,Katahbari Landslide,1,"Masjid Road No. 1, Katahbari",70.83000183105469,LS-0160,,0,Newspapers & Media/2024/Assam/36,6,20.980785279392048,Newspapers & Media,0,Assam,1,2024,"{""type"":""Point"",""coordinates"":[91.71826856609651,26.125213125183492]}"
000000000000000000a0,0.2068834186388283,0.1407773627932904,0.0684505092991435,0.0875871889727867,0.0827223078092534,0.1036353722191253,0.1878153245831855,0.2229291744792986,0.2112109005219682,0.2428413469822125,0.1971983338467835,0.0028207211640306,0.4277115092962767,-0.4025609269302282,20.492096694901534,0,PART2,Kamrup Metro,88.58183288574219,2024-06-03,155.0,6.0,Daytime,2.0,0,,2024-05-25,8.814571759259259,365,1,18,Gramya Nagar Landslide,1,"Gramya Nagar Path, Pandu",72.55999755859375,LS-0161,,0,Newspapers & Media/2024/Assam/37,7,28.836598708882303,Newspapers & Media,0,Assam,1,2024,"{""type"":""Point"",""coordinates"":[91.69820707045706,26.160364218787805]}"
000000000000000000dc,0.1744633652822151,0.0900839900603478,0.0263353466200111,0.0645554338455297,0.050035666108829,0.0888224250722653,0.2192396977534357,0.2671580962523454,0.2514585729499468,0.2893525381611643,0.4755637612134221,0.1837431107035637,0.6648588536281907,-0.5868072380977661,70.56075572083881,5,PART1,Karimganj,28.521228790283203,2024-06-19,171.0,6.0,12:45,2.0,1,,2024-06-11,7.822326388888888,370,1,18,Bendargool Landslide,1,Between Gainachora- Bendargool village,199.47999572753903,LS-0221,,0,Newspapers & Media/2024/Assam/63,12,6.732104801554915,Newspapers & Media,0,Assam,1,2024,"{""type"":""Point"",""coordinates"":[92.5237873349973,24.787041358145434]}"
0000000000000000010b,0.2611991236068895,0.1626408713272543,0.098142228976697,0.1365049189463019,0.1322440425531915,0.1577231408308003,0.2935629888551164,0.3527588196555217,0.3154329736575481,0.379441833839919,0.3527878696530629,0.1093002190417566,0.4863583722992109,-0.4616243537777938,254.46327103405585,2,PART2,Kamrup Metro,171.37379455566406,2024-07-04,186.0,7.0,Night,2.0,1,,2024-06-24,9.814456018518518,362,1,5,Mile Landslide,1,"Mile Area, Jorabat",35.380001068115234,LS-0268,,0,Newspapers & Media/2024/Assam/115,13,18.55632358894153,Newspapers & Media,0,Assam,1,2024,"{""type"":""Point"",""coordinates"":[91.84622247082514,26.11152814405046]}"
00000000000000000117,0.3569384708922329,0.2731347722551552,0.4606922176622585,0.4715610072452754,0.4567126057658206,0.4395975274864469,0.4932834321325428,0.5364872321021431,0.4978190657141411,0.539895637634899,0.2914948036988601,0.1648467080382462,0.0433894661047751,-0.027396502796113,247.2569226906256,0,PART2,Kamrup Metro,55.47703170776367,2024-07-12,194.0,7.0,,2.0,0,,2024-07-09,2.814479166666666,367,1,12,Bonda Landslide,1,"Guwahati’s Bonda locality, Amgaon",182.0200042724609,LS-0280,,0,Newspapers & Media/2024/Assam/125,14,1.2499019623412375,Newspapers & Media,0,Assam,1,2024,"{""type"":""Point"",""coordinates"":[91.82924221401362,26.179507139610244]}"
00000000000000000083,0.1061651431466937,0.0581445502913605,0.0184286749429946,0.0426621281986318,0.0341787990879148,0.0564259082847732,0.1460286445401571,0.177119721307322,0.1702105649860653,0.1891506004560425,0.4979738623406404,0.2435429137934,0.6811808756948611,-0.6042537459170381,289.01733583449084,0,PART1,Ukhrul,1341.9215087890625,2024-05-27,148.0,5.0,10:30 AM,3.0,0,,2024-05-22,4.8223263888888885,351,1,8,Kasom Landslide,1,Near Kasom Village,89.1760025024414,LS-0132,,0,Newspapers & Media/2024/Manipur/16,1,29.223996115691627,Newspapers & Media,0,Manipur,2,2024,"{""type"":""Point"",""coordinates"":[94.271331333348,24.67506887159236]}"
00000000000000000086,0.2000324279126336,0.0968152739066538,0.0315820453048193,0.0646583489585973,0.0454933917802665,0.0981661480768256,0.2793537171236001,0.3328707900471293,0.3316609841382456,0.3614920032432981,0.547273748220374,0.2466108208824246,0.7576817773335252,-0.6720710678429132,145.41243724723552,1,PART1,Senapati,1605.2659912109375,2024-05-28,149.0,5.0,,2.0,1,,2024-05-22,5.8223263888888885,370,1,22,Senapati Landslide,1,Senapati Thonglang Road,271.7749938964844,LS-0135,,0,Newspapers & Media/2024/Manipur/31,3,16.612708203094567,Newspapers & Media,0,Manipur,2,2024,"{""type"":""Point"",""coordinates"":[93.97409211622636,25.267629892382676]}"
00000000000000000126,0.1533577129817444,0.0961953701825558,0.0222419929006085,0.0490082352941176,0.0439915567951318,0.0732066277890466,0.1772172971602433,0.2232831997971603,0.2160202586206897,0.2370421196754564,0.3835325889845331,0.1688567483133927,0.6652284546989263,-0.632510104942783,248.3170780548599,2,PART1,Tamenglong,1198.9722900390625,2024-07-29,211.0,7.0,,2.0,1,,2024-07-26,2.822349537037037,385,1,8,Dimthanlong L andslide,1,"Dimthanlong village, Tamenglong Ward No. 3",1.190000057220459,LS-0295,,0,Newspapers & Media/2024/Manipur/139,7,15.90116933507301,Newspapers & Media,0,Manipur,2,2024,"{""type"":""Point"",""coordinates"":[93.49900611268907,24.981311013740914]}"
00000000000000000129,0.2179208569979716,0.1258875152129817,0.0234549036511156,0.0630153600405679,0.0538629665314401,0.1086071906693711,0.3020945334685599,0.391331201825558,0.383809523326572,0.4167747312373224,0.5059476346176851,0.2755040276699759,0.7543494028639618,-0.7186590159753402,1.442115801337934,0,PART1,Tamenglong,479.3015441894531,2024-07-29,211.0,7.0,,2.0,0,,2024-07-26,2.822349537037037,385,1,8,Taodaijang Landslide,1,Between Taodaijang and Rengpang village,0.0,LS-0298,,0,Newspapers & Media/2024/Manipur/142,10,34.71520130622912,Newspapers & Media,0,Manipur,2,2024,"{""type"":""Point"",""coordinates"":[93.46315939932042,24.751208022079947]}"
0000000000000000012a,0.2742504689480355,0.1946469049429658,0.1130392040557668,0.1481709759188847,0.1461889531051965,0.1768583523447401,0.3217417794676807,0.3892573637515843,0.3776724664131814,0.4045720506970852,0.3197387930574294,0.1580862135926988,0.4450518834392892,-0.4414972163674721,239.3432742690389,0,PART1,Bishnupur,794.4020385742188,2024-08-01,214.0,8.0,,3.0,0,,2024-07-26,5.822349537037037,369,1,7,Thanga Part I Landslide,1,Thanga Part I Gram Panchayat,29.43000030517578,LS-0299,,0,Newspapers & Media/2024/Manipur/143,11,22.392653118518982,Newspapers & Media,0,Manipur,2,2024,"{""type"":""Point"",""coordinates"":[93.83400945663236,24.53454922009512]}"
0000000000000000012b,0.5222965368623875,0.4443785113071697,0.5714832724875774,0.5822830544569517,0.565073521955177,0.5657762042389208,0.6049879576107902,0.6307743078795255,0.6080947013487475,0.632782811073928,0.1555122708229468,0.0758648832465578,0.0367511603833343,-0.0217721648434226,17.421830314276235,0,PART1,Bishnupur,776.996826171875,2024-08-01,214.0,8.0,,2.0,0,,2024-07-26,5.822349537037037,369,1,7,Thanga Part II Landslide,1,Thanga Part II Gram Panchayat,30.670000076293945,LS-0300,,0,Newspapers & Media/2024/Manipur/144,12,18.0514979880665,Newspapers & Media,0,Manipur,2,2024,"{""type"":""Point"",""coordinates"":[93.81729228678299,24.52563101798823]}"
0000000000000000012c,0.4512391249239507,0.3874624416953965,0.443870791928615,0.4587103325897382,0.4482766223889679,0.4521184901642668,0.5036944078280269,0.5363075998783209,0.5105207462989253,0.5420804096532144,0.1371987106098114,0.0615365805836459,0.0658351315129509,-0.0543383395320282,268.42680653164825,0,PART1,Bishnupur,811.7064208984375,2024-08-01,214.0,8.0,,2.0,0,,2024-07-26,5.822349537037037,369,1,7,Thanga Ngaram Landslide,1,Thanga NgaramChinkha Region,29.43000030517578,LS-0301,,0,Newspapers & Media/2024/Manipur/145,13,24.13160038135686,Newspapers & Media,0,Manipur,2,2024,"{""type"":""Point"",""coordinates"":[93.8147728946878,24.52259882927188]}"
0000000000000000012d,0.5089282621920308,0.3689109956402716,0.6212826371286626,0.6337859069248708,0.6177278008719459,0.6157549528541011,0.6519587295954575,0.678211563418838,0.6457823836560883,0.6778480736084355,0.2725963691572022,0.118446482077611,0.0225794957327515,-0.0098646038680793,180.64379693087668,0,PART1,Bishnupur,870.2855224609375,2024-08-01,214.0,8.0,,2.0,0,,2024-07-26,5.822349537037037,369,1,7,Oinam Landslide,1,OinamLeikai,12.630000114440918,LS-0302,,0,Newspapers & Media/2024/Manipur/146,14,14.9082141392563,Newspapers & Media,0,Manipur,2,2024,"{""type"":""Point"",""coordinates"":[93.91899992271102,24.73502148525594]}"
0000000000000000012e,0.5513838969730769,0.449557709273437,0.6306555899203975,0.6378383258125032,0.6162711656441718,0.6162113927901434,0.649253855904274,0.670472037722456,0.6580134107387311,0.6696751406986767,0.1881518018174642,0.0881522161612951,0.0328540698924364,-0.0156348206554968,83.61329241285881,0,PART1,Bishnupur,798.2926635742188,2024-08-01,214.0,8.0,,2.0,0,,2024-07-26,5.822349537037037,369,1,7,Heisnam Landslide,1,Thanga Region,29.43000030517578,LS-0303,,0,Newspapers & Media/2024/Manipur/147,15,31.37425002895047,Newspapers & Media,0,Manipur,2,2024,"{""type"":""Point"",""coordinates"":[93.82000787932454,24.527106980436916]}"
00000000000000000130,0.1976613048768123,0.1005288654567575,0.0352246882287336,0.0748071327182398,0.0587164148839095,0.1040873010240292,0.251576832606712,0.3219385988036093,0.3080082834837269,0.3452936226300314,0.510064570049069,0.2191558194858412,0.6830605332251101,-0.6093385510723474,166.78064227026152,1,PART1,Jiribam,44.51065826416016,2024-08-06,219.0,8.0,3:30 AM,2.0,1,,2024-07-26,10.822349537037036,362,1,6,JiribamSonapu r Landslide,1,"Sonapur Gram Panchayat, Jiribam",71.31999969482422,LS-0305,,0,Newspapers & Media/2024/Manipur/150,16,7.202181708965204,Newspapers & Media,0,Manipur,2,2024,"{""type"":""Point"",""coordinates"":[93.13878655228855,24.750958312420952]}"
00000000000000000136,0.3769177997465145,0.2961894752851711,0.2715983168567806,0.3046146210392902,0.3058295614702154,0.3298279138149555,0.438361723700887,0.4773033206590619,0.4568747173637514,0.4922151787072245,0.2118632903271547,0.0937669366002123,0.2164505271707774,-0.2210714695501208,240.87912534332185,1,PART1,Ukhrul,1882.463623046875,2024-08-12,225.0,8.0,5:00 PM,2.0,1,,2024-08-10,1.822326388888889,365,1,5,Hamleikhong Landslide,1,Hamleikhong Area,26.799999237060547,LS-0311,,0,Newspapers & Media/2024/Manipur/157,19,19.13844110223277,Newspapers & Media,0,Manipur,2,2024,"{""type"":""Point"",""coordinates"":[94.3585424317513,25.091999279190603]}"
00000000000000000052,0.4392062281987766,0.3533186037106314,0.4509223952277438,0.4659627015823264,0.4499626661948333,0.4663893888074416,0.5208318487437441,0.5501818108285729,0.5171488246296952,0.5644778272079267,0.187099832541186,0.0815044879053455,0.0747604095516496,-0.0565746895815362,192.01577114442767,0,PART2,West Garo Hills,302.83648681640625,2023-05-06,126.0,5.0,,2.0,0,,2023-05-04,1.8076273148148148,376,1,43,Tura Civil Hospital,1,Tura Civil Hospital,0.0,LS-0083,,0,Newspapers & Media/2023/Meghalaya/9,9,23.471098264426644,Newspapers & Media,0,Meghalaya,3,2023,"{""type"":""Point"",""coordinates"":[90.20298576431664,25.51502081882785]}"
00000000000000000056,0.3890831306374784,0.2743391152325934,0.4498397030505726,0.4635315344076215,0.4495243792439444,0.4457043376912944,0.4941050572615789,0.5185791628661195,0.4924856339312858,0.5254889074693422,0.2842351486669252,0.1171369801580238,0.0463557101186352,-0.0310426639956046,0.8899075210103433,0,PART1,East Khasi Hills,1320.3873291015625,2023-06-11,162.0,6.0,,2.0,0,,2023-06-10,0.8144560185185186,356,1,22,Pynursla Landslide,1,Riwar Mihngi circle,0.0,LS-0087,,0,Newspapers & Media/2023/Meghalaya/18,18,21.42332604113072,Newspapers & Media,0,Meghalaya,3,2023,"{""type"":""Point"",""coordinates"":[91.90260780364596,25.309598951497705]}"
0000000000000000005b,0.5573027166751144,0.4413129650278763,0.7180245007602634,0.7483976381145466,0.7442174759249874,0.7671358692346683,0.7842835732387228,0.7873363862138872,0.7866876381145465,0.791140466294982,0.2814611071072001,0.1703397843789565,0.0291335510127488,-0.0258762803533574,2.0782193507699844,4,PART1,East Khasi Hills,1585.38720703125,2023-06-17,168.0,6.0,,2.0,1,,2023-06-05,11.814479166666668,354,1,10,Laitlarem Landslide,1,Laitlarem Village area,413.2279502,LS-0092,,0,Newspapers & Media/2023/Meghalaya/28,28,24.78957263369767,Newspapers & Media,0,Meghalaya,3,2023,"{""type"":""Point"",""coordinates"":[91.570966621897,25.446163380360538]}"
0000000000000000005c,0.1695856700978652,0.0944177475787232,0.0324910247959028,0.0587941483697581,0.0530826175143248,0.0804387150753005,0.1954494903909538,0.2537401500938087,0.2321245322245324,0.2773378784037321,0.4146355408368217,0.1491613818805147,0.6207876976076259,-0.5866950166907434,334.2852735831101,0,PART1,West Jaintia Hills,100.87614440917967,2023-06-17,168.0,6.0,,2.0,0,,2023-06-10,6.814456018518518,363,1,19,Darrang Landslide,1,Darrang Village area,237.398367,LS-0093,,0,Newspapers & Media/2023/Meghalaya/29,29,16.640234071305407,Newspapers & Media,0,Meghalaya,3,2023,"{""type"":""Point"",""coordinates"":[92.02088991818967,25.20592485200509]}"
0000000000000000007d,0.3648464068518144,0.2812714930062842,0.4491465842286639,0.4694563804986824,0.4683304226636934,0.4791029343198864,0.5263153608351916,0.5500554632069734,0.4997743817149805,0.5599164656395702,0.2789476714947802,0.1553489849104033,0.0357897058743534,-0.0355325413433054,271.57974876661706,0,PART2,East Khasi Hills,1558.210205078125,2024-05-16,137.0,5.0,,3.0,0,,2024-05-15,0.8144560185185186,360,1,8,3rd Mile Landslide,1,Near St Gabriell Primary School,7.690000057220459,LS-0126,,0,Newspapers & Media/2024/Meghalaya/7,3,5.849900699465754,Newspapers & Media,0,Meghalaya,3,2024,"{""type"":""Point"",""coordinates"":[91.85616626617433,25.569288078648285]}"
0000000000000000007e,0.4379457735408953,0.3330611784392271,0.58800029917347,0.6052645048425535,0.59652716393692,0.6074145124486588,0.6445247451954772,0.6646107550327061,0.6196156178692767,0.6720886314081439,0.2984501426603754,0.1705267682030402,0.0195786947182405,-0.012801364869766,194.2991114379793,0,PART2,East Khasi Hills,1569.1439208984375,2024-05-16,137.0,5.0,,3.0,0,,2024-05-15,0.8144560185185186,360,1,8,Borma Landslide,1,"Near Borma College, 3rd Mile",7.690000057220459,LS-0127,,0,Newspapers & Media/2024/Meghalaya/8,4,18.17862613974629,Newspapers & Media,0,Meghalaya,3,2024,"{""type"":""Point"",""coordinates"":[91.85661217627967,25.568235730799675]}"
0000000000000000007f,0.3215951005725286,0.2339201449055073,0.2316420023306479,0.2555698231747478,0.2650422151289458,0.2805604752495313,0.3502611693773116,0.3816453057708873,0.3669528499771999,0.4002970512235901,0.2329510662393659,0.0725609513723035,0.2011833598820851,-0.2235868664636411,329.4317181981798,0,PART2,East Khasi Hills,1490.227783203125,2024-05-17,138.0,5.0,,2.0,0,,2024-05-15,1.8144560185185183,360,1,8,Shillong Landslide,1,"Near New Assembly builidng, Meghalaya",97.5530014038086,LS-0128,,0,Newspapers & Media/2024/Meghalaya/10,5,6.315680943786274,Newspapers & Media,0,Meghalaya,3,2024,"{""type"":""Point"",""coordinates"":[91.87380646994175,25.568556786075522]}"
00000000000000000087,0.1550662681122707,0.1227611814773533,0.0726528726314722,0.0952073766339041,0.0942521278751645,0.1158010690039517,0.1785736143479582,0.2006669470057756,0.1890526193130002,0.211184132130915,0.2738527888744701,0.1286419916314558,0.4534827567466379,-0.4737633942786542,85.36749972596311,1,PART1,East Khasi Hills,1626.7437744140625,2024-05-28,149.0,5.0,Morning,2.0,1,,2024-05-25,2.8145717592592594,356,1,8,Weilong Landslide,1,East Khasi Hills,278.2149963378906,LS-0136,,0,Newspapers & Media/2024/Meghalaya/18,7,5.091944211910877,Newspapers & Media,0,Meghalaya,3,2024,"{""type"":""Point"",""coordinates"":[91.61459446660389,25.363389087505418]}"
00000000000000000088,0.1943545776967117,0.1029846734559456,0.027623164614683,0.0579967269595176,0.0514485737447433,0.0944133100268531,0.2200494300045599,0.2586103612504432,0.2526715255611289,0.2827254141966863,0.423542870590906,0.132049822036802,0.6657730629419146,-0.62594403572076,359.11592411614816,0,PART2,East Khasi Hills,1264.058349609375,2024-05-28,149.0,5.0,4:00 AM,2.0,0,,2024-05-25,2.8145717592592594,356,1,8,Mawlai Landslide,1,East Khasi Hills,292.4769897460937,LS-0137,,0,Newspapers & Media/2024/Meghalaya/19,8,8.81523342554677,Newspapers & Media,0,Meghalaya,3,2024,"{""type"":""Point"",""coordinates"":[91.89313221390739,25.628362249404336]}"
00000000000000000089,0.2465233686558839,0.1549654109415402,0.0389928357754905,0.079743431526644,0.0951284642295796,0.1306704862343456,0.2314010748871874,0.2640018759823555,0.2523805303452821,0.2786367844648378,0.2542736746405699,0.0211355898776751,0.4779781489719537,-0.5286077066039456,61.69171387552336,0,PART2,East Khasi Hills,1269.3739013671875,2024-05-28,149.0,5.0,5:00 AM,2.0,0,,2024-05-25,2.8145717592592594,356,1,8,Mawkynroh Landslide,1,East Khasi Hills,293.3519897460937,LS-0138,,0,Newspapers & Media/2024/Meghalaya/20,9,15.465074610801569,Newspapers & Media,0,Meghalaya,3,2024,"{""type"":""Point"",""coordinates"":[91.90259888544385,25.62580718450071]}"
0000000000000000008a,0.0862033343468126,0.0442797050775311,-1.45079558123038e-05,0.0229120958751393,0.0178448109861153,0.0433614472484037,0.1138788689571298,0.1329024424850512,0.1357100587817979,0.1445758589236849,0.5217946410624714,0.2413062559977317,0.7856217830296712,-0.7231880177495106,8.550175512049464,0,PART1,East Khasi Hills,1787.804443359375,2024-05-28,149.0,5.0,Morning,3.0,0,,2024-05-25,2.8145717592592594,356,1,8,Mawphland Landslide,1,Mawphland Block,302.4079895019531,LS-0139,,0,Newspapers & Media/2024/Meghalaya/21,10,20.717935417005645,Newspapers & Media,0,Meghalaya,3,2024,"{""type"":""Point"",""coordinates"":[91.75176533321,25.453315778450264]}"
0000000000000000008b,0.2724287467045224,0.2266956601095111,0.2071656915432974,0.2352157625228148,0.241402205435003,0.2597338217400121,0.3140117065503953,0.3371641908335024,0.2977460657067532,0.3506668170756438,0.1415811682612354,0.0391052467378773,0.1826683003088796,-0.2030180128741069,226.4215313887761,0,PART2,East Khasi Hills,1520.71044921875,2024-05-28,149.0,5.0,Morning,2.0,0,,2024-05-25,2.8145717592592594,356,1,8,Rilbong Landslide,1,Near Rilbong Beat House,115.35800170898438,LS-0140,,0,Newspapers & Media/2024/Meghalaya/22,11,5.665695985922332,Newspapers & Media,0,Meghalaya,3,2024,"{""type"":""Point"",""coordinates"":[91.87148773739396,25.567062987222616]}"
0000000000000000008c,0.4981995034706388,0.4117962253635303,0.4205516593200588,0.4576872473020216,0.4700254800628262,0.4854471297562953,0.5343170238638092,0.5584060495516037,0.5234723868875717,0.576216415868673,0.1211295646598188,0.0252422804696356,0.0760999414945859,-0.0863551382509714,90.08817073271894,0,PART2,East Khasi Hills,1578.6533203125,2024-05-28,149.0,5.0,Morning,2.0,0,,2024-05-25,2.8145717592592594,356,1,8,Lumparing Landslide,1,Lower Lumparing,115.35800170898438,LS-0141,,0,Newspapers & Media/2024/Meghalaya/23,12,7.742503067774225,Newspapers & Media,0,Meghalaya,3,2024,"{""type"":""Point"",""coordinates"":[91.8818194745348,25.560962936981504]}"
0000000000000000008d,0.2911727756384274,0.2113473044183219,0.1406501570733685,0.175778151601135,0.1669912646939603,0.2141868413052291,0.3434118869071748,0.3883314501418727,0.3806184181191733,0.4135067997567898,0.3009383513349024,0.13742119831646,0.4300281906375021,-0.4062631523490476,260.1318453239392,0,PART1,South West Khasi Hills,1531.677001953125,2024-05-28,149.0,5.0,Morning,2.0,0,,2024-05-25,2.8145717592592594,356,1,8,13 KM Landslide,1,MR Road,73.79900360107422,LS-0142,,0,Newspapers & Media/2024/Meghalaya/24,13,20.598776748460395,Newspapers & Media,0,Meghalaya,3,2024,"{""type"":""Point"",""coordinates"":[91.38968632767019,25.391927334247477]}"
0000000000000000009b,0.1888751241512112,0.0814720127698388,0.0211020979020978,0.0482717340630384,0.0306317979122326,0.0775933009019965,0.2466003699199351,0.3071159927029491,0.3027385426168035,0.3373682172899565,0.5751657283998479,0.2309201942228536,0.8152696081401135,-0.7243627411278761,35.04581891541994,4,PART1,East Khasi Hills,668.8790283203125,2024-05-30,151.0,5.0,,3.0,1,,2024-05-25,4.814571759259259,357,1,17,Nongpriang Landslide,1,Nongpriang village under Shella Block,564.6389770507812,LS-0156,,0,Newspapers & Media/2024/Meghalaya/35,14,30.91522764463788,Newspapers & Media,0,Meghalaya,3,2024,"{""type"":""Point"",""coordinates"":[91.74895164044527,25.271536064905487]}"
000000000000000000ae,0.602899244881411,0.4371892408270829,0.7475191060206773,0.7656528126900467,0.750957439691871,0.7407991536590312,0.7785012416379485,0.8120225369957432,0.7455610885870667,0.8253040087168053,0.2607847038213383,0.1066063161115255,-0.0018532622296221,0.0134851466683208,87.14793972291085,0,PART2,South West Khasi Hills,1497.5889892578125,2024-06-15,167.0,6.0,,2.0,0,,2024-06-04,10.814456018518518,363,1,7,Lummawbah Landslide,1,South West Khasi Hills,140.0,LS-0175,,0,Newspapers & Media/2024/Meghalaya/53,17,9.722145810148156,Newspapers & Media,0,Meghalaya,3,2024,"{""type"":""Point"",""coordinates"":[91.86663623544781,25.56835166742706]}"
000000000000000000af,0.5438520961119278,0.3839953819638056,0.9861221118264308,0.9912777310285394,0.9567910123181426,0.968252719622852,0.9683589648704822,0.9740007755867588,0.951843818117301,0.9662786181375782,0.4250449595867901,0.2727048458159116,-0.0026666842050701,0.0203593999715244,197.0586514969596,0,PART1,South West Khasi Hills,1549.3662109375,2024-06-15,167.0,6.0,,2.0,0,,2024-06-04,10.814456018518518,363,1,7,Mawkyrwat Landslide,1,Mawkyrwat block,272.8999938964844,LS-0176,,0,Newspapers & Media/2024/Meghalaya/60,22,21.58691200837285,Newspapers & Media,0,Meghalaya,3,2024,"{""type"":""Point"",""coordinates"":[91.46640962039578,25.368971882024336]}"
000000000000000000b0,0.569049658106671,0.3778300308970266,1.071197903054247,1.0695226156105966,1.0301288912525957,1.0454536240692909,1.0426938611153316,1.0334119333434633,1.060138271792534,1.01813166691992,0.4748565830818038,0.3015638887981866,0.0142156564938792,0.0045730772136641,330.0032594142,0,PART1,South West Khasi Hills,88.20831298828125,2024-06-15,167.0,6.0,,2.0,0,,2024-06-04,10.814456018518518,371,1,15,Ranikor Landslide,1,Ranikor Block,147.44000244140625,LS-0177,,0,Newspapers & Media/2024/Meghalaya/61,23,14.004266400806117,Newspapers & Media,0,Meghalaya,3,2024,"{""type"":""Point"",""coordinates"":[91.23621298761269,25.225816901804514]}"
000000000000000000d9,0.503019129200669,0.3105375437173703,1.0273007856454963,1.03075219727305,0.9938503117238584,1.0027807288762736,1.0012995387500627,1.0087779816513769,0.988490693902377,1.000328754625171,0.5223607067507329,0.3257205674850747,-0.0027621222722074,0.0210023248455666,249.7587843653748,0,PART2,West Khasi Hills,1506.6356201171875,2024-06-17,169.0,6.0,,3.0,0,,2024-06-04,12.814456018518518,361,1,7,Markasa Landslide,1,Markasa village under Mawthadraishan block,312.0,LS-0218,,0,Newspapers & Media/2024/Meghalaya/55,18,9.251206931635798,Newspapers & Media,0,Meghalaya,3,2024,"{""type"":""Point"",""coordinates"":[91.43314026743602,25.528188544238677]}"
000000000000000000da,0.2134581217373675,0.2518839187066037,0.6995592924839085,0.7163254878110586,0.7143593887790787,0.750355977902793,0.760445502001926,0.7501708479043129,0.763759333029243,0.744470123156454,0.5039723483417763,0.5631095292906866,0.0334199746079193,-0.032046948839029,215.96963108263944,0,PART1,East Jaintia Hills,52.69143295288086,2024-06-17,169.0,6.0,,2.0,0,,2024-06-11,5.8223263888888885,372,1,18,Karkhana Landslide,1,Karkhana Village,276.0,LS-0219,,0,Newspapers & Media/2024/Meghalaya/65,25,5.197625158672773,Newspapers & Media,0,Meghalaya,3,2024,"{""type"":""Point"",""coordinates"":[92.22033213100714,25.152772367448012]}"
000000000000000000fb,0.2102347590330918,0.1259618000304058,0.0193977550296457,0.0625352404601429,0.0570307353164749,0.1015268940353722,0.2388583692292097,0.2768832666092331,0.2693647240662848,0.2941948411290732,0.3632453979404044,0.1198065455931004,0.6485298626037819,-0.6177812384391856,300.2501263454293,0,PART2,West Khasi Hills,1351.7135009765625,2024-07-02,184.0,7.0,,2.0,0,,2024-06-24,7.814456018518518,364,1,5,Tiehsaw Landslide,1,Nongstoin-Shillong Highway,170.75999450683594,LS-0252,,0,Newspapers & Media/2024/Meghalaya/96,36,9.679956151693592,Newspapers & Media,0,Meghalaya,3,2024,"{""type"":""Point"",""coordinates"":[91.2717966140192,25.52900901883251]}"
000000000000000000fc,0.3423482721929468,0.2629837505066881,0.2103833147547629,0.2417336441021483,0.24214778070531,0.2690812373327929,0.3636434890555331,0.3958576661937577,0.3752866791649778,0.4142379864207542,0.2031365209852932,0.0590434500844334,0.2628934682229668,-0.2646257065063244,319.92526066251924,0,PART1,West Khasi Hills,1631.85546875,2024-07-02,184.0,7.0,,3.0,0,,2024-06-24,7.814456018518518,364,1,5,Pariong Landslide,1,Lawbyrtun- Rngikseh road under Mawthadraishan Block,162.63999938964844,LS-0253,,0,Newspapers & Media/2024/Meghalaya/97,37,22.13300622735489,Newspapers & Media,0,Meghalaya,3,2024,"{""type"":""Point"",""coordinates"":[91.51434049761927,25.466184744090512]}"
0000000000000000010d,0.2196233314808265,0.2824000808366594,1.050034552619613,1.0640565048249384,1.0283559591774871,1.0888749254787045,1.0789854948719249,1.032174617288941,1.057515657050473,0.9961721366139544,0.5784037868775023,0.6559950380050082,0.0139888615036768,0.0030771281650322,276.36185680291453,0,PART1,South Garo Hills,19.276695251464844,2024-07-04,186.0,7.0,Morning,2.0,0,,2024-06-29,4.814479166666667,375,1,18,Baghmara Landslide,1,Near Baghmara SBI,4.570000171661377,LS-0270,,0,Newspapers & Media/2024/Meghalaya/107,38,5.763860885362954,Newspapers & Media,0,Meghalaya,3,2024,"{""type"":""Point"",""coordinates"":[90.64741990721255,25.193381400741746]}"
0000000000000000010e,0.2097216916780354,0.2746647769188012,1.0755454246879892,1.0692037441261173,1.021207730786721,1.073432029710475,1.056359875701076,1.0039813804254456,1.068522429387095,0.96361985751099,0.5909937436772368,0.6718420367470237,0.0226165554265484,0.0003376034310374,33.92297265183004,0,PART1,South Garo Hills,44.58760452270508,2024-07-04,186.0,7.0,,2.0,0,,2024-06-29,4.814479166666667,381,1,24,Baghmara 2 Landslide,1,Near Baghmara Circuit House,13.289999961853027,LS-0271,,0,Newspapers & Media/2024/Meghalaya/108,39,14.151990233153134,Newspapers & Media,0,Meghalaya,3,2024,"{""type"":""Point"",""coordinates"":[90.63367695776581,25.21005397958058]}"
0000000000000000011b,0.2033112139605461,0.1011946181082448,0.0244581740010116,0.0651507789580172,0.0457582144663631,0.0866246383409205,0.2549775316135558,0.33893717754173,0.3220883965604453,0.3630926049570057,0.5066187458765432,0.2136103892898462,0.7198925016193541,-0.6262490585954475,230.68620400188263,0,PART2,West Garo Hills,181.396728515625,2024-07-13,195.0,7.0,,2.0,0,,2024-07-09,3.814479166666666,376,1,20,Dadenggre Landslide,1,"Dadenggre subdivision, Tura",4.070000171661377,LS-0284,,0,Newspapers & Media/2024/Meghalaya/126,46,12.121245920549008,Newspapers & Media,0,Meghalaya,3,2024,"{""type"":""Point"",""coordinates"":[90.19385798446024,25.72465207755245]}"
0000000000000000011f,0.249355351077313,0.1385291863117871,0.0880612623574145,0.1210791634980988,0.1063378910012674,0.1371374093789608,0.2961260430925223,0.365268390367554,0.3489397313054498,0.3911517870722436,0.4386044445423324,0.1695371591935625,0.5708598062642342,-0.5189262734730066,247.26076535665968,0,PART2,Ri Bhoi,122.5674819946289,2024-07-18,200.0,7.0,,3.0,0,,2024-07-14,3.814456018518519,374,1,6,Maupur Landslide,1,"Near Merrily Service Station, Ri Bhoi",26.65999984741211,LS-0288,,0,Newspapers & Media/2024/Meghalaya/131,49,36.595503502230414,Newspapers & Media,0,Meghalaya,3,2024,"{""type"":""Point"",""coordinates"":[91.86905752731984,26.029623375900773]}"
00000000000000000153,0.2224068196754461,0.1467858450027803,0.1221624892573681,0.1470841514584702,0.1410896061877559,0.1702884889540468,0.3335834538193215,0.3987745665032101,0.3834698599666347,0.424644168646681,0.4508013310810375,0.2680135917292883,0.483046617860987,-0.468116019276921,20.458668659761088,1,PART1,West Garo Hills,59.32313919067383,2024-10-04,278.0,10.0,,2.0,1,,2024-10-02,1.8145717592592592,429,1,38,Koinadubi Landslide,1,"Koinadubi Village, West Garo Hills",189.3699951171875,LS-0340,,0,Newspapers & Media/2024/Meghalaya/184,56,12.918857644192649,Newspapers & Media,0,Meghalaya,3,2024,"{""type"":""Point"",""coordinates"":[90.23766419320928,25.267237491489965]}"
00000000000000000155,0.1559225547186978,0.0767594702522368,0.0294301470959914,0.0528555274730829,0.0316521862204923,0.0664223019764443,0.2522925036647627,0.3290990244149019,0.3204612596673911,0.3556677905272203,0.6128805375561706,0.3448616909883318,0.8196668004060047,-0.7164297406578412,228.1766114958652,7,PART1,South Garo Hills,176.14730834960938,2024-10-05,279.0,10.0,,2.0,1,,2024-10-02,2.8145717592592594,425,1,38,Attesia Landslide,1,"AttesiaSonmong, Gasuapara Region",215.4600067138672,LS-0342,,0,Newspapers & Media/2024/Meghalaya/185,57,3.4322604070426355,Newspapers & Media,0,Meghalaya,3,2024,"{""type"":""Point"",""coordinates"":[90.42419730847705,25.236001488610576]}"
00000000000000000069,0.2645983972408196,0.1455941164536416,0.0866652617163725,0.1256727328058429,0.0990737421383647,0.1473007658754311,0.3708871373503753,0.4739446946642319,0.4467041134104281,0.5034592310813552,0.5266143691740304,0.2659994250172309,0.6723843379895714,-0.5885868817733245,137.15629817860832,0,PART1,Aizawl,742.9611206054688,2023-07-27,208.0,7.0,,,0,,2023-07-22,4.822233796296296,353,1,9,Vaivakawn Landslide,1,Vaivakawn Zohnuai area,43.21284914,LS-0106,,0,Newspapers & Media/2023/Mizoram/55,55,37.35766040439417,Newspapers & Media,0,Mizoram,4,2023,"{""type"":""Point"",""coordinates"":[92.70878206040162,23.74242113165783]}"
0000000000000000008e,0.1950704250355041,0.1043982197200243,0.0368359707851491,0.0639407181984175,0.0498516534794075,0.0958814719009941,0.2471977835260702,0.2960646074254411,0.2938550415905863,0.3227893639683506,0.4640534851757011,0.1922227534898896,0.6964020038225007,-0.6317321828946714,271.0834692022672,28,PART1,Aizawl,1103.2733154296875,2024-05-28,149.0,5.0,6:00 AM,2.0,1,,2024-05-22,5.8223263888888885,359,1,11,Hlimen Landslide,1,"Situated between Meltham and Hlimen in the southern part of Aizawl city, Mizoram",660.9299926757812,LS-0143,,0,Newspapers & Media/2024/Mizoram/13,1,32.325078389622874,Newspapers & Media,0,Mizoram,4,2024,"{""type"":""Point"",""coordinates"":[92.71768242610429,23.680591236450745]}"
00000000000000000090,0.2241075768333502,0.1424929201744598,0.0509097525103965,0.0815405822091489,0.0777609848869053,0.1154094583629171,0.2406070088244243,0.2833016583832031,0.278781433208236,0.3061610863170706,0.3178885233954844,0.1027260343140864,0.556218172934639,-0.5393142807351221,161.159902064613,0,PART1,Aizawl,825.9204711914062,2024-05-28,149.0,5.0,,2.0,0,,2024-05-22,5.8223263888888885,359,1,11,Salem Landslide,1,Near Aizawl City,596.4849853515625,LS-0145,,0,Newspapers & Media/2024/Mizoram/15,3,15.95151953559198,Newspapers & Media,0,Mizoram,4,2024,"{""type"":""Point"",""coordinates"":[92.72660062821117,23.717690957215417]}"
00000000000000000091,0.2429152051529136,0.1516871227874422,0.0477840290104985,0.0859805345640817,0.0846844296799716,0.1256744129431454,0.2527706141907998,0.2957384997717704,0.2894825328396815,0.3209485215803622,0.314059962725974,0.085811876164977,0.551780327064803,-0.5405210245859857,99.27694139066408,2,PART1,Aizawl,770.3856811523438,2024-05-28,149.0,5.0,,2.0,1,,2024-05-22,5.8223263888888885,359,1,11,Falkawn Landslide,1,Falkawn Village,656.676025390625,LS-0146,,0,Newspapers & Media/2024/Mizoram/27,4,7.202359878721499,Newspapers & Media,0,Mizoram,4,2024,"{""type"":""Point"",""coordinates"":[92.72635091855219,23.62223944006536]}"
00000000000000000092,0.201349741405537,0.1038124530980631,0.0374270205861474,0.065047910962377,0.0520129753574688,0.0975672447013487,0.2464518710069973,0.2970912077882567,0.2947585488287192,0.3253035087719299,0.4781793935281765,0.1869649339941904,0.6989714561317539,-0.6363210953164468,309.3770378782845,1,PART1,Aizawl,906.8558349609376,2024-05-28,149.0,5.0,,2.0,1,,2024-05-22,5.8223263888888885,370,1,22,Lungsei Landslide,1,Lungsei Village,594.2490234375,LS-0147,,0,Newspapers & Media/2024/Mizoram/28,5,26.96972983369097,Newspapers & Media,0,Mizoram,4,2024,"{""type"":""Point"",""coordinates"":[92.68158600307665,23.451219537362547]}"
00000000000000000093,0.231537127357534,0.1376787061447981,0.0435905140945041,0.0750389677550192,0.069443104846887,0.1109858750760494,0.2453101297911173,0.2928848255931858,0.2876693114986818,0.3197709744473737,0.3519537129385472,0.1056116582085394,0.6095564743435425,-0.5823994243544138,340.07374772306287,1,PART1,Aizawl,790.793212890625,2024-05-28,149.0,5.0,,2.0,1,,2024-05-22,5.8223263888888885,359,1,11,Aibawk Landslide,1,Aibawk Village,536.281982421875,LS-0148,,0,Newspapers & Media/2024/Mizoram/29,6,14.230393072174705,Newspapers & Media,0,Mizoram,4,2024,"{""type"":""Point"",""coordinates"":[92.70655696897593,23.55912086465383]}"
000000000000000000a2,0.560307092162628,0.3802629676568993,1.0811971408293626,1.0898467656899522,1.062163601338335,1.0791420206833615,1.080373578018858,1.0857647368954684,1.088136809287235,1.0792980279833717,0.4826282938046028,0.3206038079541897,0.0120743180897919,0.0007915932843138,98.38400943852888,0,PART1,Mamit,597.28564453125,2024-06-11,163.0,6.0,,2.0,0,,2024-06-06,4.822349537037037,374,1,18,Khantlang Landslide,1,Khantlang Village in Mamitdistrcit,70.69999694824219,LS-0163,,0,Newspapers & Media/2024/Mizoram/49,7,27.65274790164922,Newspapers & Media,0,Mizoram,4,2024,"{""type"":""Point"",""coordinates"":[92.27094292796376,23.75095139197307]}"
00000000000000000102,0.299341170207372,0.2343558231506362,0.2233255336409268,0.2431106981696497,0.244781711707144,0.2667374537342189,0.3624943974040461,0.4150139684632155,0.4029033463469045,0.4274438219337828,0.264282275194385,0.1472793733868931,0.2464721485646182,-0.2504425108761056,114.39061106752972,3,PART1,Aizawl,1052.33447265625,2024-07-02,184.0,7.0,7:30 AM,2.0,1,,2024-06-26,5.822349537037037,367,1,8,Zuangtui Landslide,1,Aizawl's Zuangtui locality,,LS-0259,,0,Newspapers & Media/2024/Mizoram/86,8,25.027724119680567,Newspapers & Media,0,Mizoram,4,2024,"{""type"":""Point"",""coordinates"":[92.73934919812298,23.755241047186487]}"
00000000000000000103,0.3378262653413122,0.2556936301856172,0.3874065168881224,0.3997379196673087,0.3870878233086518,0.3936944010548737,0.4699140328633732,0.518941860229232,0.4923812962775127,0.5248906430672481,0.3166050276194744,0.186210646098413,0.1200057368071581,-0.1041008447617556,304.4627785452202,0,PART1,Aizawl,1020.13134765625,2024-07-02,184.0,7.0,Morning,2.0,0,,2024-06-26,5.822349537037037,367,1,8,Bawngkawn Landslide,1,Aizawl's Bawngkawn locality,338.1099853515625,LS-0260,,0,Newspapers & Media/2024/Mizoram/94,9,17.76020461494268,Newspapers & Media,0,Mizoram,4,2024,"{""type"":""Point"",""coordinates"":[92.72946337108749,23.755651284483406]}"
00000000000000000104,0.2737448940269751,0.2108839874252104,0.1495528496095731,0.1841231467396816,0.1922735473075753,0.2221538991988643,0.3323294442754285,0.389552362843525,0.3740186948585335,0.4043812595071495,0.2797946556024039,0.1557343087641625,0.329765093122383,-0.3505937741481369,302.49738958308666,3,PART1,Aizawl,856.757568359375,2024-07-02,184.0,7.0,Morning,2.0,1,,2024-06-26,5.822349537037037,367,1,8,Zemabawk Landslide,1,Aizawl's Zemabawk locality,172.74000549316406,LS-0261,,0,Newspapers & Media/2024/Mizoram/95,10,11.698819258902928,Newspapers & Media,0,Mizoram,4,2024,"{""type"":""Point"",""coordinates"":[92.74630093666529,23.73397113516155]}"
00000000000000000105,0.3145245117435195,0.2411302389286257,0.3052019428803327,0.3185128696799067,0.3096359153857861,0.3191790493582915,0.4041220970932889,0.458007046111703,0.4406253741186022,0.4689566935524781,0.2928252315025069,0.1670256683215096,0.1749125373940164,-0.1612004499846157,246.1678906217317,0,PART1,Aizawl,1155.6153564453125,2024-07-02,184.0,7.0,,3.0,0,,2024-06-26,5.822349537037037,367,1,8,Durtlang Landslide,1,Durtlang Road,173.42999267578125,LS-0262,,0,Newspapers & Media/2024/Mizoram/101,11,46.60985521688678,Newspapers & Media,0,Mizoram,4,2024,"{""type"":""Point"",""coordinates"":[92.7336192532693,23.762290885951984]}"
00000000000000000146,0.3251749036706549,0.2346002281484486,0.2233572956803893,0.2509729466639626,0.2482589028594604,0.2742387801662947,0.4084578229568038,0.4918201936726828,0.4711457817886835,0.5107841512877712,0.3348929106033284,0.1831659365879375,0.3108975035639996,-0.3064499298726943,349.6363026044231,0,PART1,Kolasib,173.8741455078125,2024-08-28,241.0,8.0,,2.0,0,,2024-08-25,2.822349537037037,365,1,8,Kawnpui Landslide,1,Near Kawnpui Railway Station,45.790000915527344,LS-0327,,0,Newspapers & Media/2024/Mizoram/170,12,17.341574390756072,Newspapers & Media,0,Mizoram,4,2024,"{""type"":""Point"",""coordinates"":[92.64392889468029,23.994351422975416]}"
00000000000000000065,0.4450162784810125,0.3560938075949368,0.5515224556962025,0.546373787341772,0.5128652506329113,0.5120811746835445,0.5755397063291139,0.6100044810126584,0.6009662582278481,0.6191097873417718,0.2566739391303177,0.1494802142789371,0.0802710406756719,-0.0486287293824791,347.4268902201904,0,PART2,Noklak,1374.093017578125,2023-07-09,190.0,7.0,,2.0,0,,2023-07-07,1.822326388888889,398,1,71,Wonthai Landslide,1,Wonthai area,56.55963898,LS-0102,,0,Newspapers & Media/2023/Nagaland/43,43,18.632885897283863,Newspapers & Media,0,Nagaland,5,2023,"{""type"":""Point"",""coordinates"":[95.02028194628477,26.197298952813494]}"
00000000000000000066,0.4764600769698199,0.4038614239416649,0.5589100820336238,0.5692111504962528,0.5476773850516505,0.5514846566740937,0.6120529673891029,0.6463940095199513,0.6105230453716833,0.6566130646141382,0.2037266412868084,0.1233133321588772,0.0543164983951974,-0.03514563200554,266.0681296100008,0,PART2,Noklak,1388.894287109375,2023-07-09,190.0,7.0,,2.0,0,,2023-07-07,1.822326388888889,398,1,71,Ehoukeh King,1,"Ehoukeh King, Choklangan",56.55963898,LS-0103,,0,Newspapers & Media/2023/Nagaland/44,44,24.706146597899583,Newspapers & Media,0,Nagaland,5,2023,"{""type"":""Point"",""coordinates"":[95.01541260793441,26.199006788516968]}"
00000000000000000094,0.1249141959671699,0.0839995744249671,0.0154906474820143,0.0377377647178032,0.0376444523254635,0.0573524470564393,0.1275265427094944,0.149370017225656,0.1510498784071335,0.1602787060492451,0.288624593322505,0.0982907886162431,0.6307156073846423,-0.6303580962227007,44.48796306883901,1,PART2,Phek,2011.2506103515625,2024-05-28,149.0,5.0,,2.0,1,,2024-05-22,5.8223263888888885,358,1,10,Rekizu Landslide,1,Rekizu Ward,194.3000030517578,LS-0149,,0,Newspapers & Media/2024/Nagaland/25,1,23.2078434875222,Newspapers & Media,0,Nagaland,5,2024,"{""type"":""Point"",""coordinates"":[94.29851401336981,25.5829641415792]}"
00000000000000000095,0.2199028228258667,0.1559056355159132,0.0233864281370362,0.0562043685384147,0.0639189489154672,0.0960409487127508,0.1882439742550172,0.220935865599027,0.2159894384755726,0.2401350293938779,0.1985067284869456,0.0093736824241409,0.5683516494861429,-0.599341759375196,11.007421968276615,0,PART2,Phek,1595.8189697265625,2024-05-28,149.0,5.0,,2.0,0,,2024-05-22,5.8223263888888885,358,1,10,Kikruma Landslide,1,Kikruma Village,194.3000030517578,LS-0150,,0,Newspapers & Media/2024/Nagaland/26,2,25.5602080283488,Newspapers & Media,0,Nagaland,5,2024,"{""type"":""Point"",""coordinates"":[94.2205287950461,25.579584142980696]}"
000000000000000000d8,0.1943672105396503,0.1806381403597669,0.3242275348365848,0.3335598327843933,0.319176382062326,0.349442822396757,0.4245089384342538,0.4475746491005831,0.4440824372941476,0.4558081834304535,0.4216808944741686,0.3910946471235884,0.1636464304749696,-0.1421253765790532,324.7692646325574,0,PART2,Kiphire,1067.2218017578125,2024-06-16,168.0,6.0,11:00,2.0,0,,2024-06-11,4.8223263888888885,364,1,10,Medical Ward Landslide,1,"Medical ward, Kiphire",0.209999993443489,LS-0217,,0,Newspapers & Media/2024/Nagaland/56,3,19.05503995605022,Newspapers & Media,0,Nagaland,5,2024,"{""type"":""Point"",""coordinates"":[94.78011922264723,25.881652566543227]}"
000000000000000000ea,0.3991507601094559,0.3151878686530861,0.3889296949427385,0.394843275565015,0.3700558579102058,0.3993647106516673,0.4902938177764265,0.5215567852437418,0.5623957129826697,0.5293258994628562,0.2820764875233623,0.1701351968670126,0.2096193365630467,-0.1784292738336955,61.13834667686291,0,PART2,Zunheboto,1812.38427734375,2024-06-29,181.0,6.0,,2.0,0,,2024-06-26,2.822349537037037,364,1,10,DC Hill Landslide,1,DC Hill West Area,15.98900032043457,LS-0235,,0,Newspapers & Media/2024/Nagaland/77,5,10.854001192669552,Newspapers & Media,0,Nagaland,5,2024,"{""type"":""Point"",""coordinates"":[94.52142893413262,26.012018844941768]}"
000000000000000000f9,0.2654641550544717,0.2081712389156321,0.1078695211553078,0.1472878946034963,0.1522652748923233,0.1914336762097796,0.3198950342031923,0.3738222852799595,0.376139711173043,0.3930566962249809,0.2856480100436659,0.1707368770701012,0.4351800690449047,-0.4491028613170376,277.206485641815,0,PART2,Zunheboto,1821.62890625,2024-07-01,183.0,7.0,,2.0,0,,2024-06-26,4.822349537037037,367,1,10,"DIET, Zunheboto Landslide",1,South point east colony,32.20000076293945,LS-0250,,0,Newspapers & Media/2024/Nagaland/103,8,11.017607233972164,Newspapers & Media,0,Nagaland,5,2024,"{""type"":""Point"",""coordinates"":[94.52163405278108,26.006770483001866]}"
00000000000000000107,0.1747863495922605,0.2146430127133667,0.9436396393658508,0.9788000101301724,0.97552419591754,1.0201639771058095,1.0235430532340573,1.0009688041331102,1.0301091728713978,0.9806299701159904,0.6551224765038357,0.7098711725521727,0.0272155277122519,-0.0255408346120256,32.408015493659605,0,PART2,Kiphire,1690.3175048828125,2024-07-02,184.0,7.0,,3.0,0,,2024-07-01,0.8223263888888889,370,1,11,Shishimi Landslide,1,Shishimi Village Area,301.5,LS-0264,,0,Newspapers & Media/2024/Nagaland/102,7,38.5770616540404,Newspapers & Media,0,Nagaland,5,2024,"{""type"":""Point"",""coordinates"":[94.61631860454995,25.816010139935447]}"
00000000000000000109,0.2799497771700598,0.2860434923528817,0.8592252000405146,0.8875049731591209,0.8847471386609951,0.912911090853844,0.9287230882203998,0.923102532158412,0.9301597741314698,0.9157707991491948,0.5296188059272842,0.5373260297459829,0.0250192689447471,-0.0234652382812887,315.0894551044468,0,PART2,Tuensang,1972.46240234375,2024-07-03,185.0,7.0,,3.0,0,,2024-07-01,1.822326388888889,378,1,19,K.Wongthu Landslide,1,Kuthur Village,17.90999984741211,LS-0266,,0,Newspapers & Media/2024/Nagaland/104,9,17.129704609372023,Newspapers & Media,0,Nagaland,5,2024,"{""type"":""Point"",""coordinates"":[94.841672653589,26.18583014490403]}"
00000000000000000113,0.2281200486149794,0.289743064769332,0.891344751101433,0.9195746341216388,0.914896723552945,0.9572244746037376,0.9606401934471064,0.9408820985466142,0.9746599635387656,0.9242635792778648,0.5416936956432592,0.6206797721014895,0.0316277704036496,-0.0290803728820197,150.3285245105161,0,PART2,Shamator,1638.5274658203125,2024-07-05,187.0,7.0,,3.0,0,,2024-07-01,3.822326388888889,368,1,11,Chessore Landslide,1,Keku colony of Chessore area,106.6999969482422,LS-0276,,0,Newspapers & Media/2024/Nagaland/116,10,14.96500984646162,Newspapers & Media,0,Nagaland,5,2024,"{""type"":""Point"",""coordinates"":[94.74677406496956,26.09093601538565]}"
00000000000000000116,0.1816179271566789,0.215966957094372,0.930234587913479,0.9617807355250492,0.9579051415835056,1.0008251658983838,1.0064866572108804,0.9853030292285084,1.0152315840129678,0.9652625500227948,0.6492166815886972,0.6965514042259576,0.0290526815763644,-0.0270356401539191,51.26414676700796,0,PART2,Zunheboto,1774.23974609375,2024-07-07,189.0,7.0,4:00 PM,2.0,0,,2024-07-01,5.8223263888888885,368,1,10,Alahuto Landslide,1,Alahuto Colony of Zunheboto Town,10.850000381469728,LS-0279,,0,Newspapers & Media/2024/Nagaland/128,12,34.36886831480219,Newspapers & Media,0,Nagaland,5,2024,"{""type"":""Point"",""coordinates"":[94.53107842881228,26.01589826285827]}"
00000000000000000119,0.171177088825796,0.2033737679983776,0.8688858142364632,0.8953276921516939,0.891301678158589,0.9330931707564384,0.9413613465828432,0.9233111792739808,0.947357244980734,0.9084801358750756,0.6465317930310678,0.6939272809565685,0.0304873775589129,-0.0282357084162087,233.5408128644124,0,PART2,Kohima,1562.3131103515625,2024-07-12,194.0,7.0,,3.0,0,,2024-07-01,10.82232638888889,364,1,9,Seca Khel Landslide,1,Kigwema- Mima- Chakhabama Road,18.59000015258789,LS-0282,,0,Newspapers & Media/2024/Nagaland/124,11,23.260665547398883,Newspapers & Media,0,Nagaland,5,2024,"{""type"":""Point"",""coordinates"":[94.12724886010906,25.60709679648046]}"
00000000000000000122,0.3339171209971625,0.2179582488852858,0.3917894203486015,0.4042496706526147,0.3904445835022295,0.3986659505472235,0.4767408340089179,0.5105386451155249,0.4863800314146741,0.5225622010539116,0.3802178359215934,0.1852607408735089,0.1112349281094247,-0.0945635336562912,318.8920021139936,0,PART2,Wokha,1378.6387939453125,2024-07-22,204.0,7.0,2:00 AM,3.0,0,,2024-07-21,0.8223263888888889,379,1,9,Tchuyiro colony Landslide,1,Tchuyiro colony area in Wokha Town,15.09000015258789,LS-0291,,0,Newspapers & Media/2024/Nagaland/135,14,5.880385599963525,Newspapers & Media,0,Nagaland,5,2024,"{""type"":""Point"",""coordinates"":[94.25861397714358,26.09927899345665]}"
00000000000000000123,0.3957892187658324,0.2867656297497212,0.3609616577160807,0.3807802411591851,0.3690737055426081,0.3839691964738068,0.5049195713851454,0.5560518542912147,0.5318112068092005,0.5738770392136989,0.2996560876250923,0.146814714427917,0.1812787426101155,-0.1660921927472676,69.00851508339849,0,PART2,Wokha,1029.373779296875,2024-07-22,204.0,7.0,1:30 AM,2.0,0,,2024-07-21,0.8223263888888889,377,1,7,Lakhuti Landslide,1,Near football ground at Lakhuti Village,34.58000183105469,LS-0292,,0,Newspapers & Media/2024/Nagaland/136,15,22.42385263119693,Newspapers & Media,0,Nagaland,5,2024,"{""type"":""Point"",""coordinates"":[94.24665020901718,26.295599835536716]}"
00000000000000000125,0.2807809996958328,0.2091797272635101,0.5794217885024839,0.5943241204501674,0.5910675757882998,0.6096384974145796,0.6333867585927203,0.6461956199939167,0.545526852884518,0.650268250025347,0.4596017821558628,0.336589527843679,-0.0420567011146332,0.0453716496495551,32.08463875657964,0,PART2,Kohima,1353.9293212890625,2024-07-26,208.0,7.0,,2.0,0,,2024-07-21,4.8223263888888885,385,1,9,Pezielietsie Colony Landslide,1,"Pezielietsie Colony in Ward-3 North Block, Kohima",1.2899999618530271,LS-0294,,0,Newspapers & Media/2024/Nagaland/138,16,21.61455936695172,Newspapers & Media,0,Nagaland,5,2024,"{""type"":""Point"",""coordinates"":[94.10302702318674,25.680685341165475]}"
0000000000000000012f,0.2418397617237009,0.1677906007604562,0.097098103929024,0.1198840152091255,0.1080501495564005,0.1552682636248416,0.321079391634981,0.3794611406844108,0.3908098048162231,0.4002732522179974,0.3995076766643315,0.2358019305580945,0.5733097733795538,-0.5381834193147427,332.1171477784711,0,PART2,Kohima,813.8027954101562,2024-08-04,217.0,8.0,,2.0,0,,2024-07-31,3.822326388888889,371,1,10,Dzüü Landslide,1,Just before Dzüü bridge,0.4000000059604645,LS-0304,,0,Newspapers & Media/2024/Nagaland/149,17,11.42951571607087,Newspapers & Media,0,Nagaland,5,2024,"{""type"":""Point"",""coordinates"":[94.18373229315306,25.67131676985218]}"
00000000000000000138,0.4755032372460612,0.3204260144890825,0.5495516642180456,0.5663319418410251,0.5529775165915192,0.5680221997061654,0.6391793150615532,0.6674844926288058,0.6559546836212575,0.6787146309336846,0.3436494284376918,0.1594844962079004,0.0853378374667287,-0.0734866763852761,232.4647807167223,0,PART2,Kiphire,1666.0404052734375,2024-08-12,225.0,8.0,,3.0,0,,2024-08-10,1.822326388888889,376,1,16,Lophukhong Landslide,1,Near Lophukhong Village,57.459999084472656,LS-0313,,0,Newspapers & Media/2024/Nagaland/156,18,28.18702529861032,Newspapers & Media,0,Nagaland,5,2024,"{""type"":""Point"",""coordinates"":[94.9301278411862,25.699199528739378]}"
00000000000000000143,0.396183936536902,0.3380279805352799,0.6635813665855637,0.6857529805352798,0.6796884276155719,0.6963750304136256,0.73853799675588,0.7508192112733172,0.7473223844282237,0.7558745640713707,0.3771236919626844,0.307102383853503,0.0474052509799159,-0.0429707514818192,149.0591786476432,0,PART2,Kohima,1418.15869140625,2024-08-23,236.0,8.0,Morning,3.0,0,,2024-08-20,2.822326388888889,372,1,17,Khonoma Landslide,1,Between Jotsoma and Khonoma,45.290000915527344,LS-0324,,0,Newspapers & Media/2024/Nagaland/168,20,48.80033705943882,Newspapers & Media,0,Nagaland,5,2024,"{""type"":""Point"",""coordinates"":[94.0421602938072,25.670326849418313]}"
00000000000000000144,0.2154800972841507,0.1390955512768545,0.0282571341710579,0.0632826611268747,0.0601720054722334,0.0943647294284556,0.2135536532225374,0.2638279945277664,0.2586998682610457,0.286347846574787,0.2971504847776389,0.0866036630407263,0.6211340636582168,-0.6050116770207838,234.66572600700124,0,PART2,Wokha,1317.4075927734375,2024-08-26,239.0,8.0,3:00 PM,2.0,0,,2024-08-25,0.8223495370370371,361,1,9,Etsuchuka Colony Landslide,1,"Etsuchuka Colony, Wokha",3.5999999046325684,LS-0325,,0,Newspapers & Media/2024/Nagaland/169,21,3.934212065666182,Newspapers & Media,0,Nagaland,5,2024,"{""type"":""Point"",""coordinates"":[94.25499318708817,26.098734983128132]}"
00000000000000000145,0.1695079140700207,0.0806558848862542,0.0246861934437857,0.0538987688098495,0.0435473425545928,0.078700344530577,0.2189279981760145,0.2799532451740384,0.2694300704261033,0.3012873537011705,0.5217462232777067,0.2143531690447652,0.6995133709067681,-0.6457488745974509,17.7026112167743,0,PART2,Mokokchung,604.2978515625,2024-08-26,239.0,8.0,,3.0,0,,2024-08-25,0.8223495370370371,358,1,6,Mokokchung Landslide,1,Between MokokchungTu engsang Road,20.229999542236328,LS-0326,,0,Newspapers & Media/2024/Nagaland/173,23,29.02605781095709,Newspapers & Media,0,Nagaland,5,2024,"{""type"":""Point"",""coordinates"":[94.58632669086447,26.302047695659997]}"
0000000000000000005d,0.2336090020263424,0.1383789361702127,0.0490667831813576,0.0781150455927052,0.0465988145896656,0.1044258814589666,0.2921305319148935,0.3531552026342452,0.3460124265450862,0.3832648125633233,0.4315854912321019,0.1939970409093933,0.7421238545799071,-0.6397483715124549,338.93726689720893,0,PART2,West Sikkim,615.4533081054688,2023-06-18,169.0,6.0,,2.0,0,,2023-06-13,4.807511574074074,358,1,12,Kalej Khola landslide,1,Lower Sapung area,66.43408392,LS-0094,,0,Newspapers & Media/2023/Sikkim/25,25,12.113398488874912,Newspapers & Media,0,Sikkim,6,2023,"{""type"":""Point"",""coordinates"":[88.25036770851796,27.269329273476636]}"
0000000000000000005e,0.6323475556005873,0.4466368914332032,1.0352995795126398,1.067753118192411,1.0521050002533054,1.062073114139521,1.0660177161963629,1.0800371953999692,1.0523144941486402,1.0809943766148231,0.4046094817707253,0.2496175807118551,5.300436134283216e-05,0.0073842783321499,73.31695149837697,0,PART2,West Sikkim,1642.106201171875,2023-06-18,169.0,6.0,,2.0,0,,2023-06-16,1.8006828703703703,369,1,23,Dentam Landslide,1,Dentam Sub Division under Gyalshing district,47.51506926,LS-0095,,0,Newspapers & Media/2023/Sikkim/26,26,37.01350208184603,Newspapers & Media,0,Sikkim,6,2023,"{""type"":""Point"",""coordinates"":[88.13677656828249,27.254355612139165]}"
0000000000000000005f,0.5281603232507472,0.3978229518163853,0.8021373055682223,0.8124573795409636,0.792021234230126,0.797263869889041,0.8109006586613973,0.8238102092516592,0.8074740791407,0.8261358463798953,0.3409510108638801,0.2097369503075243,0.0096893374929651,0.0031169932956012,332.21473186672364,0,PART2,West Sikkim,2139.02734375,2023-06-18,169.0,6.0,,2.0,0,,2023-06-16,1.8006828703703703,390,1,44,Lower Okhrey Landslide,1,Sombaria area,87.17961762,LS-0096,,0,Newspapers & Media/2023/Sikkim/27,27,29.83064277391441,Newspapers & Media,0,Sikkim,6,2023,"{""type"":""Point"",""coordinates"":[88.10331101487637,27.14258378513349]}"
00000000000000000080,0.1934583987441129,0.1172892388717273,0.0376035752266167,0.0669314123664354,0.0566345115713779,0.0952287790550463,0.207790084569808,0.2501986985364866,0.2437149440421328,0.2704495872790803,0.3475064677307998,0.1109341347813859,0.618524912134801,-0.5627485367426684,349.1662354256887,0,PART2,Pakyong,1416.3865966796875,2024-05-17,138.0,5.0,Afternoon,2.0,0,,2024-05-13,3.807650462962963,363,1,11,Pakyong DC office Landslide,1,Near under construction DC office,1.8029999732971191,LS-0129,,0,Newspapers & Media/2024/Sikkim/9,1,4.522204634295541,Newspapers & Media,0,Sikkim,6,2024,"{""type"":""Point"",""coordinates"":[88.61160840305972,27.245339309809097]}"
0000000000000000009d,0.2240902080907294,0.185285362766442,0.0385701888511973,0.085142752265708,0.0855673889929623,0.1346364234722292,0.2604052807452787,0.2977675003797276,0.2759541086527264,0.317957500886031,0.2036322130089055,0.1057557725107096,0.5412889523243116,-0.5373685961216387,336.5470353457954,0,PART2,Gangtok,2087.318603515625,2024-06-01,153.0,6.0,,3.0,0,,2024-05-28,3.807627314814815,350,1,11,Matim Landslide,1,Maltin and BOP areas,0.5400000214576721,LS-0158,,0,Newspapers & Media/2024/Sikkim/33,2,54.914761213870456,Newspapers & Media,0,Sikkim,6,2024,"{""type"":""Point"",""coordinates"":[88.67311278388989,27.627140919308292]}"
0000000000000000009e,0.2351515928083058,0.1758134768295771,0.0848711825778677,0.1060905444416308,0.0913025424158014,0.1302295973664218,0.270769880982527,0.3183325449480881,0.3093860622942516,0.3410625728032413,0.2818947723564282,0.138247480959236,0.5527610751233509,-0.4958304418777108,257.1274193412067,0,PART2,Gangtok,1880.90283203125,2024-06-01,153.0,6.0,,3.0,0,,2024-05-28,3.807627314814815,350,1,11,Tashi Landslide,1,Gangtok Mangan Road,0.0,LS-0159,,0,Newspapers & Media/2024/Sikkim/34,3,22.720717953923867,Newspapers & Media,0,Sikkim,6,2024,"{""type"":""Point"",""coordinates"":[88.61638855938901,27.371942106918535]}"
000000000000000000a1,0.336847439858192,0.2531218738921246,0.2869638946568751,0.3153030691314258,0.3116473183084327,0.3431151633324894,0.4276703570524184,0.456280471005318,0.4324245783742721,0.4687775690048114,0.2591995182347682,0.1226751715075218,0.1691360163105581,-0.1659188726046514,123.01557441389237,3,PART2,Namchi,1328.4368896484375,2024-06-10,162.0,6.0,6:30 AM,2.0,1,,2024-06-07,2.807511574074074,367,1,11,Majua Landslide,1,Yangang area,2.400000095367432,LS-0162,,0,Newspapers & Media/2024/Sikkim/43,4,12.757545194090504,Newspapers & Media,0,Sikkim,6,2024,"{""type"":""Point"",""coordinates"":[88.41938101574672,27.294028234211677]}"
000000000000000000a4,0.4606642100997818,0.344847763764372,0.5079996555741276,0.5154753786152053,0.5044418730689355,0.5265758800587547,0.5670266778098566,0.5808916932583701,0.5838694828546825,0.5875178898850226,0.2569918067981343,0.1177859463352568,0.0736968503899093,-0.0627589779025297,286.4231123660453,0,PART2,Gangtok,1580.4141845703125,2024-06-11,163.0,6.0,,3.0,0,,2024-06-07,3.807511574074074,367,1,11,Pani House Landslide,1,Pani House area in Gangtok,13.600000381469728,LS-0165,,0,Newspapers & Media/2024/Sikkim/47,7,32.213126390856694,Newspapers & Media,0,Sikkim,6,2024,"{""type"":""Point"",""coordinates"":[88.60993178106362,27.321670201641982]}"
000000000000000000a5,0.3113861232141048,0.2568176968284527,0.3017563734927551,0.3174287617793088,0.3107158476036072,0.3408511500658627,0.3921864170635323,0.4034390414429019,0.4118216283311379,0.4116362346742325,0.2321425640688792,0.138899889498151,0.1494505608491204,-0.1391975240775259,249.18226774023591,0,PART2,Mangan,3699.867919921875,2024-06-11,163.0,6.0,,3.0,0,,2024-06-07,3.807511574074074,367,1,11,Zeema Landslide,1,Zeema region in North Sikkim,13.600000381469728,LS-0166,,0,Newspapers & Media/2024/Sikkim/48,8,35.63318110508785,Newspapers & Media,0,Sikkim,6,2024,"{""type"":""Point"",""coordinates"":[88.54756233462908,27.863718525698864]}"
000000000000000000a6,0.2738883697359752,0.2156002229767395,0.3180793645162925,0.3230614554299904,0.3058965945370699,0.3194661784827447,0.3814740130745451,0.4107899559114173,0.4134752799878376,0.4150065322049359,0.3155443250920598,0.2036351746990788,0.1513946705979563,-0.1240826481506917,225.24317803521853,6,PART2,Mangan,1174.0736083984375,2024-06-13,165.0,6.0,,3.0,1,,2024-06-12,0.8075347222222222,370,1,11,Mangan Landslide,1,Mangan Area,99.0,LS-0167,,0,Newspapers & Media/2024/Sikkim/45,5,17.945128423603215,Newspapers & Media,0,Sikkim,6,2024,"{""type"":""Point"",""coordinates"":[88.53444811843089,27.500279494337757]}"
000000000000000000a7,0.2740969058591178,0.2153798501038133,0.3447825846964096,0.3480283131614928,0.33211156124981,0.3334668101483772,0.3874591836734694,0.4245560692763458,0.4082190661872689,0.4303022737631034,0.3096159392558941,0.1965674239918439,0.1041235744667092,-0.0807558235401081,176.7223631671185,3,PART2,Mangan,1699.6141357421875,2024-06-13,165.0,6.0,,2.0,1,,2024-06-12,0.8075347222222222,370,1,11,Pakshep Landslide,1,Pakshep area in Mangan,99.0,LS-0168,,0,Newspapers & Media/2024/Sikkim/50,9,25.059905353332496,Newspapers & Media,0,Sikkim,6,2024,"{""type"":""Point"",""coordinates"":[88.55657863695915,27.506687222551562]}"
000000000000000000a8,0.2952215982174508,0.2554143768673723,0.3248658732972097,0.3290726034334331,0.3138236137134756,0.3319990884691347,0.3989493442041829,0.4328643540791007,0.4206225148123768,0.4435257710031902,0.2452427207862185,0.1759788281842041,0.1491811137495503,-0.1249979208540608,203.1098407911633,0,PART2,Mangan,753.7308959960938,2024-06-13,165.0,6.0,,3.0,0,,2024-06-12,0.8075347222222222,370,1,11,Sangkalang Landslide,1,Near Sangkalang Bridge,99.0,LS-0169,,0,Newspapers & Media/2024/Sikkim/51,10,19.18019617767497,Newspapers & Media,0,Sikkim,6,2024,"{""type"":""Point"",""coordinates"":[88.52690777854951,27.508600176903485]}"
000000000000000000e3,0.1187141561534175,0.0722961696306429,0.0483127526979784,0.0572120839033287,0.0367058823529411,0.0551355626488321,0.1383750113999088,0.1636004863961089,0.1844294624309671,0.175512965496276,0.4420236287260348,0.2191420948645727,0.6681823481492267,-0.5246552413751283,267.9132550249782,0,PART2,Gangtok,1254.64013671875,2024-06-28,180.0,6.0,,3.0,0,,2024-06-27,0.8076273148148149,367,1,11,Lingding Landslide,1,LingdingSichey Road,11.5600004196167,LS-0228,,0,Newspapers & Media/2024/Sikkim/74,11,13.020702031065465,Newspapers & Media,0,Sikkim,6,2024,"{""type"":""Point"",""coordinates"":[88.60395212655095,27.32468009485306]}"
0000000000000000011a,0.3754926472078645,0.2833034559643253,0.8151966504509981,0.8195051383399207,0.8022293148880102,0.8096813621161442,0.8174410509780072,0.8183786510590855,0.804321283064761,0.8113193827911214,0.4791872622758658,0.3635077802095903,0.0012978183752907,0.0093554337436422,219.518088055466,1,PART2,Gangtok,939.0638427734376,2024-07-12,194.0,7.0,,2.0,1,,2024-07-07,4.807627314814815,367,1,12,Makha Landslide,1,"Near Sisney, close to 10th Mile in Makha",3.809999942779541,LS-0283,,0,Newspapers & Media/2024/Sikkim/123,12,9.80791454951351,Newspapers & Media,0,Sikkim,6,2024,"{""type"":""Point"",""coordinates"":[88.32417920825564,27.351639819822193]}"
00000000000000000120,0.2165335511651469,0.1965070567375887,0.4441256686930093,0.4513037284701115,0.4301625937183384,0.4588050962512662,0.5098716261398176,0.5165660486322188,0.521612619047619,0.5159794326241136,0.4527268559901501,0.4133097049489438,0.0960985937327041,-0.0722866301267917,112.97888802070604,0,PART2,Mangan,3379.32275390625,2024-07-21,203.0,7.0,,2.0,0,,2024-07-17,3.807627314814815,382,1,11,Munsi Thang Landslide,1,Enroute Lachen,0.4600000083446502,LS-0289,,0,Newspapers & Media/2024/Sikkim/133,13,38.484630398858094,Newspapers & Media,0,Sikkim,6,2024,"{""type"":""Point"",""coordinates"":[88.54910072449252,27.82149083872273]}"
00000000000000000124,0.1397043760129659,0.0927128596029173,0.0187856209481361,0.0464014688006483,0.0393896474878444,0.0818714090356564,0.2166116237844409,0.2606832607374392,0.2552013320502432,0.2821206797001619,0.4639544423894091,0.2897480043145344,0.7301972950299715,-0.6902071374447486,76.37567142670923,0,PART2,Mangan,1544.349853515625,2024-07-22,204.0,7.0,,3.0,0,,2024-07-17,4.807627314814815,381,1,11,Toong Landslide,1,Between Naga and Rel Ward areas,0.3799999952316284,LS-0293,,0,Newspapers & Media/2024/Sikkim/137,14,22.240582672756418,Newspapers & Media,0,Sikkim,6,2024,"{""type"":""Point"",""coordinates"":[88.65080836042056,27.56807120765329]}"
00000000000000000140,0.1483014746123442,0.081826431539475,0.0387085993716428,0.0690562683693118,0.0588442941116854,0.0862873264416742,0.1881795581230363,0.2249057768318639,0.211157266646397,0.2384940660788486,0.4426338759462394,0.1818191180091724,0.5528186012666028,-0.4836284545071728,302.617808371549,0,PART2,Gangtok,473.54010009765625,2024-08-20,233.0,8.0,Morning,2.0,0,,2024-08-16,3.807627314814815,370,1,11,Balutar Landslide,1,"NHPC's 510 MW Teesta Stage 5 dam in Balutar, Sikkim",81.1500015258789,LS-0321,,0,Newspapers & Media/2024/Sikkim/162,15,50.94299381420055,Newspapers & Media,0,Sikkim,6,2024,"{""type"":""Point"",""coordinates"":[88.45966453466355,27.251689069709208]}"
00000000000000000148,0.3098810734177215,0.2265067696202532,0.3968330025316453,0.3813293620253163,0.349800288607595,0.3515607848101265,0.392860111392405,0.4066014784810126,0.4394749620253164,0.4082829670886076,0.3127804355746309,0.1690400893323644,0.1434413124848472,-0.1035262569069021,73.03694602881586,0,PART2,Pakyong,1363.3233642578125,2024-08-29,242.0,8.0,,2.0,0,,2024-08-26,2.8076273148148148,360,1,11,Pakyong Landslide,1,Near Pakyong Airport,1.6399999856948853,LS-0329,,0,Newspapers & Media/2024/Sikkim/172,16,20.91968126074872,Newspapers & Media,0,Sikkim,6,2024,"{""type"":""Point"",""coordinates"":[88.59367389862275,27.239680710572273]}"
0000000000000000014e,0.1159718556805513,0.155319955406912,0.9394629978716936,0.9337087260565524,0.8925190027363946,0.9213975676497416,0.9147664487686232,0.8966853248201074,0.9144667021384418,0.873073294821121,0.7096265683219379,0.774913589368482,0.0121460293463582,0.0104114600023921,349.6462135144958,0,PART2,Mangan,748.6138916015625,2024-09-30,274.0,9.0,,3.0,0,,2024-09-25,4.807627314814815,402,1,12,Rang Rang Landslide,1,Near Rang Rang Landslide,5.928999900817871,LS-0335,,0,Newspapers & Media/2024/Sikkim/179,17,27.93534962445256,Newspapers & Media,0,Sikkim,6,2024,"{""type"":""Point"",""coordinates"":[88.52716194730957,27.477752115815743]}"
0000000000000000014f,0.1139667173098349,0.14989548769371,0.9318082092575712,0.9247753317127522,0.8841422819811608,0.9105606401296464,0.9042021270130662,0.885605768256862,0.8961538691380531,0.8615609338600224,0.7134645209321347,0.7744381615646099,0.0067469014814651,0.015718128202341,212.609794359035,0,PART2,Gangtok,833.561279296875,2024-09-30,274.0,9.0,,3.0,0,,2024-09-25,4.807627314814815,402,1,12,Lower Tintek Landslide,1,"Marchak, Lower Tintek",0.5690000057220459,LS-0336,,0,Newspapers & Media/2024/Sikkim/180,18,23.32225808502617,Newspapers & Media,0,Sikkim,6,2024,"{""type"":""Point"",""coordinates"":[88.4972547565441,27.37806891176596]}"
00000000000000000150,0.4167058057652362,0.279250676326055,0.6762475859972639,0.7021465373119208,0.6995175236840769,0.7132522974821415,0.7360569380414407,0.7485790870864782,0.7175611631794921,0.7573993160747757,0.4428685972086328,0.2678573893360754,0.0131097778683423,-0.0107526364378192,69.72697661509494,0,PART2,Soreng,2432.5205078125,2024-09-30,274.0,9.0,,2.0,0,,2024-09-28,1.8006828703703703,435,1,45,RibdiBhareng Landslide,1,Between Ribdi and Bhareng,0.0,LS-0337,,0,Newspapers & Media/2024/Sikkim/181,19,44.22192751429182,Newspapers & Media,0,Sikkim,6,2024,"{""type"":""Point"",""coordinates"":[88.09037070361927,27.1760493385396]}"
000000000000000000d6,0.3455208768373035,0.2770327217435378,0.4180130968068931,0.4262096097313737,0.4126608920425748,0.4129242980233147,0.4877468474404459,0.5363735529650278,0.4957247643182972,0.5553775114039535,0.2835712291707272,0.1789976954309063,0.0917264819480897,-0.0755611487873507,329.7133199726766,0,PART1,West Tripura,106.49332427978516,2024-06-15,167.0,6.0,,3.0,0,,2024-06-04,10.814456018518518,366,1,10,Mungiakami Landslide,1,Mile 35 in Mungiakami region,0.5299999713897705,LS-0215,,0,Newspapers & Media/2024/Tripura/54,1,10.86193064811446,Newspapers & Media,0,Tripura,7,2024,"{""type"":""Point"",""coordinates"":[91.70584551056162,23.87886516479222]}"
0000000000000000013d,0.079993232282267,0.0332636368244955,0.0248931967961066,0.037786129980736,0.0274581820946973,0.0420423958227719,0.1341016627800872,0.1757144834228936,0.1610662830781709,0.18545293521241,0.6883047973147509,0.3614015418860873,0.7683069472494007,-0.6743607898769991,16.63441001295098,3,PART1,South Tripura,51.27881622314453,2024-08-19,232.0,8.0,,2.0,1,,2024-08-13,5.814571759259259,368,1,7,Debipur Landslide,1,Debipur region,42.18999862670898,LS-0318,,0,Newspapers & Media/2024/Tripura/163,2,4.220542287894269,Newspapers & Media,0,Tripura,7,2024,"{""type"":""Point"",""coordinates"":[91.51686434881552,23.16787487912344]}"
0000000000000000013e,0.398310562344709,0.2982490644490645,0.4064781856903808,0.417582409614117,0.4047850717509254,0.4063451396987982,0.4897557679630852,0.5348931646468232,0.5078356827747071,0.549009669895036,0.2601802472176095,0.1208457717067247,0.1134483447214883,-0.0982572959023712,84.85816961536784,1,PART1,Khowai,53.31257629394531,2024-08-19,232.0,8.0,,2.0,1,,2024-08-13,5.814571759259259,369,1,8,Teliamura Landslide,1,Teliamura region,46.34999847412109,LS-0319,,0,Newspapers & Media/2024/Tripura/164,3,0.6882466121589139,Newspapers & Media,0,Tripura,7,2024,"{""type"":""Point"",""coordinates"":[91.63495472201393,23.839928294393534]}"
0000000000000000013f,0.2713027225714865,0.172771045426891,0.1157955536402352,0.1534176181301967,0.1545167460961265,0.1827616102210504,0.3698939008314743,0.4605097850334616,0.423956372946664,0.4926426738998174,0.4222842527560255,0.2205936489693315,0.476466983473423,-0.4813292787964864,164.6835853572428,0,PART1,Dhalai,204.28048706054688,2024-08-19,232.0,8.0,,3.0,0,,2024-08-13,5.814571759259259,369,1,8,Saikar Landslide,1,Near Saikar Bazar,48.0,LS-0320,,0,Newspapers & Media/2024/Tripura/165,4,21.142384362278843,Newspapers & Media,0,Tripura,7,2024,"{""type"":""Point"",""coordinates"":[91.90810141614381,24.109650398914365]}"
00000000000000000141,0.2236851786166709,0.1101816417532303,0.0760880060805675,0.1045349733975171,0.0880086800101343,0.1179607803394983,0.2881797669115785,0.3607305649860654,0.337412698251837,0.3893818900430708,0.5337000969189013,0.2127511488792189,0.6558592254120691,-0.5831615024644832,163.02419946979217,7,PART1,South Tripura,44.35371398925781,2024-08-22,235.0,8.0,Early Morning,2.0,1,,2024-08-13,8.814571759259259,361,1,7,Gardang Landslide,1,Gardang Panchayat near Shanti bazar,677.0,LS-0322,,0,Newspapers & Media/2024/Tripura/166,5,2.9212557755596413,Newspapers & Media,0,Tripura,7,2024,"{""type"":""Point"",""coordinates"":[91.52415943813897,23.31296956830151]}"
0000000000000000004f,0.1890207759319286,0.1213841774716369,0.0372780034440842,0.0582395056726094,0.0532081746353322,0.0834619074149108,0.1834696414100485,0.2214719661669368,0.2170610413290113,0.2456200820502431,0.3121293610834003,0.0717579760099718,0.6083898168978811,-0.5730094268192035,41.209200167404106,4,PART2,Upper Siang,730.443359375,2023-05-05,125.0,5.0,2:00 AM,3.0,1,,2023-04-18,16.82232638888889,339,1,6,Mossing Landslide,1,Yingkiong_Tuting_Road,4.289999961853027,LS-0080,Yingkiong_Tuting_Road,1,Newspapers & Media/2023/Arunachal Pradesh/7,7,38.904102531589565,Newspapers & Media,0,Arunachal Pradesh,0,2023,"{""type"":""Point"",""coordinates"":[94.77570917170537,28.798957003345443]}"
00000000000000000050,0.1620755964139189,0.1009582687534823,0.0725188725117763,0.0852665349744213,0.0721849364331662,0.0926465835992504,0.1651940738489591,0.1887505394316973,0.2038006533961404,0.1975561211568657,0.3839429880625212,0.1378390173534471,0.509618533356583,-0.4735796955646033,322.9265945608362,0,PART2,Kurung Kumey,817.197265625,2023-05-06,126.0,5.0,,3.0,0,,2023-05-03,2.822349537037037,338,1,5,Kurung 1,1,near Kurung bridge,7.562835236,LS-0081,Koloriang to Parsi Parlo road,1,Newspapers & Media/2023/Arunachal Pradesh/4,4,34.71693154584472,Newspapers & Media,0,Arunachal Pradesh,0,2023,"{""type"":""Point"",""coordinates"":[93.43502693077423,27.894517536675018]}"
00000000000000000051,0.2243510489510489,0.1153342961386438,0.0794750532076618,0.0964227374075199,0.0774235127191648,0.1127988902401945,0.2380372605655213,0.2834502381676293,0.2804957433870478,0.3094757322387756,0.4235657906009559,0.1125209806016374,0.6097809209702406,-0.5257448970198788,26.52083557024406,0,PART2,Kurung Kumey,836.986328125,2023-05-06,126.0,5.0,,3.0,0,,2023-05-03,2.822349537037037,338,1,5,Kurung 2,1,Near Kurung bridge,7.559999942779541,LS-0082,Koloriang to Parsi Parlo road,1,Newspapers & Media/2023/Arunachal Pradesh/5,5,29.3218876872751,Newspapers & Media,0,Arunachal Pradesh,0,2023,"{""type"":""Point"",""coordinates"":[93.42410213319329,27.896470622936423]}"
00000000000000000057,0.1862711593027968,0.1144224209566274,0.0468327573976489,0.0753113447507093,0.0620504712201053,0.0921915535062828,0.2065951661937575,0.2507334008917714,0.2395121554519659,0.2688518798135387,0.3472714133692974,0.1201391848373327,0.5811101192358915,-0.5148607664476297,160.885005460682,0,PART2,West Kameng,169.1261444091797,2023-06-12,163.0,6.0,,2.0,0,,2023-06-05,6.814479166666667,345,1,11,Tippi Landslide,1,Balipara-Chariduar-Tawang Road (Tippi Village),97.91999816894533,LS-0088,NH 13,1,Newspapers & Media/2023/Arunachal Pradesh/17,17,1.747670747841759,Newspapers & Media,0,Arunachal Pradesh,0,2023,"{""type"":""Point"",""coordinates"":[92.6101645815036,27.026923622009207]}"
00000000000000000060,0.1506566548403447,0.1496236644703498,0.8441002635580331,0.8329074455144451,0.7934863152559551,0.7754324784591988,0.782053552965028,0.8033708312214899,0.7735502736948805,0.7958798631525594,0.6758500513607992,0.6739781787227225,-0.0127218092881842,0.0369491469084208,192.5498680081674,0,PART2,Papum pare,114.89450073242188,2023-06-23,174.0,6.0,,2.0,0,,2023-06-22,0.8223495370370371,365,1,19,Karsingsa Landslide,1,"NH-415, between Bandardeva and Nirjuli",2.254254371,LS-0097,NH-415,1,Newspapers & Media/2023/Arunachal Pradesh/33,33,13.91549687186513,Newspapers & Media,0,Arunachal Pradesh,0,2023,"{""type"":""Point"",""coordinates"":[93.82863623986294,27.09593266991234]}"
00000000000000000061,0.2858188804457954,0.2262202127659574,0.7958082117527863,0.7853566160081058,0.7463366362715298,0.7181398885511656,0.7324035106382979,0.7620908611955421,0.7252902228976695,0.7588460840932116,0.5245031586921535,0.4346522454488774,-0.014301273224008,0.0397620025332788,25.202750991879896,0,PART2,Papum pare,179.51698303222656,2023-06-23,174.0,6.0,,2.0,0,,2023-06-22,0.8223495370370371,365,1,19,Puroik Landslide,1,"Puroik Colony, Papu Nalah",3.966167386,LS-0098,Nh-415,1,Newspapers & Media/2023/Arunachal Pradesh/34,34,2.8439251294520456,Newspapers & Media,0,Arunachal Pradesh,0,2023,"{""type"":""Point"",""coordinates"":[93.67145292772898,27.101533300835463]}"
0000000000000000006b,0.1610700283372128,0.089686448740006,0.0151965894140269,0.051028357453699,0.0373871419896771,0.0827768748102418,0.2269771025199878,0.2866934419593158,0.2648435178625644,0.3083648567958707,0.493452909363376,0.2414074331370522,0.7560688369234501,-0.6799346099964962,341.6439536451997,0,PART2,Siang district,517.6980590820312,2023-07-28,209.0,7.0,8:30 AM,2.0,0,,2023-07-22,5.822233796296296,351,1,7,"NH 13, Pangin Landslide",1,NH 13,195.0684341,LS-0108,NH 13,1,Newspapers & Media/2023/Arunachal Pradesh/54,54,14.654341230396057,Newspapers & Media,0,Arunachal Pradesh,0,2023,"{""type"":""Point"",""coordinates"":[95.26929598551341,28.142510441762404]}"
00000000000000000074,0.4240081727844249,0.3479693114986817,0.8320738795376189,0.8581571080916648,0.8468529253701076,0.812648144392618,0.8308468870411678,0.8824614834719126,0.8294386534171565,0.8957883086595012,0.4089464733971702,0.3234854382705605,-0.01038915218571,0.0170176998054528,347.7178706542452,0,PART2,West Kameng,1289.0,2023-08-27,239.0,8.0,,2.0,0,,2023-08-24,2.814479166666666,317,1,11,Nag Mandir Landslide,1,Nag Mandir - Rupa Road,13.39995506,LS-0117,NH 13,1,Newspapers & Media/2023/Arunachal Pradesh/72,72,46.213048426055536,Newspapers & Media,0,Arunachal Pradesh,0,2023,"{""type"":""Point"",""coordinates"":[92.54704600609207,27.20494431336592]}"
00000000000000000078,0.2513573212660532,0.2733228789564162,0.7782930174941853,0.7946442714126805,0.793110536960259,0.8092919253716252,0.8132145768025081,0.8195973758721813,0.8142724036808575,0.8195299878653048,0.4974013622230034,0.528263504484108,0.0131651423512752,-0.0121990494469066,93.03278551696452,0,PART2,Dibang Valley,879.6536865234375,2024-04-24,115.0,4.0,5:00 PM,3.0,0,,2024-04-19,4.829270833333333,331,1,14,Hunli and Anini,1,BetweeenHunli and Anini,31.155000686645508,LS-0121,NH 313,1,Newspapers & Media/2024/Aarunachal Pradesh/2,1,36.070487860313975,Newspapers & Media,0,Arunachal Pradesh,0,2024,"{""type"":""Point"",""coordinates"":[95.7775799963936,28.233284361907405]}"
0000000000000000007c,0.2638989819176418,0.2480221242972193,0.1560200476118118,0.1746969457529252,0.1768287494301778,0.2018166438737781,0.2700120447753634,0.2937976042141521,0.3005590741022134,0.3086521602593325,0.0998537694455223,0.0660097930071535,0.2764477068018982,-0.28920949796847,123.6943808262988,0,PART2,KurungKu mey,975.6314086914062,2024-05-16,137.0,5.0,Morning,3.0,0,,2024-05-12,3.822326388888889,360,1,8,Pach Nallah Landslide,1,Between Leel village and Tagum camp/6 kilo under Sangram circle,1.7999999523162842,LS-0125,Road,1,Newspapers & Media/2024/Arunachal Pradesh/6,2,28.82939549083354,Newspapers & Media,0,Arunachal Pradesh,0,2024,"{""type"":""Point"",""coordinates"":[93.54219696549275,27.785978557933085]}"
000000000000000000db,0.2484131752305666,0.1649736951454343,0.0566654758285193,0.0940293655619743,0.0896883753927232,0.1154235633931286,0.2258854616398095,0.271197370021283,0.2490210905036992,0.2960510844228236,0.2042753811270725,-0.0001870279412324,0.4696329552831731,-0.4495326748879774,138.1993509731824,0,PART2,Papum Pare,128.4537811279297,2024-06-18,170.0,6.0,,3.0,0,,2024-06-11,6.8223263888888885,360,1,8,Karsingsa Landslide,1,Between Nirjuli and Banderdewa,47.33000183105469,LS-0220,NH 415,1,Newspapers & Media/2024/Arunachal Pradesh/62,4,5.55586685253171,Newspapers & Media,0,Arunachal Pradesh,0,2024,"{""type"":""Point"",""coordinates"":[93.78342095518101,27.12186680163918]}"
000000000000000000de,0.2012029296973997,0.1504094835014446,0.0430836636423539,0.0673982107557402,0.075092858229003,0.0916897004409752,0.1537294591717776,0.1793435196918242,0.1681562471488672,0.1957752597698819,0.0526779708825744,-0.0937117105074498,0.3869596453532417,-0.4299116963931863,317.96665038083654,0,PART2,Papum Pare,397.7671203613281,2024-06-23,175.0,6.0,10:30,2.0,0,,2024-06-21,1.821400462962963,374,1,18,Itanagar Landslide,1,Itanagar City Area,7.909999847412109,LS-0223,NH 415,1,Newspapers & Media/2024/Arunachal Pradesh/66,5,3.124664841725975,Newspapers & Media,0,Arunachal Pradesh,0,2024,"{""type"":""Point"",""coordinates"":[93.6270848722472,27.099656019291963]}"
000000000000000000df,0.4417776201813487,0.2908112051061242,0.6018702953244517,0.598920074970873,0.5765963122435541,0.5715673471455348,0.6124960488323794,0.6263734005369537,0.6018339344511425,0.6276981713185757,0.3493516082310905,0.1540877262915427,0.0217750025118833,-0.0026780305345561,248.9397916456721,0,PART2,Lower Siang,907.0946655273438,2024-06-25,177.0,6.0,,3.0,0,,2024-06-21,3.8214004629629614,369,1,7,Siji Landslide,1,Likabali-Basar- Daporijo Road,276.6000061035156,LS-0224,NH 13,1,Newspapers & Media/2024/Arunachal Pradesh/69,8,32.05028882150231,Newspapers & Media,0,Arunachal Pradesh,0,2024,"{""type"":""Point"",""coordinates"":[94.71167648057789,27.923782616888776]}"
000000000000000000e4,0.505440959708443,0.3421352196800971,0.7355332354727675,0.759877303097793,0.7514797479246805,0.7767826584328806,0.7933299200242965,0.7923309728690017,0.8200522423567523,0.7897914253897551,0.4112181269043021,0.2373559675449126,0.0436468596691435,-0.0380901886891749,155.95718301813724,0,PART2,Siang District,301.2108459472656,2024-06-29,181.0,6.0,,3.0,0,,2024-06-26,2.822349537037037,362,1,8,Tarak Landslide,1,Pasighat- Pangin-Aalo road,173.1300048828125,LS-0229,NH 13,1,Newspapers & Media/2024/Arunachal Pradesh/71,9,20.953024874883955,Newspapers & Media,0,Arunachal Pradesh,0,2024,"{""type"":""Point"",""coordinates"":[94.8832047208008,28.226542201114597]}"
000000000000000000e7,0.1805714372438913,0.2130268224819143,0.8675461931501995,0.8908872312439928,0.888629013001467,0.9295472150553952,0.9314905246117268,0.9062890119896791,0.938736935296201,0.8862144533818987,0.6300837140478406,0.6773513743220132,0.0274201647073168,-0.0261519904361244,356.860998620655,0,PART2,Lohit,563.9830322265625,2024-06-29,181.0,6.0,,3.0,0,,2024-06-28,0.8292708333333333,363,1,9,Demwe Landslide,1,Demwe- Brahmakund Tri Junction to Parashuram Kund-Wakro Road,339.6000061035156,LS-0232,NH 13,1,Newspapers & Media/2024/Arunachal Pradesh/75,12,41.88105774310379,Newspapers & Media,0,Arunachal Pradesh,0,2024,"{""type"":""Point"",""coordinates"":[96.37484090969426,27.886843423762034]}"
000000000000000000e8,0.1550435017959224,0.1757555977133605,0.8973969545201596,0.924048034603126,0.9238274700258006,0.9540649921586484,0.9606470582283606,0.9526246319623612,0.951597946071736,0.9410624879850252,0.6882191354069691,0.719814619658583,0.0148117738142447,-0.0146892963587179,,0,NONE,Anjaw,,2024-06-29,181.0,6.0,,2.0,0,,2024-06-28,0.8292708333333333,362,1,8,Hayuliang Landslide,1,RamMandir- Tidding-Khupa- Hayuliang- Hawai Road,386.7999877929688,LS-0233,NH 113,1,Newspapers & Media/2024/Arunachal Pradesh/76,13,,Newspapers & Media,0,Arunachal Pradesh,0,2024,"{""type"":""Point"",""coordinates"":[96.56551652984065,28.067981026755117]}"
000000000000000000e9,0.4705302439765134,0.3051687487345615,0.7478404332860904,0.7806925339137479,0.7772430502125939,0.8082383630289531,0.82479008908686,0.8254334025106297,0.8415887730309782,0.8269723020854424,0.4677603942048267,0.2827983469275255,0.039746276893088,-0.0375383571300632,55.55891310509799,0,PART2,Siang District,284.74920654296875,2024-06-29,181.0,6.0,,3.0,0,,2024-06-26,2.822349537037037,368,1,14,Babuk Landslide,1,highway between Babuk and Kebang Village,197.3999938964844,LS-0234,NH 13,1,Newspapers & Media/2024/Arunachal Pradesh/80,16,40.97520161761688,Newspapers & Media,0,Arunachal Pradesh,0,2024,"{""type"":""Point"",""coordinates"":[95.09295191615278,28.142211681991824]}"
000000000000000000eb,0.5624276071754334,0.4143117664943752,0.7755341441167527,0.7756201733049558,0.7416830292895512,0.7127237508867947,0.7494146853146852,0.7714530201682376,0.7374109911827306,0.7784973244147155,0.2808720257087292,0.1346642969967125,-0.0028855822345472,0.0252562511866216,76.17686012418147,0,PART2,East Kameng,449.0704956054688,2024-06-30,182.0,6.0,,3.0,0,,2024-06-24,5.814456018518518,375,1,16,Bana Landslide,1,Bana Chepa Road,102.73999786376952,LS-0236,NH 13,1,Newspapers & Media/2024/Arunachal Pradesh/78,14,31.318183104186893,Newspapers & Media,0,Arunachal Pradesh,0,2024,"{""type"":""Point"",""coordinates"":[92.95874142905356,27.3097822382335]}"
0000000000000000010f,0.3548959572420083,0.3148400628197983,0.8593539034398908,0.8480895587415778,0.8221342266578857,0.8271293783879632,0.8352182785348805,0.8347492780789303,0.8151706469426008,0.8279827904149147,0.4428398874044633,0.3934636526190404,-0.0042491998302018,0.019793563172542,129.98661851751888,0,PART2,Papum Pare,125.45680236816406,2024-07-05,187.0,7.0,Morning,3.0,0,,2024-07-01,3.822326388888889,365,1,8,Karsingsa Landslide,1,Between Nirjuli and Banderdewa,106.56999969482422,LS-0272,NH 415,1,Newspapers & Media/2024/Arunachal Pradesh/118,22,7.804459809963373,Newspapers & Media,0,Arunachal Pradesh,0,2024,"{""type"":""Point"",""coordinates"":[93.78363499203158,27.121840047032858]}"
00000000000000000114,0.38155483168818,0.2727107213363704,0.4819292584155907,0.4882390331561625,0.4720453961022525,0.4752242723361172,0.5316476132624651,0.5584219944317893,0.5292422728423184,0.5648285041761576,0.319871469415721,0.1621346833873575,0.0573495924366457,-0.0405714165731992,47.35519510792909,0,PART2,Siang District,301.6027526855469,2024-07-06,188.0,7.0,1:00,3.0,0,,2024-07-01,4.8223263888888885,369,1,14,Babuk Landslide,1,highway between Babuk and Kebang Village,24.299999237060547,LS-0277,NH 13,1,Newspapers & Media/2024/Arunachal Pradesh/117,21,37.95773386411679,Newspapers & Media,0,Arunachal Pradesh,0,2024,"{""type"":""Point"",""coordinates"":[95.09307231188123,28.142492605358193]}"
00000000000000000121,0.354744827236802,0.2690669166075591,0.3656994984294254,0.3736389806464688,0.355636781842132,0.3509323285033944,0.4287068294660048,0.4777099604823187,0.4570236295470665,0.4866782247441484,0.2594462515639884,0.1262734706894948,0.126061428058927,-0.1012203245652338,122.22576530810682,0,PART2,Papum Pare,297.48974609375,2024-07-22,204.0,7.0,,3.0,0,,2024-07-06,15.822349537037036,376,1,6,Holongi Landslide,1,BetweeenHolon gi and Itanagar,78.83000183105469,LS-0290,NH 415,1,Newspapers & Media/2024/Arunachal Pradesh/134,27,13.824035014548414,Newspapers & Media,0,Arunachal Pradesh,0,2024,"{""type"":""Point"",""coordinates"":[93.62182759210518,27.03100369947311]}"
00000000000000000097,0.2534772245601581,0.1644414085078334,0.0654014602241038,0.0946415859656238,0.0900502712569081,0.1198384069360645,0.2346065710084673,0.2787142878872382,0.2716393702783553,0.3032541550474065,0.2484541284649998,0.0347351688040488,0.5165511120302057,-0.4956724218599102,335.0662998987086,0,PART1,Dima Hasao,563.2509765625,2024-05-30,151.0,5.0,,3.0,0,,2024-05-22,7.822326388888888,349,1,10,Mahur Landslide,1,Mahur Lasang Road,154.66200256347656,LS-0152,NH 27,1,Newspapers & Media/2024/Assam/38,8,13.276977706682745,Newspapers & Media,0,Assam,1,2024,"{""type"":""Point"",""coordinates"":[93.116464292415,25.17989707915612]}"
00000000000000000135,0.4186174406814033,0.247594063070371,0.8356336696410461,0.8259420604339891,0.8022057493409047,0.7789270584060025,0.8016264195903468,0.8114160971405397,0.7902506083958631,0.8137597647535997,0.5236153819197953,0.3078412535436411,-0.0076150596528905,0.0221965849386142,212.1908459727632,0,PART1,Dima Hasao,90.31522369384766,2024-08-10,223.0,8.0,,3.0,0,,2024-07-31,9.82232638888889,360,1,7,Damchera Landslide,1,Silchar-Haflong Road section,0.0,LS-0310,NH 27,1,Newspapers & Media/2024/Assam/154,15,24.098202999238737,Newspapers & Media,0,Assam,1,2024,"{""type"":""Point"",""coordinates"":[92.74731761170548,25.006924090191905]}"
0000000000000000006e,0.2195398438688093,0.1373998682009429,0.3592170831854819,0.3551641709332388,0.3325601155776349,0.3104574289045472,0.3520948294216051,0.4013753282303443,0.363050190094794,0.4054498758047347,0.4759358145698497,0.2588625193874483,0.0450140719212822,-0.0115593475488499,132.4913661037067,0,PART1,Noney,399.5615539550781,2023-08-16,228.0,8.0,4:00 PM,2.0,0,,2023-08-01,14.822349537037036,321,1,7,Awangkhul Landslide,1,Jiribam Imphal Road,5.34347082,LS-0111,NH 37,1,Newspapers & Media/2023/Manipur/62,62,0.8326291845945739,Newspapers & Media,0,Manipur,2,2023,"{""type"":""Point"",""coordinates"":[93.55041508873425,24.820489075147332]}"
0000000000000000006f,0.6167730831643001,0.4077974847870182,0.9370249188640972,0.962391612576065,0.94627226673428,0.9517667342799188,0.9622158012170382,0.98526962474645,0.974416186612576,0.9889355223123734,0.4099381710647272,0.2247821906860682,0.0146556627152164,-0.0062066002207982,56.84879541412965,0,PART1,Noney,471.4996948242188,2023-08-16,228.0,8.0,,2.0,0,,2023-08-01,14.822349537037036,321,1,7,Khongsang Landslide,1,Imphal Silchar Road,4.925795606,LS-0112,NH 37,1,Newspapers & Media/2023/Manipur/63,63,21.375083584949373,Newspapers & Media,0,Manipur,2,2023,"{""type"":""Point"",""coordinates"":[93.47773174156308,24.82658020718634]}"
00000000000000000071,0.3175546404300638,0.2200886854650573,0.2963313622071205,0.305959473577442,0.2830025763261995,0.2933040318490719,0.4010511918044425,0.4582802261892689,0.4438147885181055,0.4762719849883355,0.3447862162884326,0.1698615165412056,0.2335717597296581,-0.1934144813221438,132.4913674858867,0,PART1,Noney,399.5615539550781,2023-08-20,232.0,8.0,7:00 AM,2.0,0,,2023-08-16,3.822326388888889,313,1,8,Awangkhul Landslide,1,Jiribam Imphal Road,20.85353676,LS-0114,NH 37,1,Newspapers & Media/2023/Manipur/65,65,0.8326291626709991,Newspapers & Media,0,Manipur,2,2023,"{""type"":""Point"",""coordinates"":[93.55040617053214,24.820480156945226]}"
00000000000000000085,0.2117779918864097,0.1335665618661257,0.034033392494929,0.0721125709939148,0.0748452890466531,0.1097046805273834,0.2014447565922921,0.2329853752535496,0.2251454513184585,0.2510603448275861,0.2585587645849622,0.0302764224785158,0.5013379831058609,-0.5094386434461564,94.7960572672971,0,PART1,Imphal,1002.2315673828124,2024-05-28,149.0,5.0,,3.0,0,,2024-05-22,5.8223263888888885,358,1,10,Imphal Landslide,1,Imphal Jiribam Road,347.34698486328125,LS-0134,NH 37,1,Newspapers & Media/2024/Manipur/30,2,11.819124142816696,Newspapers & Media,0,Manipur,2,2024,"{""type"":""Point"",""coordinates"":[93.7777043876305,24.781668141376034]}"
000000000000000000fa,0.4687810580723625,0.3211497314279926,0.6062670973953582,0.6151048849701024,0.5901676598763556,0.5912169707104492,0.6379990726664642,0.6637117512921862,0.6664176852133376,0.6687953683997162,0.3500612022219991,0.1747805664161725,0.0624885095883255,-0.0412239961545601,245.19738590937192,0,PART1,Ukhrul,953.190673828125,2024-07-02,184.0,7.0,9:00 AM,2.0,0,,2024-06-26,5.822349537037037,368,1,9,MongkotChep u Landslide,1,Imphal Ukhrul Road,428.3800048828125,LS-0251,NH 202,1,Newspapers & Media/2024/Manipur/98,4,25.78153573374527,Newspapers & Media,0,Manipur,2,2024,"{""type"":""Point"",""coordinates"":[94.2162480580348,24.954449388994956]}"
00000000000000000108,0.3529458305875199,0.2741842043899224,0.3194372180260558,0.3409026866730879,0.3296725351041721,0.3471986566634562,0.4354973690880522,0.47147608860952,0.4610374866933647,0.4844626451056929,0.2540224742613443,0.1326789131786163,0.1664998597041659,-0.1503051045827628,265.7745304502168,0,PART1,Ukhrul,1779.4189453125,2024-07-03,185.0,7.0,6:00 AM,2.0,0,,2024-06-26,6.822349537037037,368,1,9,Kazipphung Landslide,1,Imphal-Ukhrul Road,37.95000076293945,LS-0265,NH 202,1,Newspapers & Media/2024/Manipur/100,5,31.72886419430273,Newspapers & Media,0,Manipur,2,2024,"{""type"":""Point"",""coordinates"":[94.3417806708914,25.06391140165495]}"
0000000000000000010c,0.4362214082936221,0.3062942917976274,0.4886761279529557,0.5088016475717326,0.500228992193045,0.5050079539693806,0.5545086991787489,0.5812544053533406,0.574309723207949,0.5867724272533711,0.3047996052924755,0.1370121195042049,0.0701295513555596,-0.0613055379055601,100.16357250731744,0,PART1,Kangpokpi,1022.8468627929688,2024-07-04,186.0,7.0,11:00 PM,2.0,0,,2024-06-26,7.822349537037037,366,1,9,Kangpokpi Landslide,1,Between Daili village and Yaikongpao village,32.18000030517578,LS-0269,NH 2,1,Newspapers & Media/2024/Manipur/114,6,31.306709672695693,Newspapers & Media,0,Manipur,2,2024,"{""type"":""Point"",""coordinates"":[93.96528539164579,25.13190823361894]}"
00000000000000000127,0.5218592840482709,0.3258711946050096,0.9105444883886012,0.9184277963695364,0.8931850978602572,0.8915426832978398,0.907364663827198,0.9239205607950514,0.8837079707940374,0.917894067538789,0.4600704089131384,0.256729333743403,-0.0054942533345293,0.0197155013522105,107.8450873000723,0,PART1,Imphal East,854.2505493164062,2024-07-29,211.0,7.0,,2.0,0,,2024-07-26,2.822349537037037,385,1,8,Sinam Landslide,1,Along NH-37 near K. Sinam village,11.859999656677246,LS-0296,NH 37,1,Newspapers & Media/2024/Manipur/140,8,15.940876229911131,Newspapers & Media,0,Manipur,2,2024,"{""type"":""Point"",""coordinates"":[93.79057335327073,24.77639748393086]}"
00000000000000000128,0.1913568292435611,0.1068607584668424,0.0215725207868586,0.0634972875684445,0.0516730024335834,0.0960830409653213,0.2527780723991076,0.324849072196309,0.3127851348610828,0.3471367978097748,0.4886501755232721,0.2381721011372326,0.7171188986933201,-0.6627305916506608,52.73508808587178,0,PART1,Tamenglong,655.71142578125,2024-07-29,211.0,7.0,,2.0,0,,2024-07-26,2.822349537037037,385,1,8,Rengpang Landslide,1,Between Nungba and Rengpang villages,0.0,LS-0297,NH 37,1,Newspapers & Media/2024/Manipur/141,9,38.02278637843338,Newspapers & Media,0,Manipur,2,2024,"{""type"":""Point"",""coordinates"":[93.43601239210705,24.766319915550074]}"
00000000000000000133,0.1562133732130183,0.0823774510797931,0.0176401754030213,0.0503090033458379,0.0368028946567981,0.0742133326574064,0.2152841681030111,0.2793374784548311,0.2693220419750582,0.2987148940484639,0.5286891564485307,0.2632285602679539,0.7559408506150976,-0.6814638386974493,76.65878224240231,0,PART1,Churachandpur,719.1611328125,2024-08-07,220.0,8.0,Early,3.0,0,,2024-07-26,11.822349537037036,363,1,6,Nungba Landslide,1,Near Nungba region,34.7599983215332,LS-0308,NH 37,1,Newspapers & Media/2024/Manipur/151,17,42.856433254265845,Newspapers & Media,0,Manipur,2,2024,"{""type"":""Point"",""coordinates"":[93.42787899178556,24.756478679525117]}"
00000000000000000134,0.2125309685598378,0.121659168356998,0.0422949036511156,0.0844802687626775,0.0753241582150101,0.1197427991886409,0.2713966379310346,0.3388687119675456,0.3297252079107505,0.3598989908722109,0.4582486824899384,0.2132428636442644,0.6292921177690749,-0.590561873398732,88.92513718596877,0,PART1,Tamenglong,874.7183837890625,2024-08-07,220.0,8.0,,3.0,0,,2024-07-26,11.822349537037036,363,1,6,Kaimai Landslide,1,Kaimai Village area,40.560001373291016,LS-0309,NH 37,1,Newspapers & Media/2024/Manipur/152,18,18.93309837912909,Newspapers & Media,0,Manipur,2,2024,"{""type"":""Point"",""coordinates"":[93.2616437045131,24.720471438518548]}"
0000000000000000013b,0.1695068423720223,0.0818352052711606,0.0151144652812975,0.0470170501773948,0.0342212468322351,0.0750337354282817,0.2450529042067916,0.3136410238215914,0.307127171819564,0.3379448454130765,0.5766947426686281,0.2866389408447265,0.796502752382038,-0.7316731133492017,183.72384616054188,0,PART1,Kangpokpi,1071.6405029296875,2024-08-18,231.0,8.0,,2.0,0,,2024-08-15,2.822349537037037,367,1,7,K. Sinam Landslide,1,K. Sinam Village in Kangpokpi District along NH-37,104.36000061035156,LS-0316,NH 37,1,Newspapers & Media/2024/Manipur/160,20,37.24197243224948,Newspapers & Media,0,Manipur,2,2024,"{""type"":""Point"",""coordinates"":[93.73187374700318,24.788932016992092]}"
0000000000000000013c,0.2066721052898513,0.096066982806715,0.0229888725465334,0.0599406654156311,0.042884160876401,0.0869390830248009,0.2820698635695085,0.3702609068316681,0.3574822437490491,0.4011024395191966,0.5728459389841949,0.2638363274234245,0.7829535685691706,-0.709344429524761,42.17493063690728,0,PART1,Noney,397.8563232421875,2024-08-18,231.0,8.0,,3.0,0,,2024-08-15,2.822349537037037,367,1,7,Awangkhul Landslide,1,Noney District along NH-37,104.36000061035156,LS-0317,NH 37,1,Newspapers & Media/2024/Manipur/161,21,32.804576853627616,Newspapers & Media,0,Manipur,2,2024,"{""type"":""Point"",""coordinates"":[93.55647500706588,24.819610632239808]}"
00000000000000000151,0.2401487226277373,0.1543274381589618,0.0779287155312246,0.1171634276155717,0.1195986668694241,0.1576582775750203,0.323753598945661,0.406764294403893,0.3934647404703972,0.4326483880778589,0.4361601957258559,0.2417014458848549,0.5388051850103759,-0.5485575749952009,134.14907609672264,0,PART1,Noney,336.5590209960937,2024-10-01,275.0,10.0,Morning,2.0,0,,2024-09-24,6.822349537037037,398,1,9,AwangkhulRangkhung Landslide,1,Between Awangkhul and Langkhong,2.2100000381469727,LS-0338,NH 37,1,Newspapers & Media/2024/Manipur/182,22,33.886146110941915,Newspapers & Media,0,Manipur,2,2024,"{""type"":""Point"",""coordinates"":[93.5706014392032,24.83803117869159]}"
0000000000000000004d,0.520147790167258,0.3942182868727827,0.5402687075519516,0.552265276229093,0.5492578256462245,0.5506378611251901,0.5701001165737457,0.603762671059301,0.5743368018246329,0.6188323010643694,0.1870130115652445,0.049724572016219,0.0222948205467991,-0.0195310532689915,221.4399789761911,0,PART1,East Jaintia Hills,55.55651473999024,2023-04-05,95.0,4.0,7:00 AM,3.0,0,,2023-04-03,1.822349537037037,252,1,20,Sonapur Tunnel Landslide,1,Near Sonapur Tunnel,2.958248956,LS-0078,NH 6,1,Newspapers & Media/2023/Meghalaya/14,14,22.236416541506564,Newspapers & Media,0,Meghalaya,3,2023,"{""type"":""Point"",""coordinates"":[92.36024088566006,25.105929510881566]}"
0000000000000000004e,0.2541536165036241,0.1850483197323737,0.0658360028384611,0.1085457144305337,0.1392489178366871,0.1664992954533934,0.2208166404784835,0.2396406508185919,0.2327623701150591,0.2487358659840843,0.1742725947250852,-0.0039734740830502,0.3597823031046042,-0.4322005277098419,246.65593272693448,2,PART1,East Khasi Hills,1526.8599853515625,2023-04-14,104.0,4.0,,3.0,1,,2023-04-11,2.8145717592592594,294,1,11,Rngain Landslide,1,"Rngain Village, Pynursla",0.0,LS-0079,NH 206,1,Newspapers & Media/2023/Meghalaya/3,3,41.97134187295409,Newspapers & Media,0,Meghalaya,3,2023,"{""type"":""Point"",""coordinates"":[91.87655773529174,25.371446683109]}"
00000000000000000054,0.1472473201156128,0.0847642005983469,0.0371058972668728,0.0702400841742305,0.0615115663505907,0.0846707367780538,0.1786619644034278,0.2223846610212465,0.2086101110491355,0.2363604026165002,0.4306969108301368,0.1732551571836207,0.5835796336704432,-0.5186614364591497,221.43995875102755,0,PART1,East Jaintia Hills,55.55651473999024,2023-05-27,147.0,5.0,,2.0,0,,2023-05-26,0.8144791666666666,363,1,17,Sonapur Tunnel Landslide,1,Near Sonapur Tunnel,0.0077940807677805,LS-0085,NH 6,1,Newspapers & Media/2023/Meghalaya/12,12,22.23641028681969,Newspapers & Media,0,Meghalaya,3,2023,"{""type"":""Point"",""coordinates"":[92.36018291734636,25.105844787961548]}"
00000000000000000055,0.2013433836949907,0.175217912188197,0.0562635722977083,0.0860763942405191,0.0806372287568444,0.1121967907118231,0.2258667460961264,0.2692529355100385,0.2533902453863314,0.2884965270736158,0.1828799839520418,0.1143689345465682,0.5173392424656792,-0.4933844759573313,221.439980371033,0,PART1,East Jaintia Hills,55.55651473999024,2023-06-10,161.0,6.0,,3.0,0,,2023-06-07,2.822326388888889,355,1,18,Sonapur Tunnel Landslide,1,near Sonapur Tunnel,87.10559537,LS-0086,NH 6,1,Newspapers & Media/2023/Meghalaya/15,15,22.236416972865424,Newspapers & Media,0,Meghalaya,3,2023,"{""type"":""Point"",""coordinates"":[92.36024534476111,25.105938429083672]}"
00000000000000000058,0.0298814940663353,0.0142780403692057,-0.0004681915001521,0.0102169185515772,0.0053629323460797,0.0112449437062582,0.0486918602292321,0.0641006085809919,0.0575525002535754,0.0669541637082868,0.5840676887404956,0.3004703716906386,0.5860051017000102,-0.4848598828785946,221.43998223082275,0,PART1,East Jaintia Hills,55.55651473999024,2023-06-15,166.0,6.0,Morning,3.0,0,,2023-06-10,4.814456018518518,353,1,17,Sonapur Tunnel Landslide,1,near Sonapur Tunnel,0.0,LS-0089,NH 6,1,Newspapers & Media/2023/Meghalaya/19,19,22.2364175480108,Newspapers & Media,0,Meghalaya,3,2023,"{""type"":""Point"",""coordinates"":[92.36025872206427,25.105942888184725]}"
0000000000000000006d,0.1582623326572007,0.0793514756592292,0.0413928245436105,0.0753162018255578,0.0641209432048681,0.0880993306288032,0.188176069979716,0.2440916480730224,0.2234459837728194,0.2623024695740367,0.4368426723560161,0.1413153875091213,0.498841901772969,-0.4437866737648507,194.89807513167108,0,PART1,East Jaintia Hills,49.75262451171875,2023-08-10,222.0,8.0,Night,3.0,0,,2023-08-01,8.822349537037036,333,1,11,Sonapur Tunnel Landslide,1,Near Sonapur Tunnel,0.909345005,LS-0110,NH 6,1,Newspapers & Media/2023/Meghalaya/61,61,19.705045389300054,Newspapers & Media,0,Meghalaya,3,2023,"{""type"":""Point"",""coordinates"":[92.36123080609393,25.10670093536381]}"
00000000000000000073,0.3547929078373719,0.2837768427456149,0.2824954172158573,0.3008572442461725,0.3011581770252459,0.3061874987326372,0.3915082733448243,0.4326992091655685,0.4043869968569401,0.452332241711447,0.1750462877285707,0.0650504534426683,0.1468265254206151,-0.1477143763901124,221.43998502050871,0,PART1,East Jaintia Hills,55.55651473999024,2023-08-26,238.0,8.0,,3.0,0,,2023-08-19,6.814456018518518,308,1,12,Sonapur Tunnel Landslide,1,Near Sonapur Tunnel,46.21286365,LS-0116,NH 6,1,Newspapers & Media/2023/Meghalaya/70,70,22.236418410729364,Newspapers & Media,0,Meghalaya,3,2023,"{""type"":""Point"",""coordinates"":[92.3602854766706,25.105956265487887]}"
00000000000000000077,0.2081761371127225,0.1339193651437553,0.3005323208762231,0.2909249987323158,0.271104502814259,0.2618335885604178,0.2886763754373511,0.3027785457126922,0.2763948379899599,0.3067821053699103,0.3536349949282804,0.1442353846591329,0.0093388245195391,0.0261604804634266,221.43995875102755,0,PART1,East Jaintia Hills,55.55651473999024,2024-02-03,34.0,2.0,4:00 AM,3.0,0,,2024-02-02,0.8193171296296297,145,1,22,Sonapur Tunnel Landslide,1,Near Sonapur Tunnel,2.0810000896453857,LS-0120,NH 6,1,Newspapers & Media/2024/Meghalaya/1,1,22.23641028681969,Newspapers & Media,0,Meghalaya,3,2024,"{""type"":""Point"",""coordinates"":[92.36018291734636,25.105844787961548]}"
00000000000000000079,0.139691551365871,0.0758556180629466,0.0468068065480715,0.0657686990015711,0.0493729106482185,0.0732389589985302,0.1587245400638589,0.1969417110131266,0.1988872738330546,0.2109814758501849,0.4496288890474276,0.1786708594800866,0.6143204278781725,-0.5161828375575732,230.7991413494537,0,PART1,East Jaintia Hills,64.33722686767578,2024-04-30,121.0,4.0,6:00 PM,3.0,0,,2024-04-27,2.822349537037037,351,1,22,Sonapur Landslide,1,Near Sonapur Tunnel,3.825000047683716,LS-0122,NH 6,1,Newspapers & Media/2024/Meghalaya/3,2,47.44563734262548,Newspapers & Media,0,Meghalaya,3,2024,"{""type"":""Point"",""coordinates"":[92.35800687603229,25.102665448910443]}"
00000000000000000084,0.145847610359333,0.0835077948406061,0.0327357711215853,0.062092037909888,0.0585592924839085,0.0793934367239369,0.1671472657239877,0.1971658000101363,0.1865298210937104,0.2104399016775631,0.3830133792145909,0.1187537792225689,0.5424923772095933,-0.5121448926018924,223.73511048375025,0,PART1,East Jaintia Hills,79.4827880859375,2024-05-27,148.0,5.0,10:00,3.0,0,,2024-05-25,1.8145717592592592,366,1,23,Sonapur Tunnel Landslide,1,Near Sonapur Tunnel,227.2729949951172,LS-0133,NH 6,1,Newspapers & Media/2024/Meghalaya/17,6,38.36164816507699,Newspapers & Media,0,Meghalaya,3,2024,"{""type"":""Point"",""coordinates"":[92.36097663733388,25.10620597514688]}"
0000000000000000009c,0.1972354575411914,0.1053101698352345,0.0257331812420785,0.0589456121673004,0.0508560811153358,0.0867386210392903,0.2164512547528517,0.2616307579214196,0.2529797718631178,0.2838897237008874,0.4128568374718094,0.121188898421725,0.6665604226833588,-0.6181800849308038,54.34022909496662,0,PART1,East Jaintia Hills,267.4786682128906,2024-05-30,151.0,5.0,,3.0,0,,2024-05-25,4.814571759259259,361,1,22,Lumshnong Landslide,1,Along Lumshnong Road Side,599.5189819335938,LS-0157,NH 6,1,Newspapers & Media/2024/Meghalaya/42,15,9.072201402774382,Newspapers & Media,0,Meghalaya,3,2024,"{""type"":""Point"",""coordinates"":[92.36843671339629,25.154569385172557]}"
000000000000000000ad,0.4427557470972977,0.2883758556000609,0.3394401308117427,0.3588113116665823,0.3504643461947981,0.3717530852304415,0.4822399381432847,0.5215077726512194,0.5230142169041221,0.5448524362419509,0.2982432803187921,0.088936989763459,0.2104856170068424,-0.1988124579458834,74.89286112371218,0,PART1,East Jaintia Hills,376.1923828125,2024-06-15,167.0,6.0,12:25 PM,3.0,0,,2024-06-11,3.822326388888889,375,1,19,Lumshnong 2 Landslide,1,Lumshnong area along NH 6,246.0,LS-0174,NH 6,1,Newspapers & Media/2024/Meghalaya/44,16,24.451218423799904,Newspapers & Media,0,Meghalaya,3,2024,"{""type"":""Point"",""coordinates"":[92.38607245806267,25.162582389765596]}"
00000000000000000118,0.1861186004056795,0.0774596551724137,0.0305703752535496,0.0552556135902637,0.033877971602434,0.077160953346856,0.2297969979716024,0.2930570943204867,0.2844015567951318,0.3182222160243408,0.5715978234797366,0.2084213910559043,0.7874284785958302,-0.6742177603365458,299.1110067855537,0,PART1,East Jaintia Hills,186.9522399902344,2024-07-12,194.0,7.0,Morning,3.0,0,,2024-06-26,15.822349537037036,365,1,10,Kuliang Landslide,1,Kuliang section of National Highway 06,102.9499969482422,LS-0281,NH 6,1,Newspapers & Media/2024/Meghalaya/122,45,23.77169357623633,Newspapers & Media,0,Meghalaya,3,2024,"{""type"":""Point"",""coordinates"":[92.3624124678731,25.080481421169548]}"
00000000000000000131,0.5201172550213026,0.3801770592412253,0.7938632024751472,0.7764155812538043,0.7527356157435585,0.7185025562994524,0.7476534388314062,0.7634812030837898,0.718915363156827,0.7687550923108131,0.3085913088113587,0.1606346817058327,-0.022996497407174,0.0384741300575302,342.8551830182397,0,PART1,East Jaintia Hills,179.9235076904297,2024-08-06,219.0,8.0,Early,3.0,0,,2024-07-31,5.8223263888888885,366,1,10,Kuliang Landslide,1,Kuliang section of National Highway 06,9.399999618530272,LS-0306,NH 6,1,Newspapers & Media/2024/Meghalaya/148,50,23.55176718866125,Newspapers & Media,0,Meghalaya,3,2024,"{""type"":""Point"",""coordinates"":[92.36235895866045,25.080526012180087]}"
00000000000000000132,0.5202516397181811,0.3917622180546405,0.689740823153733,0.6758956865527903,0.6573865832023925,0.6305540980282829,0.6665367783465963,0.6847502204876069,0.6480085812762939,0.6928953520198692,0.2467893778506334,0.1094081408071162,-0.0071762272560884,0.0210586723785332,213.9962150531392,0,PART1,East Jaintia Hills,61.89412307739258,2024-08-06,219.0,8.0,,3.0,0,,2024-07-31,5.8223263888888885,366,1,10,Sonapur Tunnel Landslide,1,Near Sonapur Tunnel,5.139999866485596,LS-0307,NH 6,1,Newspapers & Media/2024/Meghalaya/153,51,30.106579331879527,Newspapers & Media,0,Meghalaya,3,2024,"{""type"":""Point"",""coordinates"":[92.36103014654653,25.106370961885855]}"
00000000000000000137,0.5726909478168267,0.4340763628987273,0.5740041026421221,0.5882798620619708,0.5914104924184799,0.5720752877934987,0.6250453268421321,0.6543171357573915,0.61940188143415,0.6750301435164057,0.1759191801054568,0.0391869568355042,0.0231241272072568,-0.0257742560412499,342.8551830182397,0,PART1,East Jaintia Hills,179.9235076904297,2024-08-12,225.0,8.0,Morning,3.0,0,,2024-08-10,1.822326388888889,370,1,10,Kuliang Landslide,1,Kuliang section of National Highway 06,21.190000534057617,LS-0312,NH 6,1,Newspapers & Media/2024/Meghalaya/155,52,23.55176718866125,Newspapers & Media,0,Meghalaya,3,2024,"{""type"":""Point"",""coordinates"":[92.36224748113412,25.080526012180083]}"
0000000000000000013a,0.3438243381681712,0.2622789887412516,0.3007576579774824,0.3178719342732529,0.3132540217060552,0.3120209757581905,0.3721153362409979,0.4260051425093823,0.3971967745207423,0.4369604371640128,0.205101335282766,0.0724121791565772,0.1195597014904698,-0.1122825166723708,342.8551830182397,0,PART1,East Jaintia Hills,179.9235076904297,2024-08-17,230.0,8.0,Afternoon,2.0,0,,2024-08-15,1.822349537037037,374,1,12,Kuliang Landslide,1,Kuliang section of National Highway 06,35.88999938964844,LS-0315,NH 6,1,Newspapers & Media/2024/Meghalaya/159,53,23.55176718866125,Newspapers & Media,0,Meghalaya,3,2024,"{""type"":""Point"",""coordinates"":[92.36212262630461,25.080526012180083]}"
0000000000000000014a,0.1694526345121085,0.093751889755801,0.0292664606343094,0.0554562873644746,0.0442999797345222,0.0765547927854899,0.2249656348160907,0.28367576755497,0.2703857077718107,0.3061442851352718,0.4834467335515826,0.2273419004081658,0.7163849149944769,-0.655912310930523,310.02700041588054,0,PART2,Ri Bhoi,520.3108520507812,2024-09-06,250.0,9.0,8:00 PM,3.0,0,,2024-09-02,3.8145717592592594,362,1,8,Shangbangla Landslide,1,Shangbangla Village,48.08000183105469,LS-0331,NH 6,1,Newspapers & Media/2024/Meghalaya/175,54,18.040591314082903,Newspapers & Media,0,Meghalaya,3,2024,"{""type"":""Point"",""coordinates"":[91.8651825685044,25.951566811960202]}"
0000000000000000014d,0.2550989958413634,0.1800906734962978,0.2858729587179227,0.2813620904757075,0.239050699868141,0.2539262906988538,0.3367770767826352,0.3755912060046659,0.4241750633938537,0.3824671670554825,0.4180383810593504,0.2576115469251571,0.2868765326982906,-0.2050525031820264,342.85518420476075,0,PART1,East Jaintia Hills,179.9235076904297,2024-09-30,274.0,9.0,,3.0,0,,2024-09-27,2.8145949074074075,408,1,18,Kuliang Landslide,1,Kuliang section of National Highway 06,90.98999786376952,LS-0334,NH 6,1,Newspapers & Media/2024/Meghalaya/178,55,23.551767054584406,Newspapers & Media,0,Meghalaya,3,2024,"{""type"":""Point"",""coordinates"":[92.36218505371936,25.080517093977978]}"
00000000000000000064,0.1981891953556761,0.1271060893373218,0.0451095725802362,0.0755491355270496,0.0703525528570703,0.0968591593570957,0.2122878669573593,0.2678169041220911,0.2510607666176545,0.2856614713785935,0.3040548639988024,0.0983736273931285,0.5373603989740919,-0.5139656475787726,201.75613047402103,0,PART1,Aizawl,872.0555419921875,2023-07-04,185.0,7.0,,,0,,2023-07-02,1.822349537037037,334,1,8,Hunthar Landslide,1,Hunthar in western part of Aizawl,0.956700019,LS-0101,NH 54,1,Newspapers & Media/2023/Mizoram/41,41,22.423354023134205,Newspapers & Media,0,Mizoram,4,2023,"{""type"":""Point"",""coordinates"":[92.71424891829314,23.74506091948147]}"
0000000000000000008f,0.1824429802768341,0.123170227652994,0.0412642650712366,0.067738716219642,0.0663726005171626,0.0953846625766871,0.1926388379049839,0.2251785225371393,0.2181528773513157,0.2412825432236474,0.2620206132081732,0.0756828131735129,0.514707228524441,-0.5081426751910066,201.75613047402103,0,PART1,Aizawl,872.0555419921875,2024-05-28,149.0,5.0,,3.0,0,,2024-05-22,5.8223263888888885,359,1,11,Hunthar Landslide,1,Western outskirts of Aizawl,596.4849853515625,LS-0144,NH-54,1,Newspapers & Media/2024/Mizoram/14,2,22.423354023134205,Newspapers & Media,0,Mizoram,4,2024,"{""type"":""Point"",""coordinates"":[92.71424891829314,23.74506091948147]}"
00000000000000000067,0.564607332151001,0.4392043020015201,0.6270106055231821,0.6435806333924499,0.6236790625791743,0.6179158854826452,0.6887279959462882,0.7303657208006079,0.6915321814035981,0.7470988041550548,0.223169193618681,0.1010339854491921,0.0516842166132707,-0.0360400685088246,62.34422107993117,0,PART2,Peren,701.4901123046875,2023-07-10,191.0,7.0,Morning,2.0,0,,2023-07-07,2.822326388888889,335,1,8,Iron bridge landslide,1,Peren-Maram road,4.89017205,LS-0104,NH-129A,1,Newspapers & Media/2023/Nagaland/45,45,16.699255036483354,Newspapers & Media,0,Nagaland,5,2023,"{""type"":""Point"",""coordinates"":[93.76566481478619,25.529811657022133]}"
00000000000000000068,0.5427971337418342,0.3668368106547832,0.8576243530662891,0.8655516534157087,0.8266852585202819,0.837850959639439,0.859434293816783,0.8716413683091105,0.8564271180432478,0.870163791968401,0.4002334648389836,0.2241278030405613,0.0176630589766775,0.0053075093889282,186.65724903543665,0,PART2,Kiphire,1202.1767578125,2023-07-16,197.0,7.0,,2.0,0,,2023-07-07,8.82232638888889,345,1,10,Kiphire Landslide,1,Shamator Kiphire Road Section,175.991999,LS-0105,NH 202,1,Newspapers & Media/2023/Nagaland/51,51,22.128350192911743,Newspapers & Media,0,Nagaland,5,2023,"{""type"":""Point"",""coordinates"":[94.85534871651993,25.994079881403756]}"
000000000000000000e2,0.3328485431973651,0.2348902508234101,0.2127184089181657,0.2454939244996201,0.2462565087408158,0.260097268811756,0.352100557385356,0.403196214846719,0.3763622396757031,0.4204041398530528,0.2316745399343386,0.0583614420660084,0.2580819060181653,-0.2620142203703424,240.9175537333956,0,PART2,Mokokchung,1272.275390625,2024-06-28,180.0,6.0,1:30 AM,2.0,0,,2024-06-26,1.822349537037037,365,1,9,Tongdentsuyo ng Landslide,1,Tongdentsuyon g ward near butcher shop,100.43000030517578,LS-0227,NH 2,1,Newspapers & Media/2024/Nagaland/70,4,36.77011446597822,Newspapers & Media,0,Nagaland,5,2024,"{""type"":""Point"",""coordinates"":[94.52457705947637,26.328053173003692]}"
00000000000000000106,0.2078993312392341,0.1026050309048536,0.025395379471071,0.0621806363360016,0.0422910527915695,0.0989539163035768,0.3331123771405413,0.4212626709899686,0.4260635576046206,0.4493116931806669,0.603898440478567,0.3391903508648252,0.8126001697037185,-0.7395293698517262,233.1165626938951,0,PART2,Tuensang,1639.3218994140625,2024-07-02,184.0,7.0,,2.0,0,,2024-06-26,5.822349537037037,367,1,8,Tuensang Landslide,1,TuensangMoko kchung Road,122.0500030517578,LS-0263,NH 202,1,Newspapers & Media/2024/Nagaland/99,6,16.684536286010616,Newspapers & Media,0,Nagaland,5,2024,"{""type"":""Point"",""coordinates"":[94.80035016412671,26.2230547204982]}"
0000000000000000011e,0.1628154368538414,0.2020513886073383,0.7705842033245488,0.7887931887289682,0.78090016217312,0.8131042215690248,0.8234495185485509,0.810903390431786,0.8317033954996959,0.7985064565173321,0.6091092366541865,0.6725861439237627,0.0315040544497388,-0.0264799613775832,339.9460255884836,0,PART2,Wokha,1398.79931640625,2024-07-15,197.0,7.0,5:00 AM,2.0,0,,2024-07-01,13.82232638888889,368,1,9,Wokha Landslide,1,Near Wokha village 'B' Khel,3.3399999141693115,LS-0287,NH 2,1,Newspapers & Media/2024/Nagaland/132,13,21.87567165123189,Newspapers & Media,0,Nagaland,5,2024,"{""type"":""Point"",""coordinates"":[94.25557287022512,26.10740347557603]}"
00000000000000000139,0.4819144246846029,0.3079056239550084,0.9540971424228606,0.9810023002482652,0.9714335157318746,0.981264640016214,1.0074160612048444,1.0172880224958205,0.9762980341490602,1.0147425191265145,0.5207198045109473,0.3394975585444972,0.002380170941262,0.0027569872491229,132.0651400384865,0,PART2,Kohima,971.4161376953124,2024-08-14,227.0,8.0,,3.0,0,,2024-08-10,3.822326388888889,382,1,18,Zubza Landslide,1,Kohima Dimapur Highway,4.659999847412109,LS-0314,NH 29,1,Newspapers & Media/2024/Nagaland/158,19,10.673867929215016,Newspapers & Media,0,Nagaland,5,2024,"{""type"":""Point"",""coordinates"":[94.0342676849426,25.72444695890399]}"
00000000000000000147,0.1836079371515459,0.0708516066903193,0.0281834972123669,0.0524637658388241,0.0289112823112012,0.0759597060314242,0.2642175164723772,0.3481690319310695,0.3425300760263559,0.3829192093258994,0.6564050515189952,0.3013297965506472,0.8429905707470098,-0.7329608718343522,86.53658331531443,0,PART2,Wokha,740.7920532226562,2024-08-29,242.0,8.0,,2.0,0,,2024-08-25,3.822349537037037,355,1,6,Longsa Landslide,1,Between Longsa Junction and Dikhu Bridge,21.6299991607666,LS-0328,NH 202,1,Newspapers & Media/2024/Nagaland/171,22,20.26698228086056,Newspapers & Media,0,Nagaland,5,2024,"{""type"":""Point"",""coordinates"":[94.53772694848297,26.249363416713532]}"
00000000000000000149,0.2248885999594486,0.1162805200729927,0.0271832522303325,0.0721182431062449,0.0622826642335766,0.1096430859691808,0.2846580596107056,0.349172156326034,0.3347535178426601,0.3729800131792378,0.4778369516501657,0.1906699596417276,0.6827762620372662,-0.637125095800759,36.506750217220656,6,PART2,Chumoukedima,670.9368286132812,2024-09-03,247.0,9.0,11:00,3.0,1,,2024-08-30,3.822326388888889,363,1,9,Pherima Landslide,1,Between Pherima and Paglapahar,33.40999984741211,LS-0330,NH 29,1,Newspapers & Media/2024/Nagaland/174,24,28.265838841017608,Newspapers & Media,0,Nagaland,5,2024,"{""type"":""Point"",""coordinates"":[93.91372034706374,25.773951898799346]}"
0000000000000000014c,0.3730575628548258,0.2933822283049472,0.4699398874695865,0.4741708890916464,0.4461561739659369,0.4713850111516626,0.5586342457420924,0.5872706761962693,0.6202107309407949,0.5903188006893754,0.3596153142700204,0.2502851849960294,0.1678047369886581,-0.1367646254185365,260.3762957928484,0,PART2,Kohima,1147.130859375,2024-09-09,253.0,9.0,5:00 PM,3.0,0,,2024-09-04,4.822349537037037,377,1,19,KMC Dumping Landslide,1,Near old Kohima Municipal Council (KMC) dumping site,45.02999877929688,LS-0333,NH 29,1,Newspapers & Media/2024/Nagaland/177,25,21.880873718496275,Newspapers & Media,0,Nagaland,5,2024,"{""type"":""Point"",""coordinates"":[94.06852695833624,25.710967096419424]}"
00000000000000000154,0.1986372801459779,0.1127444726037811,0.0336157129099295,0.0720507881798367,0.0565801510466825,0.1029993055907546,0.3123037153428961,0.4005301383749807,0.4003097977596431,0.4332965127477315,0.5584181437594801,0.3349513491250427,0.7501142161089508,-0.6927424108761782,260.37629039615234,0,PART2,Kohima,1147.130859375,2024-10-04,278.0,10.0,,3.0,0,,2024-09-24,9.822349537037036,409,1,18,KMC Dumping Landslide,1,Near old Kohima Municipal Council (KMC) dumping site,16.3799991607666,LS-0341,NH 29,1,Newspapers & Media/2024/Nagaland/183,26,21.880862711717302,Newspapers & Media,0,Nagaland,5,2024,"{""type"":""Point"",""coordinates"":[94.06853587653833,25.71090020990362]}"
0000000000000000004b,0.2790674502254422,0.2463070165661888,0.1691795329044025,0.187621921069963,0.195370910380465,0.2217035817417296,0.2759821267541417,0.2980791782765085,0.2789603374031106,0.3133367191853691,0.0635986997075852,-0.0002361402183934,0.1850150593517738,-0.2073107998438806,225.64007915423528,0,PART2,Gangtok,1206.945556640625,2023-03-26,85.0,3.0,,3.0,0,,2023-03-25,0.8076273148148149,208,1,12,Sokpay Landslide,1,Sokpay Village,0.669916422,LS-0076,Dikchu-Rakdong Road,1,Newspapers & Media/2023/Sikkim/2,2,52.43651809032978,Newspapers & Media,0,Sikkim,6,2023,"{""type"":""Point"",""coordinates"":[88.52320226557411,27.39235587154121]}"
00000000000000000053,0.2041475404022492,0.1131856274380667,0.0310746897005927,0.0613967830183899,0.0475123157201479,0.1009762956583413,0.2486774456659405,0.2872336947160442,0.291367181721465,0.311091321748822,0.4376259334165423,0.1730537237803095,0.7159787020648523,-0.6480095382157665,40.833014360378456,0,PART2,North Sikkim,1731.767333984375,2023-05-19,139.0,5.0,,2.0,0,,2023-05-14,4.807627314814815,362,1,12,Chungthang Landslide,1,Chungthang_Lachung_Road,13.09883959,LS-0084,Chungthang_Lachung_Road,1,Newspapers & Media/2023/Sikkim/11,11,35.328117621942425,Newspapers & Media,0,Sikkim,6,2023,"{""type"":""Point"",""coordinates"":[88.65730527065543,27.61323744222365]}"
00000000000000000059,0.4419412617177605,0.3678760831010896,0.4808063744616167,0.4799692728654676,0.4627953128958704,0.4733748771218646,0.5106549328604003,0.5289807347352418,0.5160244844185458,0.533873569799848,0.1687464330051572,0.0775062150289321,0.0545648248133704,-0.0363468339000437,5.261703075380694,0,PART2,North Sikkim,1608.356689453125,2023-06-16,167.0,6.0,,2.0,0,,2023-06-13,2.807511574074074,354,1,12,Chungthang 2 Landslide,1,Along Chungthnag Road,3.215050509,LS-0090,NH 10,1,Newspapers & Media/2023/Sikkim/21,21,2.903216327356073,Newspapers & Media,0,Sikkim,6,2023,"{""type"":""Point"",""coordinates"":[88.64646073689345,27.60389116641563]}"
0000000000000000006c,0.3935224371961103,0.23324431726094,0.7796171241896277,0.7786383610210696,0.7558132141410048,0.7504275830632088,0.765238690235008,0.7806417544570501,0.7499868213128037,0.7801950010129659,0.526200557444276,0.3122253179024023,-0.0039337833699803,0.0188071823207462,49.31699844738529,0,PART2,East Sikkim,673.744140625,2023-08-04,216.0,8.0,,2.0,0,,2023-08-02,1.807511574074074,344,1,11,32 No. Landslide,1,"National Highway NH-10, connecting Sikkim with the mainland and capital Gangtok",1.9800000190734863,LS-0109,NH 10,1,Newspapers & Media/2023/Sikkim/67,67,28.766001420853662,Newspapers & Media,0,Sikkim,6,2023,"{""type"":""Point"",""coordinates"":[88.55059006424436,27.25999191587072]}"
00000000000000000072,0.3687749582215019,0.2728364460424367,0.8758981971945105,0.8766226971185497,0.8529459057071962,0.8489151314123664,0.8587706081936496,0.8734263381779509,0.8345233807666985,0.8721911378943636,0.5072659728288532,0.3871268366629726,-0.0109305543861866,0.0246130926286896,49.3169836743557,0,PART2,East Sikkim,673.744140625,2023-08-24,236.0,8.0,,2.0,0,,2023-08-22,1.807511574074074,303,1,10,32 No. Landslide,1,"National Highway NH-10, connecting Sikkim with the mainland and capital Gangtok",21.48876357,LS-0115,NH 10,1,Newspapers & Media/2023/Sikkim/68,68,28.76599417120897,Newspapers & Media,0,Sikkim,6,2023,"{""type"":""Point"",""coordinates"":[88.5506837053665,27.259933947557027]}"
000000000000000000a3,0.3003140974967062,0.2600301459410155,0.1725590148981453,0.1963606618019662,0.2021062379649336,0.2361771713793452,0.3314759095976486,0.3706849650349652,0.350413033343468,0.3912493919124355,0.1488373470373275,0.0773577610820872,0.2784172489136491,-0.2922598046056791,36.98204800511536,0,PART2,Gangtok,421.1888427734375,2024-06-11,163.0,6.0,,3.0,0,,2024-06-07,3.807511574074074,367,1,11,Shantinagar Landslide,1,Shantinagar Area in Singtam,10.0,LS-0164,NH 10,1,Newspapers & Media/2024/Sikkim/46,6,42.032610683867325,Newspapers & Media,0,Sikkim,6,2024,"{""type"":""Point"",""coordinates"":[88.50578947596038,27.235529287491513]}"
00000000000000000142,0.592533059485775,0.4072478675389216,0.7273651554338458,0.7374454941934174,0.7119177493787715,0.6985843196916678,0.7509431715604239,0.7739106699122672,0.7674497236168163,0.7824896039352905,0.3059063797723078,0.1283638577736273,0.0398849399823872,-0.0218156108653998,158.43696163618506,0,PART1,South Tripura,74.78501892089844,2024-08-22,235.0,8.0,,2.0,0,,2024-08-13,8.814571759259259,369,1,15,Nutan Bazar Landslide,1,Near Nutan bazar water treatment plant,484.0499877929688,LS-0323,Report.,1,Newspapers & Media/2024/Tripura/167,6,5.968315382114851,Newspapers & Media,0,Tripura,7,2024,"{""type"":""Point"",""coordinates"":[91.75562245562122,23.42316733263532]}"
00000000000000000010,0.3129520828060941,0.2183231563496481,0.7125809130940931,0.7076680619527258,0.6712404008705778,0.6652778053348182,0.675741974996204,0.6936189806144658,0.6725240876651312,0.6899203522802048,0.510061471435402,0.364981513571703,0.0009532809783003,0.0254660946413557,139.81174116768784,0,PART2,Upper Siang,683.1927490234375,2021-06-17,168.0,6.0,,2.0,0,,2021-06-12,4.822349537037037,10,1,10,Pekong Landslide,1,Pekong Village,2.63657808303833,LS-0017,,0,Online Media/2021/Arunachal Pradesh/6,6,36.70577261334195,Online Media,1,Arunachal Pradesh,0,2021,"{""type"":""Point"",""coordinates"":[94.84253771919337,28.93625272478103]}"
00000000000000000015,0.4203869866828701,0.2700685908147248,0.7384633145982074,0.7468310851182336,0.7165143500936756,0.6938607018076864,0.7189364626057014,0.7497736239809611,0.7093730416729962,0.7525507266190696,0.4487273490739492,0.2558493946179456,-0.0049945187351259,0.0257124591296099,243.6416696306408,0,PART2,East Siang,454.3298034667969,2021-06-27,178.0,6.0,,1.0,0,,2021-06-22,4.822349537037037,8,1,8,Rotlung Landslide,1,Rotlung Village at Kebang,47.738895416259766,LS-0022,,0,Online Media/2021/Arunachal Pradesh/5,5,38.99169053985588,Online Media,1,Arunachal Pradesh,0,2021,"{""type"":""Point"",""coordinates"":[95.18138926734578,28.153609144284435]}"
00000000000000000016,0.4650887274016306,0.2915425532992353,0.6984262824732871,0.7095141337924747,0.6851653162505698,0.6732800020256242,0.7078548842862208,0.7408690383349371,0.714375667189953,0.7485040107358079,0.4203443137478467,0.2113578011607397,0.0208833226048581,-0.0034270031030503,180.0,0,PART2,East Siang,201.5,2021-06-27,178.0,6.0,,3.0,0,,2021-06-22,4.822349537037037,7,1,7,Sangam_bridge_collapse,1,Sangam Bridge Collapse near Pangin,47.070611,LS-0023,,0,Online Media/2021/Arunachal Pradesh/15,15,21.50127351533532,Online Media,1,Arunachal Pradesh,0,2021,"{""type"":""Point"",""coordinates"":[94.99630090081934,28.233721353810633]}"
00000000000000000011,0.2305694244604315,0.1648803982166378,0.093489836862904,0.131285378457797,0.1359022747998783,0.1416044128077819,0.2183251139933123,0.2689677221602997,0.2424322423751139,0.285388960380991,0.1890598544317379,0.0239301471678647,0.281646712150634,-0.2988933113686675,245.2932737925172,1,PART2,Kamrup metro,62.73257446289063,2021-06-18,169.0,6.0,4:30,2.0,1,,2021-06-15,2.814479166666666,17,1,17,Water_works_colony_landslide,1,Water Works Colony,121.189373,LS-0018,,0,Online Media/2021/Assam/72,72,2.8170131371826,Online Media,1,Assam,1,2021,"{""type"":""Point"",""coordinates"":[91.69463533051325,26.162785510659823]}"
0000000000000000000a,0.3097661479979725,0.2690366700456157,0.2704186619361377,0.2794555701976685,0.2699795641155599,0.2905488089204255,0.3707439077546881,0.407261956411556,0.3954914951849973,0.4204028180435883,0.1903883103941387,0.1215365875320429,0.1900752133438809,-0.1737718975886615,57.39106082569077,0,PART1,Senapati,729.8132934570312,2021-06-06,157.0,6.0,,2.0,0,,2021-05-28,8.82232638888889,9,1,9,Tujang_Waichong_landslide,1,Between Tujang Waichong and Selsi Village,10.335549354553224,LS-0011,,0,Online Media/2021/Manipur/22,22,0.3055478869098159,Online Media,1,Manipur,2,2021,"{""type"":""Point"",""coordinates"":[93.82013719325509,25.217563105754582]}"
0000000000000000001a,0.5723437610552381,0.3902835649668972,0.8193031232627482,0.831148011320564,0.8139137110223882,0.8140565775509173,0.8298176075200886,0.8482303835851815,0.8389787436195479,0.8477734876434021,0.364927082493454,0.1887908455932981,0.0150511021154617,-0.0044703677329729,192.0070561250731,0,PART1,South Garo Hills,272.5726928710937,2021-06-30,181.0,6.0,,2.0,0,,2021-06-25,4.814479166666667,30,1,25,Malikona_Village_landslide,1,Malikona Village Baghmara town,200.134458,LS-0027,,0,Online Media/2021/Meghalaya/21,21,41.05590574622145,Online Media,1,Meghalaya,3,2021,"{""type"":""Point"",""coordinates"":[90.83191521329886,25.20269200374134]}"
0000000000000000003e,0.3631919563562548,0.2298674498858158,0.4820666683582848,0.4899216138036032,0.4639679218472469,0.4740968180664806,0.5488408119766558,0.6057847957371226,0.5760174828723674,0.6152642730271505,0.4296041272071637,0.2266329327945596,0.1077844374393885,-0.0808255984868941,,0,NONE,Lawngtlai,,2021-08-26,238.0,8.0,,3.0,0,,2021-08-21,4.822349537037037,6,1,6,Zochachhuah landslide,1,Zochachhuah,14.347636222839355,LS-0063,,0,Online Media/2021/Mizoram/33,33,,Online Media,1,Mizoram,4,2021,"{""type"":""Point"",""coordinates"":[92.7616937535018,22.13015288196551]}"
00000000000000000047,0.2665860541801946,0.1631319551542207,0.0667237926136363,0.1017708654626623,0.093086028814935,0.1324156960227273,0.3124050121753247,0.3874638342126623,0.3744156503652598,0.4191804535308442,0.3936103861673155,0.167968732374251,0.6078799232657268,-0.5784867549396377,94.65363891161132,2,PART1,Aizawl,895.2804565429688,2021-10-09,282.0,10.0,,2.0,1,,2021-10-05,3.821863425925926,9,1,9,Thingsulthliah landslide,1,Thingsulthliah Village,7.244019031524658,LS-0072,,0,Online Media/2021/Mizoram/36,36,12.75879912174894,Online Media,1,Mizoram,4,2021,"{""type"":""Point"",""coordinates"":[92.85942833039122,23.68986170754086]}"
00000000000000000001,0.1711948638645235,0.1311638239618719,0.032396207473508,0.0624835724788317,0.0733462911321806,0.0904760989707448,0.1243960959286113,0.141134705673579,0.1426360999847893,0.1538450134360898,0.0545114019773792,-0.0886186822358055,0.3344836976689105,-0.3938689913917989,15.016999639224707,0,PART2,Dimapur,269.23065185546875,2021-02-17,48.0,2.0,,3.0,0,,2021-02-12,4.820034722222222,11,1,11,TL Park 2 landslide,1,Near TL Park between Chumoukedima and Nukioladong,0.0,LS-0002,,0,Online Media/2021/Nagaland/38,38,37.28767119854388,Online Media,1,Nagaland,5,2021,"{""type"":""Point"",""coordinates"":[93.80600184291566,25.772600791180153]}"
0000000000000000001d,0.1942781811737302,0.1601301129171097,0.0703613499417691,0.105157056053471,0.1020904653400172,0.1321408881462352,0.2289474403767278,0.2747138437389234,0.252754610360018,0.296435176464631,0.2255725339861904,0.1316322252341921,0.427016013115667,-0.4143025184685705,189.3402376303592,0,PART2,Phek,947.499267578125,2021-07-14,195.0,7.0,,2.0,0,,2021-07-12,1.822349537037037,10,1,10,Phek_landslide,1,Ziphu,65.401161,LS-0030,,0,Online Media/2021/Nagaland/47,47,28.67691328973725,Online Media,1,Nagaland,5,2021,"{""type"":""Point"",""coordinates"":[94.68675456479018,25.60310590103762]}"
00000000000000000039,0.3527726798378926,0.2562052178318135,0.3185912968591692,0.332212228976697,0.3125720516717324,0.3216556686930091,0.4220276747720364,0.4813585511651466,0.4603462613981763,0.4997250050658559,0.2894208421634924,0.135221048714506,0.2094078768421624,-0.1813283677462093,220.1092172811649,0,PART2,Kiphire,1738.284423828125,2021-08-17,229.0,8.0,,2.0,0,,2021-08-11,5.822349537037037,16,1,16,Pungro-Mimi landslide,1,Pungro-Mimi axis near Longkhimong village,59.65867233276367,LS-0058,,0,Online Media/2021/Nagaland/46,46,3.017999871133496,Online Media,1,Nagaland,5,2021,"{""type"":""Point"",""coordinates"":[94.86304512493818,25.7623002677467]}"
00000000000000000044,0.299942343940008,0.2196667865828942,0.1847199787190919,0.2165747618565058,0.2011176074179164,0.2353721777462506,0.4030859900689095,0.4643281211998381,0.4529618565058776,0.4894424604783138,0.3593557062874887,0.2095214233661002,0.418038089614999,-0.3847312287356682,350.4605686289688,0,PART2,Tuensang,1535.31103515625,2021-09-09,252.0,9.0,,2.0,0,,2021-09-05,3.822326388888889,11,1,10,Chedang Saddle Landslide,1,Chedang Saddle and Noklak,27.73912239074707,LS-0069,,0,Online Media/2021/Nagaland/51,51,33.54942460373395,Online Media,1,Nagaland,5,2021,"{""type"":""Point"",""coordinates"":[94.93942506688263,26.232588278550466]}"
0000000000000000004a,0.1197953041892508,0.0482080137784306,0.0042855478445874,0.0253519933134086,0.0142373334684159,0.0521783749556759,0.2022456967732131,0.2538651486753457,0.2673020920925992,0.2810252064231802,0.6931743634346939,0.3791957677548248,0.8986447401378324,-0.8276619483159885,123.20601953523276,0,PART2,Tuensang,1471.1748046875,2021-11-08,312.0,11.0,,2.0,0,,2021-11-06,1.826516203703704,47,1,47,Wensoi Landslide,1,Wensoi Village,0.0,LS-0075,,0,Online Media/2021/Nagaland/50,50,27.685780648707784,Online Media,1,Nagaland,5,2021,"{""type"":""Point"",""coordinates"":[95.06150187642282,26.250081331983132]}"
00000000000000000003,0.1380894536985469,0.1168284998227937,0.0829367373803858,0.1058504582046478,0.1265664219533188,0.1484105969318008,0.1823190775150625,0.1996247987443673,0.1919318464887853,0.2176398511467773,0.2447402320566432,0.1643316138289552,0.2073059307207905,-0.2925541655509344,305.53311553560854,0,PART2,East Sikkim,3342.55615234375,2021-03-25,84.0,3.0,,2.0,0,,2021-03-20,4.807650462962963,14,1,12,Kyonsola_waterfall_landslide,1,Kyonsola waterfall on way to Tsongmo.,3.3004589080810547,LS-0004,,0,Online Media/2021/Sikkim/61,61,9.097040557164046,Online Media,1,Sikkim,6,2021,"{""type"":""Point"",""coordinates"":[88.72834320953787,27.37658403111517]}"
0000000000000000002b,0.2853575293879206,0.2103182965139846,0.1593553556951762,0.1998919841913254,0.2129648865018241,0.2523194568301583,0.3589387971220105,0.4060144912849615,0.3791735559383866,0.4235321240372923,0.2857537047036427,0.1403759933876715,0.2842538695998895,-0.3186892508489177,301.6363917803451,0,PART2,East Sikkim,1003.9857177734376,2021-07-31,212.0,7.0,,2.0,0,,2021-07-28,2.807650462962963,14,1,12,Seley_Ward_landslide,1,Seley ward under Tumin Lingee Constituency,140.635612,LS-0044,,0,Online Media/2021/Sikkim/63,63,23.32725988972293,Online Media,1,Sikkim,6,2021,"{""type"":""Point"",""coordinates"":[88.48780592141185,27.366542135542808]}"
00000000000000000049,0.1420824920257202,0.0877365652372031,0.0289036048807655,0.0439881980659206,0.0400474507619867,0.0608602399878487,0.1449417548478557,0.1831006784466609,0.1833078122626702,0.199913908156549,0.3453753662685073,0.1171914813636577,0.633079862998259,-0.6026088948167421,275.44273404921967,0,PART2,East Sikkim,1526.5814208984375,2021-10-20,293.0,10.0,,2.0,0,,2021-10-16,3.807071759259259,11,1,11,Pani House Landslide,1,Pani House,198.109475,LS-0074,,0,Online Media/2021/Sikkim/59,59,37.09989383797841,Online Media,1,Sikkim,6,2021,"{""type"":""Point"",""coordinates"":[88.60943682084668,27.32459091283199]}"
00000000000000000040,0.1894990219429382,0.0910705366644706,0.0264922768965692,0.0663244514265443,0.0528227436274261,0.0843841129073125,0.2491937718542543,0.3415520600010135,0.3072419348299802,0.3698493082653423,0.5590892517453422,0.2511194490317397,0.728731852565826,-0.6586489033701335,248.319837392525,0,PART1,South,38.43385696411133,2021-08-26,238.0,8.0,,2.0,0,,2021-08-24,1.814594907407408,8,1,7,Jharjhari landslide,1,Jharjhari Village,78.381047,LS-0065,,0,Online Media/2021/Tripura/71,71,7.826950278959373,Online Media,1,Tripura,7,2021,"{""type"":""Point"",""coordinates"":[91.49428792018193,23.22815746626497]}"
00000000000000000007,0.2902454503979317,0.2148514269782532,0.0777273584427434,0.1143551528362143,0.1327066305064125,0.1522190196177827,0.2288205859988846,0.26524203883003,0.2429116895625284,0.2895296902722156,0.0617514948351944,-0.0891957542759463,0.295667367333994,-0.3637823673066088,155.33408898846767,0,PART2,Papum Pare,355.9114685058594,2021-05-31,151.0,5.0,,3.0,0,,2021-05-28,2.822326388888889,19,1,18,IG Park Landslide,1,"Near Indra Gandhi Park entry gate, Itanagar",69.527662,LS-0008,NH 415,1,Online Media/2021/Arunachal Pradesh/9,9,17.232580170396435,Online Media,1,Arunachal Pradesh,0,2021,"{""type"":""Point"",""coordinates"":[93.62232255232212,27.095981720023918]}"
0000000000000000000c,0.5548606681198357,0.3875269478379886,0.7750327216505296,0.7756430526689311,0.749122005373346,0.7423677700613373,0.7628510062351089,0.7877101282506209,0.7565731079231508,0.7901019415014954,0.3229101077246464,0.1540104755479334,0.0049447288767323,0.0124644953344691,149.30176689138466,0,PART2,Papum Pare,1196.76220703125,2021-06-08,159.0,6.0,morning,3.0,0,,2021-06-02,5.822349537037037,8,1,8,Leporiang Landslide,1,Leporiang,150.76957,LS-0013,NH 13,1,Online Media/2021/Arunachal Pradesh/1,1,26.51964924158855,Online Media,1,Arunachal Pradesh,0,2021,"{""type"":""Point"",""coordinates"":[93.33597245997298,27.241522319307347]}"
00000000000000000017,0.1539841143724696,0.1520635576923077,0.6352367155870444,0.6397907186234816,0.6104911690283398,0.6069922621457492,0.6280754200404857,0.646149185222672,0.6083431072874496,0.6427332489878539,0.6000001321443762,0.5960078603663278,-0.001753200647841,0.0251957615313556,281.1541806721774,0,PART2,Upper Siang,510.58642578125,2021-06-30,181.0,6.0,,2.0,0,,2021-06-22,7.822349537037037,7,1,7,Pasighat_Yingkiong_Landslide,1,Pasighat to Yingkiong (100 kms from Yingkiong),29.255691,LS-0024,NH 52,1,Online Media/2021/Arunachal Pradesh/12,12,39.20600170582915,Online Media,1,Arunachal Pradesh,0,2021,"{""type"":""Point"",""coordinates"":[95.23509913953453,28.214774633434548]}"
00000000000000000018,0.4611771403979548,0.3172468128196041,0.9831611969014232,0.9742795655916155,0.9323782846438152,0.8933907346463471,0.9115394005366818,0.9408982228747912,0.8775171535618451,0.9402064249911398,0.4690058502357488,0.3110597241604575,-0.0303142300386572,0.0522572800939511,271.3214163610504,0,PART2,West Siang,895.8372802734375,2021-06-30,181.0,6.0,,3.0,0,,2021-06-27,2.822326388888889,8,1,8,Garu Landslide,1,"near Garu, 25 km from Likabali",18.77778053283692,LS-0025,NH 52,1,Online Media/2021/Arunachal Pradesh/13,13,10.049464381040275,Online Media,1,Arunachal Pradesh,0,2021,"{""type"":""Point"",""coordinates"":[94.71334864347294,27.796145308334946]}"
0000000000000000000b,0.4185566103757797,0.3455544601653228,0.4586260256605304,0.4627872407322885,0.4490958010041076,0.4615579796135705,0.5184150109031899,0.5489912165931334,0.523111045184847,0.5607722095440946,0.2042267431636883,0.1110028566133267,0.0765229309343317,-0.0617762404509211,281.9735921379041,0,PART1,Tamenglong,1078.260009765625,2021-06-07,158.0,6.0,,3.0,0,,2021-05-28,9.82232638888889,9,1,9,Tamei2_landslide,1,Tamei Village,20.428739,LS-0012,Imphal-Tamenglong Road,1,Online Media/2021/Manipur/27,27,23.04997143946272,Online Media,1,Manipur,2,2021,"{""type"":""Point"",""coordinates"":[93.67799442897439,25.15829719365323]}"
00000000000000000014,0.4112802424058014,0.2268520208935543,0.8112068867589635,0.8204249049140417,0.7891812617272678,0.7930735280693743,0.813115862873371,0.8330775952127386,0.8225717379177445,0.8321274202545768,0.568015656452379,0.3334843658582523,0.0207069477544462,-0.001289572082164,281.9735921379041,0,PART1,Tamenglong,1078.260009765625,2021-06-24,175.0,6.0,,3.0,0,,2021-06-22,1.822349537037037,8,1,8,Tamei landslide,1,Tamei Village,15.714632034301758,LS-0021,Imphal-Tamenglong Road,1,Online Media/2021/Manipur/26,26,23.04997143946272,Online Media,1,Manipur,2,2021,"{""type"":""Point"",""coordinates"":[93.67799442897439,25.15829719365323]}"
0000000000000000001f,0.3840004311219315,0.291382937715561,0.4776882176912153,0.4701948163927776,0.4383832572529925,0.4318935534591197,0.4983746449584095,0.5360212720632987,0.5243081507405155,0.5471142168796916,0.2863283195663305,0.1548956836537763,0.0902351671637841,-0.0550297427189996,66.34985676936515,0,PART1,Tamenglong,222.3283233642578,2021-07-19,200.0,7.0,,1.0,0,,2021-07-17,1.822326388888889,8,1,8,Sibilong_temple_landslide,1,Sibilong Temple,67.985381,LS-0032,Imphal-Jiribam Road (NH-37),1,Online Media/2021/Manipur/31,31,23.10780085565281,Online Media,1,Manipur,2,2021,"{""type"":""Point"",""coordinates"":[93.33253449306078,24.76736780429763]}"
00000000000000000022,0.4302890573500329,0.2561439835708128,0.7305973327924546,0.7474867197403785,0.7276775670604938,0.6933803508949848,0.7295732620049696,0.7756948532021702,0.7083379899599411,0.7843220019268797,0.4710306111374552,0.2460982982366873,-0.0133251174671804,0.0269282682794263,148.65595232684075,0,PART1,Chandel,1190.6556396484375,2021-07-26,207.0,7.0,,3.0,0,,2021-07-22,3.822349537037037,10,1,9,Chahmol_landslide,1,Chahmol Village,1.530845046043396,LS-0035,AH-1 Moreh Road,1,Online Media/2021/Manipur/28,28,27.5857743593554,Online Media,1,Manipur,2,2021,"{""type"":""Point"",""coordinates"":[94.16024620790456,24.319567040106385]}"
0000000000000000002e,0.2911131751102995,0.2055257771692275,0.2187661493990566,0.23788432983417,0.2253521628885845,0.2429639028348292,0.3470202850043103,0.4102460824585424,0.3873286069273288,0.4256003803438307,0.3070551398923839,0.1420273579373609,0.2662194894575578,-0.2411243043220644,272.8967929887539,0,PART1,Jaintia Hills,237.2367706298828,2021-08-02,214.0,8.0,7:00,3.0,0,,2021-08-01,0.8223495370370371,12,1,12,Kuliang_landslide,1,"Kuliang Village, Khilerihat",90.034167,LS-0047,NH 06,1,Online Media/2021/Meghalaya/20,20,27.77354745993692,Online Media,1,Meghalaya,3,2021,"{""type"":""Point"",""coordinates"":[92.36206465799093,25.081743346767674]}"
00000000000000000020,0.1532134242823815,0.0779610457450045,0.0195523481083274,0.0543218480576123,0.0483683436454001,0.0791461405822091,0.2143373161578253,0.265703463840146,0.2585376001622881,0.2811833451668527,0.5000327946933656,0.2276995104459385,0.6397993266867169,-0.6144090111181767,297.323499595243,0,PART1,Lunglei,840.3836669921875,2021-07-19,200.0,7.0,,1.0,0,,2021-07-12,6.822349537037037,9,1,9,Bualtei landslide,1,Bualtei,203.521302,LS-0033,NH 54,1,Online Media/2021/Mizoram/34,34,35.01457246183979,Online Media,1,Mizoram,4,2021,"{""type"":""Point"",""coordinates"":[92.81656299196445,22.805046744606653]}"
00000000000000000025,0.4301001317589824,0.2902297319211473,0.6527031216743525,0.6635169817057721,0.6444023513910708,0.6719671869457257,0.7150466072062028,0.7346449855571884,0.7147640450007604,0.7413407692697512,0.4226776176960677,0.2488810677934728,0.0520372463496854,-0.0373117160369962,62.66004537372902,0,PART2,West Sikkim,387.0161743164063,2021-07-30,211.0,7.0,,2.0,0,,2021-07-28,1.807650462962963,14,1,12,Sisney Landslide,1,Sisney Petrol Pump,24.942363739013672,LS-0038,Jorethang - Legship Road,1,Online Media/2021/Sikkim/65,65,25.31141443867365,Online Media,1,Sikkim,6,2021,"{""type"":""Point"",""coordinates"":[88.28041313141608,27.146369561927866]}"
00000000000000000034,0.2021433392449962,0.1341301089435014,0.0458851076767165,0.0772919381808969,0.06619923992906,0.1044203901697491,0.2510982619711173,0.3144552166202179,0.3073681479604764,0.3378263440587788,0.3924036058480166,0.2065013207413898,0.6457320142213621,-0.5986134895067319,120.58097313944604,0,PART2,East Sikkim,1076.102294921875,2021-08-08,220.0,8.0,,3.0,0,,2021-08-07,0.807650462962963,13,1,12,Basilakha_landslide,1,Basilakha,105.199218,LS-0053,Laltturning-Basilakha Road,1,Online Media/2021/Sikkim/62,62,14.81689926786098,Online Media,1,Sikkim,6,2021,"{""type"":""Point"",""coordinates"":[88.59728577047605,27.255461469200412]}"
00000000000000000041,0.3978241005371441,0.2904809009830748,0.4729052599574335,0.483985623796493,0.4728215921759397,0.4811755599472988,0.530537448059187,0.5648169605756561,0.5286623340427686,0.5729989155771762,0.2906985408076056,0.141294356129853,0.0560943809686094,-0.0444347590331069,160.75082456588893,0,PART2,West Sikkim,459.90667724609375,2021-08-27,239.0,8.0,,3.0,0,,2021-08-17,9.807650462962965,11,1,11,Jorethang-Legship Landslide,1,Reshi Bazaar,55.2774543762207,LS-0066,Jorethang - Legship Road,1,Online Media/2021/Sikkim/66,66,31.862559664221912,Online Media,1,Sikkim,6,2021,"{""type"":""Point"",""coordinates"":[88.30745757930522,27.22126908232259]}"
0000000000000000002c,0.398323383134971,0.2822179944289694,0.3801304228918712,0.4126323069131425,0.4152010230438084,0.4144557609521397,0.479662046087617,0.5390868928842742,0.4689994226386425,0.5598096024309952,0.2621030847946133,0.0887539993239139,0.1691020223623021,-0.1670387290867584,25.49873548826025,0,PART2,Kalimpong,965.7794189453124,2021-07-31,212.0,7.0,,2.0,0,,2021-07-28,2.807650462962963,9,1,9,Seti Jhora Landslide,1,Seti jhora near Kalimpong,29.42971420288086,LS-0045,NH 10,1,Online Media/2021/Sikkim-West Bengal/64,64,35.08803078464321,Online Media,1,Sikkim/West Bengal,6,2021,"{""type"":""Point"",""coordinates"":[88.41411481740259,26.939387009229016]}"
