record_id,B2,B3,B4,B5,B6,B7,B8,B8A,B11,B12,NDVI,NDMI,NDWI,NBR,hls_image_count,hls_valid_image_count,landslide_target
LS-0194,0.0211188868105758,0.0501257216520903,0.0376608715434002,0.075170006571963,0.210841160709772,0.2718442394216673,0.264455704969415,0.2947617309539457,0.1632251503968455,0.0804757241797685,0.7509171317448707,0.2363340203166989,-0.6810464279372298,0.5332689231633766,380,24,1
LS-0222,0.4705810050200293,0.468803929821003,0.4424807514831903,0.434775604685361,0.4868106485472337,0.5142693778205975,0.4856261954261952,0.5192346382029308,0.3796620252522691,0.2749725470310836,0.0473380124600614,0.1228545731285311,-0.0182359303141301,0.2780941315647152,359,7,1
LS-0226,0.2526402948776409,0.2767387292901656,0.2741643005522621,0.2934531286416373,0.3681021077164714,0.3891667021330494,0.375723843542585,0.3979791862998428,0.3429071490094746,0.2645578000709327,0.1734649905218706,0.048279741928315,-0.170386508619919,0.18030261666184,362,6,1
LS-0278,0.7251100182426268,0.725940245261984,0.6984980642545858,0.6970968987534201,0.7359839262187087,0.7501706293706291,0.7166315090706394,0.747133343468126,0.4311892925914664,0.3079648930779365,0.0128424506991537,0.2486184156634076,0.0063999605040363,0.398789087889774,361,6,1
LS-0286,0.0290841603730548,0.0607899437376451,0.038354087890922,0.0826876172132393,0.2660273049825129,0.3570364995691621,0.3408631658979167,0.3828565816817882,0.2001480967104262,0.089898013077196,0.7869982387548164,0.2557392360905183,-0.6883782623449107,0.5751627784957842,364,6,1
LS-0170,0.6787689824668084,0.6871923685010642,0.6600910408432146,0.6687688000405393,0.7113102310732745,0.7370598662207358,0.7101241208067298,0.7405385527515963,0.5309384108644978,0.3558207053815749,0.0367322958157465,0.1444257195170644,-0.0166435236957742,0.3324140046818478,366,8,1
LS-0171,0.582069250659096,0.5862663911985402,0.5594237578584467,0.5655630348813628,0.6161852970999802,0.6451758010545533,0.6191604644088422,0.6506330916649772,0.4871862553234639,0.3432025400527276,0.0510018303865149,0.1193800875896799,-0.0275427097790271,0.2870105402216021,366,8,1
LS-0172,0.6062986623429266,0.6150107620591811,0.5938956576813944,0.5795808066477501,0.6232212049047428,0.655406814957438,0.6095819314957436,0.6651890808674503,0.5585133563032019,0.433053947101743,0.0130711563308673,0.0437215473417616,0.0044025472928053,0.1693091343060734,366,8,1
LS-0178,0.0220174768577065,0.0503660225605746,0.0386477161211998,0.0790496787900248,0.2224764530325257,0.2721604178258892,0.2672801557994841,0.2992180788102584,0.1918066922960191,0.0976445697809702,0.7459504043471222,0.1632325413552654,-0.6811866997145721,0.4638022111502244,370,14,1
LS-0179,0.022235932049143,0.0530869760857474,0.0365943374285858,0.0862342332777187,0.2645964052783253,0.3317132261489459,0.3265332726629253,0.365709914555842,0.2013573082562312,0.0941542949593002,0.7981507668925538,0.2371929555017402,-0.7199246817932742,0.5526578864806714,370,14,1
LS-0180,0.0222962341404236,0.0531947328514381,0.03624651973917,0.0863009755850982,0.2662135773138555,0.3332243845726129,0.3279477885052824,0.3673312945458224,0.2012061669109842,0.0935832381337512,0.8005746798837697,0.2395543896048522,-0.720441862897934,0.5561763494530866,370,14,1
LS-0181,0.0221845531742822,0.0531252122927618,0.035774100283057,0.0862221188839465,0.2672417205822888,0.3342120653052972,0.328880059644157,0.3684111251516379,0.2008006975333603,0.0929064698746462,0.803449923229214,0.2418707202387066,-0.7214894954013579,0.5596575460204903,370,14,1
LS-0182,0.0214894356225346,0.0524062354607059,0.0334390361080206,0.0849131789218165,0.2668660564377464,0.3290660614948924,0.3243630676646102,0.3627078992616568,0.1978624001213715,0.0896540052594315,0.8124307652827483,0.241702078488966,-0.7213316054217581,0.5665192226060931,370,14,1
LS-0183,0.0215794447815533,0.0525804055420712,0.0335965109223301,0.0852215716019417,0.2674420408576049,0.3296677538430421,0.3248668992718447,0.3633504500404531,0.1985456765776699,0.0901259759304207,0.8118774829018386,0.2408123527444258,-0.7208928808821121,0.5652797533172961,370,14,1
LS-0184,0.0210378001314259,0.0522757923469645,0.0325691148966284,0.0845446342819593,0.2675052317646463,0.3325083758782792,0.3273629934792498,0.3658280493352879,0.1956539402517312,0.0873588080675327,0.818601818973635,0.2514457477035771,-0.724391133333752,0.5783283407238281,370,14,1
LS-0185,0.0189477711513191,0.0491353128474679,0.0343939401597088,0.0809069190336601,0.2405959213585365,0.2976193823915902,0.2935435509956534,0.3269933943192156,0.1894271757808551,0.092252183361973,0.7885868371374984,0.2148190579789212,-0.7115888813994364,0.5215234205707636,370,14,1
LS-0186,0.0192922987459546,0.0504107504045307,0.0350881725323624,0.082195878843042,0.2365092485841424,0.2902547987459546,0.2853188713592232,0.317794483211974,0.1884869134304206,0.0914037368527507,0.7757168898432699,0.201349441080263,-0.6956466867166557,0.510957201703692,370,14,1
LS-0187,0.0189021388481569,0.0498512817919805,0.0335905900793851,0.0812896091419325,0.2384311725742024,0.2936302169186429,0.2891767153764473,0.3217656216817514,0.1873245588309652,0.08907641199373,0.7874415389409438,0.2111940904821286,-0.7025150072410017,0.5256778048132112,370,14,1
LS-0188,0.0189021388481569,0.0498512817919805,0.0335905900793851,0.0812896091419325,0.2384311725742024,0.2936302169186429,0.2891767153764473,0.3217656216817514,0.1873245588309652,0.08907641199373,0.7874415389409438,0.2111940904821286,-0.7025150072410017,0.5256778048132112,370,14,1
LS-0189,0.020382587366611,0.0527936681333131,0.0362103777878925,0.0864464724624487,0.2513723208415517,0.3081736509381482,0.3037658473676226,0.3381464674050473,0.2046819349618167,0.0997933242300106,0.7824329975885581,0.1915500436587557,-0.7007527775104967,0.5015730485328634,370,14,1
LS-0190,0.0201959083552498,0.0523042383168116,0.0359677473194416,0.0873225116326117,0.2583805988266236,0.3154477796884483,0.3118193607121181,0.3460702559174589,0.2064121181468743,0.1001814383977341,0.7899906767790094,0.2018144891988336,-0.7105339385667002,0.5119796503362583,370,14,1
LS-0191,0.0200054215344156,0.0511906033479997,0.0367747129924644,0.0855869620189147,0.2500764577959845,0.3065844130885551,0.3031836595357305,0.3367671622920145,0.2032903100187124,0.1000341273453699,0.7798784983300754,0.1947866685853231,-0.7082167121328303,0.5012153507832878,370,14,1
LS-0192,0.0208785158224648,0.0530046304721463,0.0384281771307249,0.0885871549893842,0.2540360630876553,0.3095628601759174,0.3061011323425336,0.3400854564755837,0.2083506976038822,0.1037062834900414,0.7723210574550078,0.1865271528594922,-0.7016014896532166,0.4896543579326774,370,14,1
LS-0193,0.0224245816712428,0.0516396829508366,0.0393122830648085,0.075586204216961,0.211687737657359,0.2727338392995907,0.265365326633166,0.2953775630730975,0.1647179764803398,0.0840768481583173,0.7385236936681943,0.2311500299517188,-0.6705789369986203,0.5152882664189058,378,22,1
LS-0195,0.0270321823972498,0.0613284060462059,0.0506429250290683,0.0939460795713058,0.2416901370001516,0.2905523381022191,0.2843951013598909,0.3235668671957939,0.2380600323542793,0.1266372377533997,0.6995204432508436,0.0884794550260637,-0.6444778513839184,0.3849921153345577,370,14,1
LS-0196,0.0269663614287159,0.0609617221491449,0.0500757411717089,0.0932196903774156,0.2409692401092783,0.289828048163513,0.2838824951937669,0.3229037792168368,0.2367963320853991,0.1254513811595669,0.7016630618100465,0.090166665145215,-0.6456045126824895,0.3880898314517699,370,14,1
LS-0197,0.0198161573986208,0.0530449421142531,0.0391453849560321,0.078375681660024,0.2269793509204782,0.2907133928006579,0.2800696400328967,0.3148276712848737,0.1728182703865375,0.0838601695451382,0.7479797273793592,0.2316751025896604,-0.6750560548918898,0.5329930934387733,378,22,1
LS-0198,0.0194752160974918,0.0530983704123565,0.0383669973076378,0.0792960606490009,0.2312251098200368,0.2966107127674648,0.2871212129800198,0.3223966274620943,0.175139436020972,0.0847544849086013,0.7595258519921501,0.2388425539004785,-0.6833563443062335,0.5399547443312236,378,22,1
LS-0199,0.0257811826597197,0.0578365622945014,0.0452894683595528,0.0879229551317719,0.2484339572057262,0.3038478881076433,0.2936052455865244,0.3324463452880772,0.2007558601851383,0.1022518589711164,0.7321440627852748,0.1863117477241823,-0.6674670021671083,0.4830513494904365,376,20,1
LS-0200,0.0248336132328392,0.0554816075674035,0.0407803581364763,0.0875158531033435,0.2524720977287673,0.3105330112802872,0.3034090444635541,0.3442976023066417,0.2136582427032222,0.1031170114826242,0.7611589553701683,0.1727341615795765,-0.6885705623836696,0.4919764420899971,370,14,1
LS-0201,0.0246889624835676,0.0574809940337749,0.0415171857619577,0.0915619779553038,0.2575860046516331,0.3124707756092627,0.3043672110425724,0.3467074527252503,0.2210039235514205,0.1052713570634037,0.7569258894852311,0.156577020893254,-0.6794562746843164,0.4835817787162644,370,14,1
LS-0202,0.0253779794711027,0.0584161045659099,0.0442697527430854,0.0928431612479142,0.2507697830813573,0.3024042979218284,0.2936497244273652,0.3350112302169186,0.22346790210851,0.1090150022753704,0.7364276715543552,0.1344156674297102,-0.6661670384953455,0.4572653353127622,370,14,1
LS-0203,0.0231549595551061,0.058877482305359,0.0367260414560161,0.0888043124368048,0.2736540394337715,0.3287195449949443,0.3196161324570273,0.3608469565217391,0.2183593731041455,0.1030469868554095,0.7911024401114378,0.1863389169215375,-0.6865261468002297,0.5098878956296481,370,14,1
LS-0204,0.0253998279787503,0.0631098507462686,0.0373284796357197,0.0941077864912724,0.2848584265115102,0.3381853933721224,0.3290027068049582,0.3705652112319756,0.219984037439919,0.1025514141158613,0.7949661500862326,0.1973919968425705,-0.6771607665976027,0.5236433118347866,370,14,1
LS-0205,0.0249342573856738,0.0632754350465398,0.0365227994738972,0.0945180443140429,0.2844805594900849,0.3363405149736949,0.3272016238365033,0.3681873381222177,0.2172370042492918,0.1005066116956697,0.7980667468300612,0.2010519167319713,-0.6750627342233037,0.529027873206358,370,14,1
LS-0206,0.0243438147717506,0.0609904352661645,0.0360054850614225,0.0901501491330063,0.2761525049289722,0.3293966786310096,0.3199440776502703,0.360483135331884,0.2090865173651483,0.0973415550275516,0.797290431146094,0.2088553270912964,-0.679096456941722,0.5327278038595561,370,14,1
LS-0207,0.0250362340092026,0.0590669970167366,0.0499743894422814,0.0922739191990695,0.2159606462051879,0.2533906456995499,0.2478513980886889,0.2826051979572231,0.23039049906457,0.1319003185518532,0.6647355181972034,0.0364799569227217,-0.6142679997851338,0.307072712447805,370,14,1
LS-0208,0.0252074371808483,0.0593422417715758,0.0507592497092876,0.0929800697709692,0.215231300874665,0.2520865261135547,0.246448268365438,0.2811013296931089,0.233281626978108,0.135488118711765,0.6571162756566727,0.0268515186925057,-0.6097319391930415,0.2924937029341134,370,14,1
LS-0209,0.0198363663936912,0.0534926852694368,0.0405183196845617,0.0875047821251643,0.2469009301385098,0.2988978161965423,0.2929833586088363,0.3335253412192903,0.2237737640279042,0.1109226771812759,0.7564453987531782,0.133142046898271,-0.6897243291127351,0.4501282135992994,370,14,1
LS-0210,0.0271657381193124,0.06258,0.0527851567239636,0.0957624115267947,0.2412350910010111,0.289883842264914,0.2826555257836198,0.3216205005055611,0.2353486450960565,0.1280223205257836,0.6867072870500768,0.090111539214592,-0.635322748352652,0.3787241131418959,370,14,1
LS-0211,0.0264606304391823,0.0615270744788504,0.0508209168184578,0.0945754553734061,0.2439093250354179,0.2940393189637724,0.2871717314308843,0.3264169145921878,0.2335435438170411,0.1246132159481887,0.6999653458490253,0.1018294793498596,-0.6446427140561318,0.3965963319899768,370,14,1
LS-0212,0.0259928726684527,0.0609263407976545,0.0498249507152605,0.0939608704443208,0.2446617954809684,0.2952406005155941,0.2885546327655057,0.3279259364100489,0.2329514482131122,0.1232335641712581,0.7060297890890707,0.1054984600323198,-0.6489806699755217,0.4029876173429138,370,14,1
LS-0213,0.0244045914239482,0.0584098300970873,0.0474960760517799,0.0913795459142395,0.2373943466828479,0.2864740847491909,0.2798040250809063,0.3194663329288026,0.2293249544902914,0.1190082220873786,0.7122416846717385,0.0987783761163858,-0.654414755448626,0.4040818465053106,370,14,1
LS-0214,0.0244738712776176,0.0584757217250619,0.047712533495121,0.0914358309317963,0.236838702664442,0.2858052125992212,0.2790881743263056,0.3187147833560846,0.229483715051317,0.1192702462207391,0.7105945498564556,0.0971998984714869,-0.6534347237446884,0.4021507177934728,370,14,1
LS-0239,0.0100987076174547,0.0377711266534894,0.0267472606558207,0.0570971010085652,0.1762506563276063,0.2131380923419998,0.2037094977446657,0.227241467741118,0.1185151538188636,0.0611352541685672,0.7430352432158982,0.2609993780468454,-0.6496062593998964,0.5335068011732392,364,5,1
LS-0240,0.0384020870269996,0.0679133529203181,0.0554486652145281,0.0962871131148371,0.2373613444101109,0.2813613241477129,0.268995866470797,0.2998322628033029,0.1972225368522365,0.125683187275214,0.6592064810840234,0.1585700695659843,-0.5927125370255028,0.4027746820693485,364,5,1
LS-0241,0.0445886438529784,0.0757891204055766,0.0640831888466413,0.0989290443599492,0.2307053485424585,0.2731456223067172,0.257696187579214,0.2923107275031686,0.1868483903675538,0.1085769378960709,0.6036173378212821,0.1539654534379606,-0.5438181106134203,0.4017312047570576,364,5,1
LS-0242,0.0378867558392866,0.066159365658408,0.0531043420985965,0.0842168262653898,0.2023560267517859,0.2395033946395094,0.2248841161270708,0.2547906267416526,0.1552899123473678,0.0863323402746111,0.6194148554281041,0.1861092448019201,-0.535661652372786,0.4491505891886519,364,5,1
LS-0243,0.0287135248809161,0.0579403263403263,0.0413006840985101,0.0854312404986318,0.246275995743387,0.2970039475017736,0.2844329988851727,0.317462364447147,0.1818710803689065,0.0911763656633221,0.7407877423166503,0.2144247957307924,-0.6551079343840224,0.5084642362410349,364,5,1
LS-0244,0.029432334904465,0.0579731995337286,0.042353068775024,0.0853478485631746,0.2407040443971415,0.2897270183974455,0.2782031878769447,0.3100242815873497,0.1800426131468247,0.0918976737114185,0.72956196032802,0.2084364474631123,-0.6479296841071672,0.4977294603337652,364,5,1
LS-0245,0.0314041210462286,0.0609476834955393,0.0414611263179237,0.0882553984184914,0.2486022556772101,0.2975691757907542,0.2864741180048662,0.3212666818734792,0.1915712641930251,0.0962088452960259,0.7388528208674366,0.1900898081227879,-0.6417056613884372,0.4874572268022906,364,5,1
LS-0246,0.0330199776898894,0.0607913497616874,0.0480906652469323,0.0853724571544467,0.221452925666768,0.2640316651455227,0.2525808437278165,0.2822351080012168,0.1738937988033667,0.0952873288713112,0.6773089015468121,0.1808759434325589,-0.6066279963311529,0.451549026514703,364,5,1
LS-0249,0.5097823732251524,0.5156678600405683,0.4976837373225153,0.4949695182555783,0.5307452738336719,0.5432690669371197,0.5360863235294122,0.5445304310344832,0.4004307302231239,0.2983915872210955,0.0369973634357984,0.1511791656298393,-0.0186525871415186,0.2973270815426971,362,5,1
LS-0254,0.5009070531009322,0.516904159910823,0.5086009323064451,0.5090811511957841,0.5542081830158087,0.5713044892582082,0.5641803607620591,0.5782757448317795,0.4780958755573569,0.3767738194162952,0.0639755190962816,0.0846788990013049,-0.0529497050904938,0.2059821997532355,364,5,1
LS-0255,0.4853538523925383,0.4969238645579886,0.4854445762368209,0.4849809965531223,0.5271832420924575,0.5439271289537713,0.5235663371857256,0.5492181924168693,0.4197636405109489,0.3287972272911597,0.0423335956236173,0.1132424840080944,-0.0286709964499639,0.2350916599574458,364,5,1
LS-0256,0.280801484521457,0.2944364138420223,0.2838251051324921,0.2881976997517352,0.3434420073972741,0.3619322541419668,0.3690506713279625,0.366663956021685,0.3417848153214772,0.2546461721639558,0.1842456309128539,0.0670755554951841,-0.1541120372303737,0.2328636316368703,364,5,1
LS-0257,0.122489013384709,0.1451966436828229,0.1362913506388156,0.1555882275400526,0.2519141350638814,0.2840856367876697,0.2757692455891299,0.2969493003447575,0.2302232863516528,0.1551034222267288,0.3730153362258117,0.1285360083367664,-0.3447629185323986,0.3400903217758474,364,5,1
LS-0258,0.1079282962437269,0.1314680336594516,0.1209191210016729,0.1440243878947635,0.2546755563440969,0.2913676838850307,0.2829153647285448,0.3064881685000254,0.2243676737466416,0.144300552542201,0.4512254848461602,0.1472583997901211,-0.4062841079439251,0.3771719658939667,364,5,1
LS-0005,0.0276120478265275,0.0711611156145506,0.0449415695612524,0.1187154473604214,0.2780465852669976,0.3249392440976796,0.3278507143580909,0.3595264565812138,0.2165480241159184,0.1042816698753673,0.7569764405421389,0.2024885535184773,-0.6431523382860121,0.5149427893012862,13,12,1
LS-0020,0.4965360585197937,0.4981369089804601,0.4736182950288552,0.4840710235901595,0.5265772400526477,0.5556836488812396,0.5323334970132633,0.5576768907563028,0.1678960463703554,0.1601082312443051,0.0583829169622525,0.5204359742754265,-0.0332100287884911,0.5375312821834787,20,20,1
LS-0068,0.0555139374588211,0.0883228979778014,0.0829826060513912,0.1175061476863818,0.2705066342303989,0.3361697937256095,0.3184320257462875,0.3662116111702398,0.2192223607521159,0.1370802544219755,0.6184315200571054,0.1864421312654611,-0.6003418050161294,0.406220889968801,17,16,1
LS-0070,0.8488092816951388,0.8555354894307294,0.8222706392254269,0.7815514979469759,0.7990258376843918,0.8325589598012874,0.7645537638769195,0.8332676078471126,0.3343802554874028,0.2059457139960459,-0.0363461611637383,0.3919868399706819,0.0561829799467382,0.5760889713044437,18,18,1
LS-0049,0.2704267071935156,0.2829826494427558,0.2693136626139817,0.2796319148936169,0.3428858206686931,0.381959493414387,0.3713012816616007,0.3910853394123605,0.1908828723404256,0.1603161803444782,0.1596305475277938,0.3206030952735307,-0.1357331815513639,0.3967050547765642,13,13,1
LS-0073,0.1356444641499873,0.162534380542184,0.1517968077020521,0.169749353939701,0.2511304433747149,0.2895444489485686,0.2910618241702559,0.3015462123131492,0.2284460501646821,0.1701061971117304,0.3152146372039339,0.1207509622014886,-0.2840220673449659,0.2633482885868674,20,20,1
LS-0016,0.3545356795378533,0.3661678118982467,0.3461383044491739,0.3439653542110062,0.4091760058781799,0.4463529644268771,0.4253750836120401,0.4544013428600386,0.2924861964122833,0.1930867639606769,0.1036887590957418,0.1849925405311417,-0.0758577318526254,0.3753509894282283,13,10,1
LS-0031,0.7487321032087999,0.7416107010695999,0.7090401429512851,0.71095207583515,0.7318223855629341,0.749784341258174,0.7300583008060021,0.75412298879708,0.54189682668424,0.3848940386272622,0.0146030399369675,0.1479349105389479,0.0078558701062864,0.3095695450896903,8,8,1
LS-0071,0.8082637244457974,0.805508182417694,0.7627662202607418,0.7816191700908032,0.8073194592400953,0.817022863085274,0.8147430020798458,0.8085943489068129,0.1597692436463247,0.2097738751077968,0.0329487046886461,0.6721039489934744,-0.0057002685180953,0.5904924006588543,8,8,1
LS-0003,0.0259681882662883,0.0470629800385044,0.0573280170230013,0.0831311379065761,0.1394844918431452,0.1637015705745263,0.1677658932009322,0.1859079542000202,0.1386613689330225,0.1077492299118452,0.488206162285583,0.0962348079847192,-0.5600400890711633,0.2159773148340538,12,12,1
LS-0015,0.5779552608894073,0.5867837837837839,0.5779571015668578,0.5679495918056892,0.6097419299224177,0.6352497540692663,0.5927644237107652,0.6482244612342172,0.5616720348866688,0.4204637594442472,0.0130135407770385,0.0274699581048217,-0.005423802075811,0.1709821415025168,11,10,1
LS-0001,0.0200189457678662,0.0377260415610745,0.0423036188545362,0.0537350836289914,0.0798632336543335,0.0907201165737455,0.0903283578307146,0.0974751241763811,0.0929489964521033,0.0691232336543335,0.3976120632132952,0.0645388635016192,-0.4210226763962177,0.2423395381012152,11,11,1
LS-0006,0.0214057866734228,0.0528059082847732,0.0597846110970357,0.0867152723587535,0.1655727691917912,0.1966439574360273,0.1898178464656701,0.2202520344565493,0.1980703217633646,0.1367498505193818,0.5241898895313017,-0.0227093073160519,-0.5623743858366007,0.1665476846126104,10,10,1
LS-0029,0.7089683495539331,0.7270572181670723,0.7116131944444446,0.7063972120843469,0.7313795823195458,0.7566284975669096,0.7250225719789134,0.7605649482968369,0.15733276054339,0.1495804186942416,0.009328718100756,0.6433967506887007,0.0014062694876712,0.6579524399370327,9,9,1
LS-0048,0.8748570849587112,0.8753573433304626,0.8334651400780183,0.8491158518668628,0.8586536602664774,0.8595079132681499,0.8574996352398804,0.8474062566492728,0.1300618673691676,0.1544365672019859,0.0142139346410004,0.7366037651347181,0.0103051741157947,0.6947736724648477,18,16,1
LS-0050,0.8204944002432475,0.8183905234885728,0.7768991942431461,0.7893867227486951,0.8052396442507473,0.8119791009983277,0.8091982567273097,0.8023903005118332,0.1195209851517761,0.1416428622105103,0.0203636843908441,0.7426113856935166,0.005647858268299,0.7020695906062859,10,9,1
LS-0051,0.818942102595296,0.8172494728304948,0.7760287662205999,0.7890643400243311,0.8055905058799677,0.8130246096918085,0.8075357613544201,0.8033765206812653,0.1191973844282238,0.1422055150040551,0.0198966698902605,0.7427634754369767,0.0059781079240638,0.7005415034119938,10,9,1
LS-0052,0.8132066822027457,0.8120978874309738,0.7710406859516693,0.784007361061857,0.8013793454582296,0.808830979279599,0.8046749683367951,0.7992173261056794,0.1181574547849435,0.1405957545974973,0.021344488392537,0.7439247985607514,0.0045910568811685,0.7025272293571925,10,9,1
LS-0009,0.7773723820133682,0.7759862821551553,0.7473698703666196,0.7501275116467492,0.7606834919991897,0.7781030281547503,0.7566313702653433,0.7797753342110597,0.5026384697184526,0.3260185993518331,0.0061626017386129,0.201706923230114,0.0126310326378919,0.3977562110787618,12,11,1
LS-0014,0.4922621409392572,0.5009629464511881,0.488436004863468,0.4903723896853943,0.5242197325092458,0.547937382846142,0.5407247378286641,0.554979279598764,0.3983872080652516,0.2882716500329296,0.0530014478903876,0.1575215272354303,-0.0384957021288231,0.3134188387824159,13,11,1
LS-0036,0.0557660470063823,0.0869330614932631,0.0767754128254483,0.1071723584236652,0.2303932377671968,0.2973155100800325,0.2788835072434402,0.3261453246884813,0.2367111792118327,0.1406534089757877,0.5521752622222972,0.0674825278042389,-0.5087387268096895,0.3152758036478614,23,21,1
LS-0037,0.059819966553489,0.0897618253686717,0.0799772006283889,0.1104645112248517,0.235877114478285,0.3040887852835353,0.2885573810368418,0.3326304971367759,0.2441936705011908,0.1465122941265899,0.5547653676140687,0.0730349096833586,-0.5132884285488662,0.3180473000821608,23,21,1
LS-0019,0.8539404994681113,0.8500098070006582,0.8185197203789062,0.8277877969707714,0.8397767286358334,0.8473765260118532,0.8359741299832832,0.8429440200597735,0.5027807912466441,0.3438655083329111,0.0105420577201918,0.2488679652830887,0.0083340105310361,0.4170767980387037,24,22,1
LS-0039,0.0817051687442991,0.1217224891050977,0.1270026147765278,0.1626726107226106,0.2950320259450694,0.3578371794871794,0.3398864548494982,0.37893923178271,0.2527846863281644,0.1975694182628965,0.4572668523788833,0.1468721799745933,-0.4754067466756316,0.2651114901214351,14,12,1
LS-0040,0.0465938512965964,0.0827273146272285,0.0661997822123176,0.0977437601296596,0.2289646778768232,0.3005280895461912,0.2680111071717989,0.3208733944489464,0.1678682485818476,0.0904155996758508,0.5809478600610168,0.2269259389448897,-0.5047416155837379,0.4833567323750731,23,21,1
LS-0041,0.1609851390366206,0.1887256951831029,0.1871827736412906,0.2155158081345288,0.3339753330294282,0.3937219875398877,0.3807041888264196,0.4129219672795422,0.2624323101858886,0.1837831788481994,0.3427153473878067,0.1838670858188103,-0.3396852909416629,0.348666576777381,23,21,1
LS-0064,0.2631740014193027,0.3014834245742093,0.3010046076642337,0.2997192721005677,0.3996815338605031,0.4764261557177621,0.4375178426601785,0.5007133008921332,0.4114844484995947,0.2963474706001623,0.1939118015972095,0.036479107789295,-0.1905627002648102,0.2014772918041222,8,7,1
LS-0007,0.1336685272496831,0.1659808212927755,0.1863179011406844,0.1976777794676806,0.249762732572877,0.2816174093789607,0.2630747275031685,0.3050706666666667,0.3129797008871987,0.2368229759188846,0.1760965416111849,-0.0875065016656598,-0.2347754417909866,0.0518715881922589,12,11,1
LS-0010,0.9403780503877938,0.9511257210929184,0.9150614741217622,0.9273621635322148,0.9262758250114066,0.9293714502965482,0.9085658843209812,0.917904993156587,0.1755529933593552,0.2205486237136919,-0.003557839286606,0.6761448555476542,0.0228850726562593,0.6093460445482808,10,10,1
LS-0028,0.4984036264181523,0.5052246758508911,0.4831782769448948,0.4736636801053485,0.567336836507293,0.6264515852917343,0.5671740478119932,0.6480270056726096,0.4368384724473259,0.3114106614667746,0.0816012508344552,0.1295907005670341,-0.0598102177691302,0.2908800186679842,14,14,1
LS-0054,0.8660453624949369,0.8824970534629404,0.8579687778452815,0.8812212991089508,0.8755957624544354,0.8678523592547588,0.8470068094370192,0.8521592750101259,0.2423476356824625,0.2695469775212636,-0.0065576500210666,0.5553009819060734,0.0205673212373434,0.517349307480734,22,22,1
LS-0062,0.5550090609471655,0.5624533160937027,0.5447247185883782,0.5341355846263056,0.5777704543149785,0.6210087820707839,0.5697566778217222,0.6280723456038942,0.4651444782476421,0.3154532653889057,0.0230126439026406,0.101076232296095,-0.0069890272467326,0.2872973021896008,7,7,1
LS-0046,0.504210961889317,0.5023965791607541,0.4721362304885466,0.4678031775795658,0.5387264342185281,0.591480600040543,0.5765475167241031,0.6015486468680312,0.4357033042773158,0.3162655888911412,0.102329836446368,0.1402405536060678,-0.0712995073240834,0.2934070888080334,17,17,1
LS-0057,0.4095679101829792,0.3897847382026458,0.3491170054234881,0.3537558619291396,0.4427161842972272,0.4865013482690454,0.5234147752040138,0.4963422626590296,0.3458802270768917,0.2313593441127274,0.2248620560636284,0.2059755119566444,-0.1702520170100756,0.38581871499519,9,9,1
LS-0059,0.657126416434187,0.6615788536647221,0.63813494293685,0.6360732640121732,0.6878985087496828,0.7221952066954095,0.6745597260968803,0.7350880953588637,0.5099901394876997,0.3870058128328685,0.0277697061257557,0.1390741592384268,-0.0097191060186251,0.2710544162946389,8,8,1
LS-0026,0.0160220615011126,0.0466421252275945,0.0300769421404005,0.0677448968237912,0.2243193809427473,0.3037601051992719,0.2823998330973092,0.3249542686627555,0.1537375885090027,0.0662119714748128,0.7972570198383674,0.2922070541925666,-0.7061721775893937,0.6142790533527012,32,32,1
LS-0034,0.5364440425531916,0.5482927811550153,0.5197813424518744,0.5344350050658565,0.5961238601823712,0.6310594072948329,0.6174531357649444,0.6387808257345494,0.265593551165147,0.2059734599797366,0.0862973985446459,0.3997057469850426,-0.0598835158931681,0.500326233751075,9,9,1
LS-0042,0.4198956620888867,0.4298437338468556,0.407232108650484,0.4047108447777834,0.4849673693812397,0.5280296153651245,0.4959316778999644,0.5405004054122533,0.2567562864237573,0.1811369229209953,0.1010196882222534,0.3178238212644183,-0.0741297452089392,0.4649255446213371,10,9,1
LS-0043,0.3699954994678424,0.4006424712381532,0.3948100704475191,0.4118041102833106,0.5275920227053875,0.5871882570574226,0.5173073944554257,0.6108126095991082,0.3842293953676955,0.2886959910800263,0.1407297903955469,0.1492814594449654,-0.1317988964237373,0.2842953796711399,10,9,1
LS-0060,0.4608373961499493,0.4605409118541034,0.4355002279635257,0.433423237082067,0.4861360688956436,0.5261541185410336,0.5189024417426547,0.5313678216818639,0.371848480243161,0.2722513627152989,0.0891128740985234,0.1659824717315804,-0.0612759630346662,0.3136756582398831,11,11,1
LS-0061,0.837679759854089,0.8580470615057245,0.830702918228797,0.8114203769378862,0.8309266997669467,0.8666373948728336,0.8179712331543214,0.8709719475124126,0.5428158881345627,0.3615954605329819,-0.0077376203984171,0.2022318196490972,0.0239352350568302,0.38698070320556,23,23,1
LS-0067,0.7016877977095368,0.7183464173507651,0.7044762541806017,0.707964492753623,0.7300645180906046,0.7565480439850001,0.7217747694334647,0.7559156126482212,0.39912525083612,0.2903094253572514,0.0121004073911236,0.2879358626302713,-0.0023671796211146,0.4263298958475455,23,23,1
LS-0055,0.1201769495470878,0.1502796619604271,0.1596493547897373,0.1914549010677598,0.3077140225697082,0.3613940893679471,0.3404753453772583,0.3831141035372704,0.2700851829360863,0.2053151662365265,0.3727549619501171,0.1157499601715066,-0.4015137906295007,0.247736849639514,9,8,1
LS-0056,0.0126071471988653,0.0352233917536217,0.0311732549893627,0.0550214973153682,0.1576281683719987,0.1957928528011345,0.1733191014081653,0.2104399908823827,0.1142279303008813,0.0773877317394387,0.6775792823494206,0.1974547574135053,-0.6541285725055129,0.3700475017763754,8,8,1
LS-0099,1.0338267261482317,1.052862252864241,1.0247648636317557,1.040054136672412,1.033547150968266,1.0233529554902163,1.019718108080706,0.999207786677482,0.1022401754030214,0.1422174287742066,-0.0024692012928314,0.8177556387494544,0.0159923665704507,0.7552141811450643,366,20,1
LS-0100,0.0615359787287921,0.0985235046847303,0.0896253026082552,0.1234510407698152,0.2850021068624969,0.3524133400860979,0.3354025221575083,0.3770713142567738,0.2454181666244617,0.1703920486199038,0.5976733212309443,0.1556043839473604,-0.5637237093874305,0.3312600955776986,353,7,1
LS-0107,0.0286487584878889,0.0600310834093442,0.0348992398905442,0.0830016418364245,0.2661883297861558,0.3579662460727678,0.336332851930678,0.3879553309009829,0.2034065420087159,0.0897079102057362,0.7988825231490817,0.2365885202920452,-0.6864375166553427,0.5673164564279013,349,5,1
LS-0113,0.6249449262880598,0.6155399817619942,0.5799041187496835,0.5753680682912001,0.6218563757029234,0.6489509650944829,0.6477925882770152,0.6529593951061352,0.4693237904655757,0.3288138608845433,0.0561138341081967,0.1588135792032924,-0.0265384596641703,0.3251975464795716,311,5,1
LS-0118,0.8185847985812011,0.8438133620471243,0.8310239929060046,0.8255579224727642,0.8428885330630859,0.8666424626298457,0.8498005624524955,0.8740067038256907,0.5616834000506713,0.4447435216620218,0.0111704007926819,0.2041275084640469,-0.0035340112551828,0.3129040587467947,317,11,1
LS-0119,0.0900301053484603,0.1214122062398703,0.1379395715153971,0.1731819742706644,0.2808237489870341,0.3280329872366289,0.3161611932739059,0.3492492352106968,0.2781660707050243,0.2346899159238248,0.3972109037771406,0.0624048992989887,-0.4542131744708728,0.1469699930507947,323,10,1
LS-0173,0.0125614005772444,0.0304354701503873,0.0253594004759734,0.0417166995797255,0.1042814522254291,0.1287054990126081,0.1243252569750367,0.1345927287457593,0.0863484682768747,0.0529383563724745,0.6805838335147302,0.1838710001993259,-0.6262804937900665,0.4140173014623964,364,8,1
LS-0216,0.0028206392555504,0.0539896120973044,0.0569083143680776,0.0986565417488494,0.2444054316492187,0.294808875739645,0.2753857128407425,0.3156812623274162,0.2155439033024832,0.1614531735194457,0.6630784197761873,0.1236294323615539,-0.6774176102428155,0.2699930781868518,362,8,1
LS-0225,0.9649615181919524,0.969355786966656,0.9382342099929052,0.9202637833181312,0.94157142495186,0.9529502128306478,0.9191837336576468,0.9512357859531768,0.5182471875950136,0.3289202391811087,-0.0102626070380728,0.2789619839456707,0.0265874587750863,0.4730500037603235,377,17,1
LS-0230,0.3504127560332588,0.3620549685662135,0.3507936980328532,0.373747089839789,0.4283645355911577,0.452382331170148,0.4443711671060637,0.4583309470695597,0.3603428716284726,0.3155789596430743,0.1177549331731473,0.1043640471675874,-0.1022299169934904,0.1694529131997621,371,17,1
LS-0231,0.7413944905813247,0.758741047194653,0.7502768736074539,0.7715328438322868,0.7769920802106544,0.7758741543447437,0.7861707413408953,0.7702344439943287,0.1702286510026332,0.1766412598744177,0.0233626942367664,0.6440123392293093,-0.0177536719401567,0.6330664643265724,362,8,1
LS-0237,0.7719662041023047,0.7993842947581669,0.7938579184603695,0.8195654798683213,0.8358410888832616,0.8350556039503673,0.8564830893897188,0.8334751937199294,0.4716234591035703,0.3206485338060269,0.0379399731710314,0.2898535181607374,-0.0344763207785002,0.4553030051579522,367,8,1
LS-0238,0.2078472422183919,0.1997817905302646,0.1779738720470445,0.1877225083645949,0.2416484487478455,0.2579148839095609,0.2931483321504613,0.2632592162628003,0.1949034624353645,0.1349318006691676,0.2958158949260999,0.1908682107004385,-0.2516610041549281,0.353097476322431,367,8,1
LS-0247,0.4846545145926227,0.485604565261451,0.4660798490068908,0.4806081475476285,0.5208260843129305,0.5402075699229831,0.5421267430077015,0.5376061359951358,0.4141865524929063,0.3377492146331576,0.0754578099650685,0.1337659633050093,-0.0550198633769431,0.2325645107710108,374,17,1
LS-0248,0.5094816882129278,0.5129773992395438,0.4927244816223066,0.5069394980988592,0.5448603498098856,0.5653129784537387,0.5626620988593153,0.5656110266159694,0.4284261546261089,0.3578400253485424,0.0662953618236444,0.13546469500388,-0.0462105186121651,0.2225726816131632,374,17,1
LS-0267,0.0067487727111695,0.0369295915785211,0.0283592641328002,0.0572602763297737,0.1735884204666226,0.2175464952679791,0.1955140290500532,0.2350808795991698,0.1145051014727466,0.0625395060478769,0.7505511373211323,0.258625543177889,-0.6849067400054168,0.5130654922561336,365,8,1
LS-0273,0.2059573078091765,0.2381560822445051,0.2321813481211384,0.283162893750633,0.4037958219386205,0.4326285576825686,0.4386873999797426,0.4479664489010433,0.3239580471994328,0.2969973108477666,0.3121395180441342,0.1507715313618065,-0.3005045433202588,0.1940602087419312,365,8,1
LS-0274,0.3150440147795717,0.325555656223111,0.3127393986941338,0.3318688515462873,0.4151600192336895,0.4549071012805588,0.4482743635167284,0.465407906058612,0.3148722933643771,0.2439410791112011,0.1782952928339656,0.1748234568773087,-0.1588011311433411,0.2952959313494693,365,8,1
LS-0275,0.2464624942988904,0.2749825470024833,0.2805977499619926,0.3057561698677344,0.413482567273096,0.4536779253027923,0.4139996706025439,0.4718913393807328,0.2962140931434654,0.2208924542644301,0.1956465186946899,0.1656732445971126,-0.2071418050587698,0.3041325109398529,365,8,1
LS-0285,0.728362230671736,0.7249987021546258,0.6979441520912546,0.6742882027883393,0.7003489581749047,0.7238457541191382,0.6681930342205324,0.7285828238276297,0.3170892724968313,0.214076948035488,-0.0218082700481979,0.3575773053831872,0.0408262959049132,0.5169884045903199,371,13,1
LS-0332,0.1181789145636972,0.1485853805614675,0.1484726664639708,0.1865702949224688,0.279919615891355,0.3052459460829025,0.3059335715009628,0.3238126836931186,0.2642392368501065,0.1994658457484544,0.4248900349977412,0.0891416821498221,-0.3927020647169512,0.2453403101485134,363,11,1
LS-0339,0.6562795023816763,0.6619849701023617,0.6394029644268776,0.6629126735583257,0.6949656177156177,0.702471191851627,0.7093295479882437,0.7023624404580927,0.5131700162156683,0.4048922772879293,0.0520239436181759,0.1604251462210186,-0.0347434386376438,0.2732132714541788,402,11,1
LS-0077,0.0426708569692058,0.0653741491085899,0.0688975030388978,0.0789345269448946,0.1158766815235007,0.1317000861021069,0.1263874645461911,0.1361536365478119,0.1314692564829821,0.1110555459886547,0.2977265350229705,0.0360680968073097,-0.304573872830592,0.1390171907821392,221,7,1
LS-0091,0.0683351403384335,0.0977906981457088,0.1031415442294051,0.114371491539163,0.186755750329314,0.2304188316952072,0.2118022342689229,0.2487907386766643,0.2428755902320398,0.1903815938798257,0.3439819734962108,-0.067782614551499,-0.3660692010635227,0.0600620724855139,354,10,1
LS-0123,0.0294918842195975,0.0621175191362092,0.0479212044406143,0.0906664520707659,0.2166625538601916,0.2604160845541643,0.2592679373447559,0.2849082475794596,0.1983433162670451,0.1052552947736604,0.6856509818676495,0.1316305550485177,-0.6110935364999409,0.4204491412740177,344,12,1
LS-0124,0.8203712779439354,0.8334861154762513,0.8282938257210936,0.8354370862269989,0.8458916459674565,0.856434110609825,0.8351505652151877,0.8617017742180769,0.6347710751761549,0.4795167486186447,0.0039033258838087,0.1365475282132438,-0.0006854052257736,0.2708794949544768,349,12,1
LS-0130,0.0623567698846387,0.100073471969237,0.1277022515685083,0.137152307225258,0.1852757285974499,0.2172855798421371,0.1981592491398502,0.2296724600283343,0.261353470957296,0.1905434072050192,0.2306142382249026,-0.1349634924653296,-0.3267767721702068,0.0271446984780633,358,15,1
LS-0131,0.0669099848024316,0.1135218996960486,0.114959493414387,0.1213352938196556,0.1428790222897669,0.1582146605876393,0.1485615704154002,0.1582942198581559,0.1253251266464033,0.0888287386018237,0.0291228992669613,0.1781241275492745,-0.0300390689659235,0.3322556231904052,350,7,1
LS-0151,0.062099006437877,0.0858141683986414,0.0880992092056572,0.1089147919095656,0.1933935165002282,0.2319012419526538,0.2192433314746286,0.253402397729001,0.233896917929741,0.1646038931413798,0.4282157988657686,-0.0323538782887327,-0.4369457000531759,0.1449453311202419,358,19,1
LS-0153,0.0326593913264012,0.0624353842252092,0.0502942277453715,0.0917818615267562,0.2327715647983767,0.2826456150139487,0.2756620644179557,0.3110029165609941,0.2170211666243975,0.112563444078113,0.692109971559743,0.1193148074013908,-0.6302169401177902,0.4219439577000627,360,21,1
LS-0154,0.0438756438856215,0.0754708983978908,0.0742070269722166,0.1079339636990468,0.2300822804704928,0.2747296694382478,0.2646255019265868,0.2980924863110929,0.24502587203407,0.1605947323058203,0.5638500850635075,0.0387561978326385,-0.5561380267735575,0.2465174146654376,360,21,1
LS-0155,0.0765121299675588,0.0976359742497972,0.0974438665855637,0.1174896593673966,0.2016946472019464,0.2387959347120843,0.2246614101784267,0.2583135137875102,0.2318035482562855,0.1662987276966748,0.396324953598216,-0.0151725375806164,-0.3940507200878588,0.1519881941354946,358,19,1
LS-0160,0.0548715639090126,0.0812524393332995,0.0794259030346015,0.107179897664522,0.2085905010385531,0.2514052890217334,0.2379774254014893,0.2746727949744162,0.2366442018339327,0.1563091342013273,0.5034491715385596,0.0042261433418777,-0.4903401571613777,0.2190696173299371,355,8,1
LS-0161,0.0684505092991435,0.0875871889727867,0.0827223078092534,0.1036353722191253,0.1878153245831855,0.2229291744792986,0.2112109005219682,0.2428413469822125,0.2068834186388283,0.1407773627932904,0.4277115092962767,0.0028207211640306,-0.4025609269302282,0.1971983338467835,365,18,1
LS-0221,0.0263353466200111,0.0645554338455297,0.050035666108829,0.0888224250722653,0.2192396977534357,0.2671580962523454,0.2514585729499468,0.2893525381611643,0.1744633652822151,0.0900839900603478,0.6648588536281907,0.1837431107035637,-0.5868072380977661,0.4755637612134221,370,18,1
LS-0268,0.098142228976697,0.1365049189463019,0.1322440425531915,0.1577231408308003,0.2935629888551164,0.3527588196555217,0.3154329736575481,0.379441833839919,0.2611991236068895,0.1626408713272543,0.4863583722992109,0.1093002190417566,-0.4616243537777938,0.3527878696530629,362,5,1
LS-0280,0.4606922176622585,0.4715610072452754,0.4567126057658206,0.4395975274864469,0.4932834321325428,0.5364872321021431,0.4978190657141411,0.539895637634899,0.3569384708922329,0.2731347722551552,0.0433894661047751,0.1648467080382462,-0.027396502796113,0.2914948036988601,367,12,1
LS-0132,0.0184286749429946,0.0426621281986318,0.0341787990879148,0.0564259082847732,0.1460286445401571,0.177119721307322,0.1702105649860653,0.1891506004560425,0.1061651431466937,0.0581445502913605,0.6811808756948611,0.2435429137934,-0.6042537459170381,0.4979738623406404,351,8,1
LS-0135,0.0315820453048193,0.0646583489585973,0.0454933917802665,0.0981661480768256,0.2793537171236001,0.3328707900471293,0.3316609841382456,0.3614920032432981,0.2000324279126336,0.0968152739066538,0.7576817773335252,0.2466108208824246,-0.6720710678429132,0.547273748220374,370,22,1
LS-0295,0.0222419929006085,0.0490082352941176,0.0439915567951318,0.0732066277890466,0.1772172971602433,0.2232831997971603,0.2160202586206897,0.2370421196754564,0.1533577129817444,0.0961953701825558,0.6652284546989263,0.1688567483133927,-0.632510104942783,0.3835325889845331,385,8,1
LS-0298,0.0234549036511156,0.0630153600405679,0.0538629665314401,0.1086071906693711,0.3020945334685599,0.391331201825558,0.383809523326572,0.4167747312373224,0.2179208569979716,0.1258875152129817,0.7543494028639618,0.2755040276699759,-0.7186590159753402,0.5059476346176851,385,8,1
LS-0299,0.1130392040557668,0.1481709759188847,0.1461889531051965,0.1768583523447401,0.3217417794676807,0.3892573637515843,0.3776724664131814,0.4045720506970852,0.2742504689480355,0.1946469049429658,0.4450518834392892,0.1580862135926988,-0.4414972163674721,0.3197387930574294,369,7,1
LS-0300,0.5714832724875774,0.5822830544569517,0.565073521955177,0.5657762042389208,0.6049879576107902,0.6307743078795255,0.6080947013487475,0.632782811073928,0.5222965368623875,0.4443785113071697,0.0367511603833343,0.0758648832465578,-0.0217721648434226,0.1555122708229468,369,7,1
LS-0301,0.443870791928615,0.4587103325897382,0.4482766223889679,0.4521184901642668,0.5036944078280269,0.5363075998783209,0.5105207462989253,0.5420804096532144,0.4512391249239507,0.3874624416953965,0.0658351315129509,0.0615365805836459,-0.0543383395320282,0.1371987106098114,369,7,1
LS-0302,0.6212826371286626,0.6337859069248708,0.6177278008719459,0.6157549528541011,0.6519587295954575,0.678211563418838,0.6457823836560883,0.6778480736084355,0.5089282621920308,0.3689109956402716,0.0225794957327515,0.118446482077611,-0.0098646038680793,0.2725963691572022,369,7,1
LS-0303,0.6306555899203975,0.6378383258125032,0.6162711656441718,0.6162113927901434,0.649253855904274,0.670472037722456,0.6580134107387311,0.6696751406986767,0.5513838969730769,0.449557709273437,0.0328540698924364,0.0881522161612951,-0.0156348206554968,0.1881518018174642,369,7,1
LS-0305,0.0352246882287336,0.0748071327182398,0.0587164148839095,0.1040873010240292,0.251576832606712,0.3219385988036093,0.3080082834837269,0.3452936226300314,0.1976613048768123,0.1005288654567575,0.6830605332251101,0.2191558194858412,-0.6093385510723474,0.510064570049069,362,6,1
LS-0311,0.2715983168567806,0.3046146210392902,0.3058295614702154,0.3298279138149555,0.438361723700887,0.4773033206590619,0.4568747173637514,0.4922151787072245,0.3769177997465145,0.2961894752851711,0.2164505271707774,0.0937669366002123,-0.2210714695501208,0.2118632903271547,365,5,1
LS-0083,0.4509223952277438,0.4659627015823264,0.4499626661948333,0.4663893888074416,0.5208318487437441,0.5501818108285729,0.5171488246296952,0.5644778272079267,0.4392062281987766,0.3533186037106314,0.0747604095516496,0.0815044879053455,-0.0565746895815362,0.187099832541186,376,43,1
LS-0087,0.4498397030505726,0.4635315344076215,0.4495243792439444,0.4457043376912944,0.4941050572615789,0.5185791628661195,0.4924856339312858,0.5254889074693422,0.3890831306374784,0.2743391152325934,0.0463557101186352,0.1171369801580238,-0.0310426639956046,0.2842351486669252,356,22,1
LS-0092,0.7180245007602634,0.7483976381145466,0.7442174759249874,0.7671358692346683,0.7842835732387228,0.7873363862138872,0.7866876381145465,0.791140466294982,0.5573027166751144,0.4413129650278763,0.0291335510127488,0.1703397843789565,-0.0258762803533574,0.2814611071072001,354,10,1
LS-0093,0.0324910247959028,0.0587941483697581,0.0530826175143248,0.0804387150753005,0.1954494903909538,0.2537401500938087,0.2321245322245324,0.2773378784037321,0.1695856700978652,0.0944177475787232,0.6207876976076259,0.1491613818805147,-0.5866950166907434,0.4146355408368217,363,19,1
LS-0126,0.4491465842286639,0.4694563804986824,0.4683304226636934,0.4791029343198864,0.5263153608351916,0.5500554632069734,0.4997743817149805,0.5599164656395702,0.3648464068518144,0.2812714930062842,0.0357897058743534,0.1553489849104033,-0.0355325413433054,0.2789476714947802,360,8,1
LS-0127,0.58800029917347,0.6052645048425535,0.59652716393692,0.6074145124486588,0.6445247451954772,0.6646107550327061,0.6196156178692767,0.6720886314081439,0.4379457735408953,0.3330611784392271,0.0195786947182405,0.1705267682030402,-0.012801364869766,0.2984501426603754,360,8,1
LS-0128,0.2316420023306479,0.2555698231747478,0.2650422151289458,0.2805604752495313,0.3502611693773116,0.3816453057708873,0.3669528499771999,0.4002970512235901,0.3215951005725286,0.2339201449055073,0.2011833598820851,0.0725609513723035,-0.2235868664636411,0.2329510662393659,360,8,1
LS-0136,0.0726528726314722,0.0952073766339041,0.0942521278751645,0.1158010690039517,0.1785736143479582,0.2006669470057756,0.1890526193130002,0.211184132130915,0.1550662681122707,0.1227611814773533,0.4534827567466379,0.1286419916314558,-0.4737633942786542,0.2738527888744701,356,8,1
LS-0137,0.027623164614683,0.0579967269595176,0.0514485737447433,0.0944133100268531,0.2200494300045599,0.2586103612504432,0.2526715255611289,0.2827254141966863,0.1943545776967117,0.1029846734559456,0.6657730629419146,0.132049822036802,-0.62594403572076,0.423542870590906,356,8,1
LS-0138,0.0389928357754905,0.079743431526644,0.0951284642295796,0.1306704862343456,0.2314010748871874,0.2640018759823555,0.2523805303452821,0.2786367844648378,0.2465233686558839,0.1549654109415402,0.4779781489719537,0.0211355898776751,-0.5286077066039456,0.2542736746405699,356,8,1
LS-0139,-1.45079558123038e-05,0.0229120958751393,0.0178448109861153,0.0433614472484037,0.1138788689571298,0.1329024424850512,0.1357100587817979,0.1445758589236849,0.0862033343468126,0.0442797050775311,0.7856217830296712,0.2413062559977317,-0.7231880177495106,0.5217946410624714,356,8,1
LS-0140,0.2071656915432974,0.2352157625228148,0.241402205435003,0.2597338217400121,0.3140117065503953,0.3371641908335024,0.2977460657067532,0.3506668170756438,0.2724287467045224,0.2266956601095111,0.1826683003088796,0.0391052467378773,-0.2030180128741069,0.1415811682612354,356,8,1
LS-0141,0.4205516593200588,0.4576872473020216,0.4700254800628262,0.4854471297562953,0.5343170238638092,0.5584060495516037,0.5234723868875717,0.576216415868673,0.4981995034706388,0.4117962253635303,0.0760999414945859,0.0252422804696356,-0.0863551382509714,0.1211295646598188,356,8,1
LS-0142,0.1406501570733685,0.175778151601135,0.1669912646939603,0.2141868413052291,0.3434118869071748,0.3883314501418727,0.3806184181191733,0.4135067997567898,0.2911727756384274,0.2113473044183219,0.4300281906375021,0.13742119831646,-0.4062631523490476,0.3009383513349024,356,8,1
LS-0156,0.0211020979020978,0.0482717340630384,0.0306317979122326,0.0775933009019965,0.2466003699199351,0.3071159927029491,0.3027385426168035,0.3373682172899565,0.1888751241512112,0.0814720127698388,0.8152696081401135,0.2309201942228536,-0.7243627411278761,0.5751657283998479,357,17,1
LS-0175,0.7475191060206773,0.7656528126900467,0.750957439691871,0.7407991536590312,0.7785012416379485,0.8120225369957432,0.7455610885870667,0.8253040087168053,0.602899244881411,0.4371892408270829,-0.0018532622296221,0.1066063161115255,0.0134851466683208,0.2607847038213383,363,7,1
LS-0176,0.9861221118264308,0.9912777310285394,0.9567910123181426,0.968252719622852,0.9683589648704822,0.9740007755867588,0.951843818117301,0.9662786181375782,0.5438520961119278,0.3839953819638056,-0.0026666842050701,0.2727048458159116,0.0203593999715244,0.4250449595867901,363,7,1
LS-0177,1.071197903054247,1.0695226156105966,1.0301288912525957,1.0454536240692909,1.0426938611153316,1.0334119333434633,1.060138271792534,1.01813166691992,0.569049658106671,0.3778300308970266,0.0142156564938792,0.3015638887981866,0.0045730772136641,0.4748565830818038,371,15,1
LS-0218,1.0273007856454963,1.03075219727305,0.9938503117238584,1.0027807288762736,1.0012995387500627,1.0087779816513769,0.988490693902377,1.000328754625171,0.503019129200669,0.3105375437173703,-0.0027621222722074,0.3257205674850747,0.0210023248455666,0.5223607067507329,361,7,1
LS-0219,0.6995592924839085,0.7163254878110586,0.7143593887790787,0.750355977902793,0.760445502001926,0.7501708479043129,0.763759333029243,0.744470123156454,0.2134581217373675,0.2518839187066037,0.0334199746079193,0.5631095292906866,-0.032046948839029,0.5039723483417763,372,18,1
LS-0252,0.0193977550296457,0.0625352404601429,0.0570307353164749,0.1015268940353722,0.2388583692292097,0.2768832666092331,0.2693647240662848,0.2941948411290732,0.2102347590330918,0.1259618000304058,0.6485298626037819,0.1198065455931004,-0.6177812384391856,0.3632453979404044,364,5,1
LS-0253,0.2103833147547629,0.2417336441021483,0.24214778070531,0.2690812373327929,0.3636434890555331,0.3958576661937577,0.3752866791649778,0.4142379864207542,0.3423482721929468,0.2629837505066881,0.2628934682229668,0.0590434500844334,-0.2646257065063244,0.2031365209852932,364,5,1
LS-0270,1.050034552619613,1.0640565048249384,1.0283559591774871,1.0888749254787045,1.0789854948719249,1.032174617288941,1.057515657050473,0.9961721366139544,0.2196233314808265,0.2824000808366594,0.0139888615036768,0.6559950380050082,0.0030771281650322,0.5784037868775023,375,18,1
LS-0271,1.0755454246879892,1.0692037441261173,1.021207730786721,1.073432029710475,1.056359875701076,1.0039813804254456,1.068522429387095,0.96361985751099,0.2097216916780354,0.2746647769188012,0.0226165554265484,0.6718420367470237,0.0003376034310374,0.5909937436772368,381,24,1
LS-0284,0.0244581740010116,0.0651507789580172,0.0457582144663631,0.0866246383409205,0.2549775316135558,0.33893717754173,0.3220883965604453,0.3630926049570057,0.2033112139605461,0.1011946181082448,0.7198925016193541,0.2136103892898462,-0.6262490585954475,0.5066187458765432,376,20,1
LS-0288,0.0880612623574145,0.1210791634980988,0.1063378910012674,0.1371374093789608,0.2961260430925223,0.365268390367554,0.3489397313054498,0.3911517870722436,0.249355351077313,0.1385291863117871,0.5708598062642342,0.1695371591935625,-0.5189262734730066,0.4386044445423324,374,6,1
LS-0340,0.1221624892573681,0.1470841514584702,0.1410896061877559,0.1702884889540468,0.3335834538193215,0.3987745665032101,0.3834698599666347,0.424644168646681,0.2224068196754461,0.1467858450027803,0.483046617860987,0.2680135917292883,-0.468116019276921,0.4508013310810375,429,38,1
LS-0342,0.0294301470959914,0.0528555274730829,0.0316521862204923,0.0664223019764443,0.2522925036647627,0.3290990244149019,0.3204612596673911,0.3556677905272203,0.1559225547186978,0.0767594702522368,0.8196668004060047,0.3448616909883318,-0.7164297406578412,0.6128805375561706,425,38,1
LS-0106,0.0866652617163725,0.1256727328058429,0.0990737421383647,0.1473007658754311,0.3708871373503753,0.4739446946642319,0.4467041134104281,0.5034592310813552,0.2645983972408196,0.1455941164536416,0.6723843379895714,0.2659994250172309,-0.5885868817733245,0.5266143691740304,353,9,1
LS-0143,0.0368359707851491,0.0639407181984175,0.0498516534794075,0.0958814719009941,0.2471977835260702,0.2960646074254411,0.2938550415905863,0.3227893639683506,0.1950704250355041,0.1043982197200243,0.6964020038225007,0.1922227534898896,-0.6317321828946714,0.4640534851757011,359,11,1
LS-0145,0.0509097525103965,0.0815405822091489,0.0777609848869053,0.1154094583629171,0.2406070088244243,0.2833016583832031,0.278781433208236,0.3061610863170706,0.2241075768333502,0.1424929201744598,0.556218172934639,0.1027260343140864,-0.5393142807351221,0.3178885233954844,359,11,1
LS-0146,0.0477840290104985,0.0859805345640817,0.0846844296799716,0.1256744129431454,0.2527706141907998,0.2957384997717704,0.2894825328396815,0.3209485215803622,0.2429152051529136,0.1516871227874422,0.551780327064803,0.085811876164977,-0.5405210245859857,0.314059962725974,359,11,1
LS-0147,0.0374270205861474,0.065047910962377,0.0520129753574688,0.0975672447013487,0.2464518710069973,0.2970912077882567,0.2947585488287192,0.3253035087719299,0.201349741405537,0.1038124530980631,0.6989714561317539,0.1869649339941904,-0.6363210953164468,0.4781793935281765,370,22,1
LS-0148,0.0435905140945041,0.0750389677550192,0.069443104846887,0.1109858750760494,0.2453101297911173,0.2928848255931858,0.2876693114986818,0.3197709744473737,0.231537127357534,0.1376787061447981,0.6095564743435425,0.1056116582085394,-0.5823994243544138,0.3519537129385472,359,11,1
LS-0163,1.0811971408293626,1.0898467656899522,1.062163601338335,1.0791420206833615,1.080373578018858,1.0857647368954684,1.088136809287235,1.0792980279833717,0.560307092162628,0.3802629676568993,0.0120743180897919,0.3206038079541897,0.0007915932843138,0.4826282938046028,374,18,1
LS-0259,0.2233255336409268,0.2431106981696497,0.244781711707144,0.2667374537342189,0.3624943974040461,0.4150139684632155,0.4029033463469045,0.4274438219337828,0.299341170207372,0.2343558231506362,0.2464721485646182,0.1472793733868931,-0.2504425108761056,0.264282275194385,367,8,1
LS-0260,0.3874065168881224,0.3997379196673087,0.3870878233086518,0.3936944010548737,0.4699140328633732,0.518941860229232,0.4923812962775127,0.5248906430672481,0.3378262653413122,0.2556936301856172,0.1200057368071581,0.186210646098413,-0.1041008447617556,0.3166050276194744,367,8,1
LS-0261,0.1495528496095731,0.1841231467396816,0.1922735473075753,0.2221538991988643,0.3323294442754285,0.389552362843525,0.3740186948585335,0.4043812595071495,0.2737448940269751,0.2108839874252104,0.329765093122383,0.1557343087641625,-0.3505937741481369,0.2797946556024039,367,8,1
LS-0262,0.3052019428803327,0.3185128696799067,0.3096359153857861,0.3191790493582915,0.4041220970932889,0.458007046111703,0.4406253741186022,0.4689566935524781,0.3145245117435195,0.2411302389286257,0.1749125373940164,0.1670256683215096,-0.1612004499846157,0.2928252315025069,367,8,1
LS-0327,0.2233572956803893,0.2509729466639626,0.2482589028594604,0.2742387801662947,0.4084578229568038,0.4918201936726828,0.4711457817886835,0.5107841512877712,0.3251749036706549,0.2346002281484486,0.3108975035639996,0.1831659365879375,-0.3064499298726943,0.3348929106033284,365,8,1
LS-0102,0.5515224556962025,0.546373787341772,0.5128652506329113,0.5120811746835445,0.5755397063291139,0.6100044810126584,0.6009662582278481,0.6191097873417718,0.4450162784810125,0.3560938075949368,0.0802710406756719,0.1494802142789371,-0.0486287293824791,0.2566739391303177,398,71,1
LS-0103,0.5589100820336238,0.5692111504962528,0.5476773850516505,0.5514846566740937,0.6120529673891029,0.6463940095199513,0.6105230453716833,0.6566130646141382,0.4764600769698199,0.4038614239416649,0.0543164983951974,0.1233133321588772,-0.03514563200554,0.2037266412868084,398,71,1
LS-0149,0.0154906474820143,0.0377377647178032,0.0376444523254635,0.0573524470564393,0.1275265427094944,0.149370017225656,0.1510498784071335,0.1602787060492451,0.1249141959671699,0.0839995744249671,0.6307156073846423,0.0982907886162431,-0.6303580962227007,0.288624593322505,358,10,1
LS-0150,0.0233864281370362,0.0562043685384147,0.0639189489154672,0.0960409487127508,0.1882439742550172,0.220935865599027,0.2159894384755726,0.2401350293938779,0.2199028228258667,0.1559056355159132,0.5683516494861429,0.0093736824241409,-0.599341759375196,0.1985067284869456,358,10,1
LS-0217,0.3242275348365848,0.3335598327843933,0.319176382062326,0.349442822396757,0.4245089384342538,0.4475746491005831,0.4440824372941476,0.4558081834304535,0.1943672105396503,0.1806381403597669,0.1636464304749696,0.3910946471235884,-0.1421253765790532,0.4216808944741686,364,10,1
LS-0235,0.3889296949427385,0.394843275565015,0.3700558579102058,0.3993647106516673,0.4902938177764265,0.5215567852437418,0.5623957129826697,0.5293258994628562,0.3991507601094559,0.3151878686530861,0.2096193365630467,0.1701351968670126,-0.1784292738336955,0.2820764875233623,364,10,1
LS-0250,0.1078695211553078,0.1472878946034963,0.1522652748923233,0.1914336762097796,0.3198950342031923,0.3738222852799595,0.376139711173043,0.3930566962249809,0.2654641550544717,0.2081712389156321,0.4351800690449047,0.1707368770701012,-0.4491028613170376,0.2856480100436659,367,10,1
LS-0264,0.9436396393658508,0.9788000101301724,0.97552419591754,1.0201639771058095,1.0235430532340573,1.0009688041331102,1.0301091728713978,0.9806299701159904,0.1747863495922605,0.2146430127133667,0.0272155277122519,0.7098711725521727,-0.0255408346120256,0.6551224765038357,370,11,1
LS-0266,0.8592252000405146,0.8875049731591209,0.8847471386609951,0.912911090853844,0.9287230882203998,0.923102532158412,0.9301597741314698,0.9157707991491948,0.2799497771700598,0.2860434923528817,0.0250192689447471,0.5373260297459829,-0.0234652382812887,0.5296188059272842,378,19,1
LS-0276,0.891344751101433,0.9195746341216388,0.914896723552945,0.9572244746037376,0.9606401934471064,0.9408820985466142,0.9746599635387656,0.9242635792778648,0.2281200486149794,0.289743064769332,0.0316277704036496,0.6206797721014895,-0.0290803728820197,0.5416936956432592,368,11,1
LS-0279,0.930234587913479,0.9617807355250492,0.9579051415835056,1.0008251658983838,1.0064866572108804,0.9853030292285084,1.0152315840129678,0.9652625500227948,0.1816179271566789,0.215966957094372,0.0290526815763644,0.6965514042259576,-0.0270356401539191,0.6492166815886972,368,10,1
LS-0282,0.8688858142364632,0.8953276921516939,0.891301678158589,0.9330931707564384,0.9413613465828432,0.9233111792739808,0.947357244980734,0.9084801358750756,0.171177088825796,0.2033737679983776,0.0304873775589129,0.6939272809565685,-0.0282357084162087,0.6465317930310678,364,9,1
LS-0291,0.3917894203486015,0.4042496706526147,0.3904445835022295,0.3986659505472235,0.4767408340089179,0.5105386451155249,0.4863800314146741,0.5225622010539116,0.3339171209971625,0.2179582488852858,0.1112349281094247,0.1852607408735089,-0.0945635336562912,0.3802178359215934,379,9,1
LS-0292,0.3609616577160807,0.3807802411591851,0.3690737055426081,0.3839691964738068,0.5049195713851454,0.5560518542912147,0.5318112068092005,0.5738770392136989,0.3957892187658324,0.2867656297497212,0.1812787426101155,0.146814714427917,-0.1660921927472676,0.2996560876250923,377,7,1
LS-0294,0.5794217885024839,0.5943241204501674,0.5910675757882998,0.6096384974145796,0.6333867585927203,0.6461956199939167,0.545526852884518,0.650268250025347,0.2807809996958328,0.2091797272635101,-0.0420567011146332,0.336589527843679,0.0453716496495551,0.4596017821558628,385,9,1
LS-0304,0.097098103929024,0.1198840152091255,0.1080501495564005,0.1552682636248416,0.321079391634981,0.3794611406844108,0.3908098048162231,0.4002732522179974,0.2418397617237009,0.1677906007604562,0.5733097733795538,0.2358019305580945,-0.5381834193147427,0.3995076766643315,371,10,1
LS-0313,0.5495516642180456,0.5663319418410251,0.5529775165915192,0.5680221997061654,0.6391793150615532,0.6674844926288058,0.6559546836212575,0.6787146309336846,0.4755032372460612,0.3204260144890825,0.0853378374667287,0.1594844962079004,-0.0734866763852761,0.3436494284376918,376,16,1
LS-0324,0.6635813665855637,0.6857529805352798,0.6796884276155719,0.6963750304136256,0.73853799675588,0.7508192112733172,0.7473223844282237,0.7558745640713707,0.396183936536902,0.3380279805352799,0.0474052509799159,0.307102383853503,-0.0429707514818192,0.3771236919626844,372,17,1
LS-0325,0.0282571341710579,0.0632826611268747,0.0601720054722334,0.0943647294284556,0.2135536532225374,0.2638279945277664,0.2586998682610457,0.286347846574787,0.2154800972841507,0.1390955512768545,0.6211340636582168,0.0866036630407263,-0.6050116770207838,0.2971504847776389,361,9,1
LS-0326,0.0246861934437857,0.0538987688098495,0.0435473425545928,0.078700344530577,0.2189279981760145,0.2799532451740384,0.2694300704261033,0.3012873537011705,0.1695079140700207,0.0806558848862542,0.6995133709067681,0.2143531690447652,-0.6457488745974509,0.5217462232777067,358,6,1
LS-0094,0.0490667831813576,0.0781150455927052,0.0465988145896656,0.1044258814589666,0.2921305319148935,0.3531552026342452,0.3460124265450862,0.3832648125633233,0.2336090020263424,0.1383789361702127,0.7421238545799071,0.1939970409093933,-0.6397483715124549,0.4315854912321019,358,12,1
LS-0095,1.0352995795126398,1.067753118192411,1.0521050002533054,1.062073114139521,1.0660177161963629,1.0800371953999692,1.0523144941486402,1.0809943766148231,0.6323475556005873,0.4466368914332032,5.300436134283216e-05,0.2496175807118551,0.0073842783321499,0.4046094817707253,369,23,1
LS-0096,0.8021373055682223,0.8124573795409636,0.792021234230126,0.797263869889041,0.8109006586613973,0.8238102092516592,0.8074740791407,0.8261358463798953,0.5281603232507472,0.3978229518163853,0.0096893374929651,0.2097369503075243,0.0031169932956012,0.3409510108638801,390,44,1
LS-0129,0.0376035752266167,0.0669314123664354,0.0566345115713779,0.0952287790550463,0.207790084569808,0.2501986985364866,0.2437149440421328,0.2704495872790803,0.1934583987441129,0.1172892388717273,0.618524912134801,0.1109341347813859,-0.5627485367426684,0.3475064677307998,363,11,1
LS-0158,0.0385701888511973,0.085142752265708,0.0855673889929623,0.1346364234722292,0.2604052807452787,0.2977675003797276,0.2759541086527264,0.317957500886031,0.2240902080907294,0.185285362766442,0.5412889523243116,0.1057557725107096,-0.5373685961216387,0.2036322130089055,350,11,1
LS-0159,0.0848711825778677,0.1060905444416308,0.0913025424158014,0.1302295973664218,0.270769880982527,0.3183325449480881,0.3093860622942516,0.3410625728032413,0.2351515928083058,0.1758134768295771,0.5527610751233509,0.138247480959236,-0.4958304418777108,0.2818947723564282,350,11,1
LS-0162,0.2869638946568751,0.3153030691314258,0.3116473183084327,0.3431151633324894,0.4276703570524184,0.456280471005318,0.4324245783742721,0.4687775690048114,0.336847439858192,0.2531218738921246,0.1691360163105581,0.1226751715075218,-0.1659188726046514,0.2591995182347682,367,11,1
LS-0165,0.5079996555741276,0.5154753786152053,0.5044418730689355,0.5265758800587547,0.5670266778098566,0.5808916932583701,0.5838694828546825,0.5875178898850226,0.4606642100997818,0.344847763764372,0.0736968503899093,0.1177859463352568,-0.0627589779025297,0.2569918067981343,367,11,1
LS-0166,0.3017563734927551,0.3174287617793088,0.3107158476036072,0.3408511500658627,0.3921864170635323,0.4034390414429019,0.4118216283311379,0.4116362346742325,0.3113861232141048,0.2568176968284527,0.1494505608491204,0.138899889498151,-0.1391975240775259,0.2321425640688792,367,11,1
LS-0167,0.3180793645162925,0.3230614554299904,0.3058965945370699,0.3194661784827447,0.3814740130745451,0.4107899559114173,0.4134752799878376,0.4150065322049359,0.2738883697359752,0.2156002229767395,0.1513946705979563,0.2036351746990788,-0.1240826481506917,0.3155443250920598,370,11,1
LS-0168,0.3447825846964096,0.3480283131614928,0.33211156124981,0.3334668101483772,0.3874591836734694,0.4245560692763458,0.4082190661872689,0.4303022737631034,0.2740969058591178,0.2153798501038133,0.1041235744667092,0.1965674239918439,-0.0807558235401081,0.3096159392558941,370,11,1
LS-0169,0.3248658732972097,0.3290726034334331,0.3138236137134756,0.3319990884691347,0.3989493442041829,0.4328643540791007,0.4206225148123768,0.4435257710031902,0.2952215982174508,0.2554143768673723,0.1491811137495503,0.1759788281842041,-0.1249979208540608,0.2452427207862185,370,11,1
LS-0228,0.0483127526979784,0.0572120839033287,0.0367058823529411,0.0551355626488321,0.1383750113999088,0.1636004863961089,0.1844294624309671,0.175512965496276,0.1187141561534175,0.0722961696306429,0.6681823481492267,0.2191420948645727,-0.5246552413751283,0.4420236287260348,367,11,1
LS-0283,0.8151966504509981,0.8195051383399207,0.8022293148880102,0.8096813621161442,0.8174410509780072,0.8183786510590855,0.804321283064761,0.8113193827911214,0.3754926472078645,0.2833034559643253,0.0012978183752907,0.3635077802095903,0.0093554337436422,0.4791872622758658,367,12,1
LS-0289,0.4441256686930093,0.4513037284701115,0.4301625937183384,0.4588050962512662,0.5098716261398176,0.5165660486322188,0.521612619047619,0.5159794326241136,0.2165335511651469,0.1965070567375887,0.0960985937327041,0.4133097049489438,-0.0722866301267917,0.4527268559901501,382,11,1
LS-0293,0.0187856209481361,0.0464014688006483,0.0393896474878444,0.0818714090356564,0.2166116237844409,0.2606832607374392,0.2552013320502432,0.2821206797001619,0.1397043760129659,0.0927128596029173,0.7301972950299715,0.2897480043145344,-0.6902071374447486,0.4639544423894091,381,11,1
LS-0321,0.0387085993716428,0.0690562683693118,0.0588442941116854,0.0862873264416742,0.1881795581230363,0.2249057768318639,0.211157266646397,0.2384940660788486,0.1483014746123442,0.081826431539475,0.5528186012666028,0.1818191180091724,-0.4836284545071728,0.4426338759462394,370,11,1
LS-0329,0.3968330025316453,0.3813293620253163,0.349800288607595,0.3515607848101265,0.392860111392405,0.4066014784810126,0.4394749620253164,0.4082829670886076,0.3098810734177215,0.2265067696202532,0.1434413124848472,0.1690400893323644,-0.1035262569069021,0.3127804355746309,360,11,1
LS-0335,0.9394629978716936,0.9337087260565524,0.8925190027363946,0.9213975676497416,0.9147664487686232,0.8966853248201074,0.9144667021384418,0.873073294821121,0.1159718556805513,0.155319955406912,0.0121460293463582,0.774913589368482,0.0104114600023921,0.7096265683219379,402,12,1
LS-0336,0.9318082092575712,0.9247753317127522,0.8841422819811608,0.9105606401296464,0.9042021270130662,0.885605768256862,0.8961538691380531,0.8615609338600224,0.1139667173098349,0.14989548769371,0.0067469014814651,0.7744381615646099,0.015718128202341,0.7134645209321347,402,12,1
LS-0337,0.6762475859972639,0.7021465373119208,0.6995175236840769,0.7132522974821415,0.7360569380414407,0.7485790870864782,0.7175611631794921,0.7573993160747757,0.4167058057652362,0.279250676326055,0.0131097778683423,0.2678573893360754,-0.0107526364378192,0.4428685972086328,435,45,1
LS-0215,0.4180130968068931,0.4262096097313737,0.4126608920425748,0.4129242980233147,0.4877468474404459,0.5363735529650278,0.4957247643182972,0.5553775114039535,0.3455208768373035,0.2770327217435378,0.0917264819480897,0.1789976954309063,-0.0755611487873507,0.2835712291707272,366,10,1
LS-0318,0.0248931967961066,0.037786129980736,0.0274581820946973,0.0420423958227719,0.1341016627800872,0.1757144834228936,0.1610662830781709,0.18545293521241,0.079993232282267,0.0332636368244955,0.7683069472494007,0.3614015418860873,-0.6743607898769991,0.6883047973147509,368,7,1
LS-0319,0.4064781856903808,0.417582409614117,0.4047850717509254,0.4063451396987982,0.4897557679630852,0.5348931646468232,0.5078356827747071,0.549009669895036,0.398310562344709,0.2982490644490645,0.1134483447214883,0.1208457717067247,-0.0982572959023712,0.2601802472176095,369,8,1
LS-0320,0.1157955536402352,0.1534176181301967,0.1545167460961265,0.1827616102210504,0.3698939008314743,0.4605097850334616,0.423956372946664,0.4926426738998174,0.2713027225714865,0.172771045426891,0.476466983473423,0.2205936489693315,-0.4813292787964864,0.4222842527560255,369,8,1
LS-0322,0.0760880060805675,0.1045349733975171,0.0880086800101343,0.1179607803394983,0.2881797669115785,0.3607305649860654,0.337412698251837,0.3893818900430708,0.2236851786166709,0.1101816417532303,0.6558592254120691,0.2127511488792189,-0.5831615024644832,0.5337000969189013,361,7,1
LS-0080,0.0372780034440842,0.0582395056726094,0.0532081746353322,0.0834619074149108,0.1834696414100485,0.2214719661669368,0.2170610413290113,0.2456200820502431,0.1890207759319286,0.1213841774716369,0.6083898168978811,0.0717579760099718,-0.5730094268192035,0.3121293610834003,339,6,1
LS-0081,0.0725188725117763,0.0852665349744213,0.0721849364331662,0.0926465835992504,0.1651940738489591,0.1887505394316973,0.2038006533961404,0.1975561211568657,0.1620755964139189,0.1009582687534823,0.509618533356583,0.1378390173534471,-0.4735796955646033,0.3839429880625212,338,5,1
LS-0082,0.0794750532076618,0.0964227374075199,0.0774235127191648,0.1127988902401945,0.2380372605655213,0.2834502381676293,0.2804957433870478,0.3094757322387756,0.2243510489510489,0.1153342961386438,0.6097809209702406,0.1125209806016374,-0.5257448970198788,0.4235657906009559,338,5,1
LS-0088,0.0468327573976489,0.0753113447507093,0.0620504712201053,0.0921915535062828,0.2065951661937575,0.2507334008917714,0.2395121554519659,0.2688518798135387,0.1862711593027968,0.1144224209566274,0.5811101192358915,0.1201391848373327,-0.5148607664476297,0.3472714133692974,345,11,1
LS-0097,0.8441002635580331,0.8329074455144451,0.7934863152559551,0.7754324784591988,0.782053552965028,0.8033708312214899,0.7735502736948805,0.7958798631525594,0.1506566548403447,0.1496236644703498,-0.0127218092881842,0.6739781787227225,0.0369491469084208,0.6758500513607992,365,19,1
LS-0098,0.7958082117527863,0.7853566160081058,0.7463366362715298,0.7181398885511656,0.7324035106382979,0.7620908611955421,0.7252902228976695,0.7588460840932116,0.2858188804457954,0.2262202127659574,-0.014301273224008,0.4346522454488774,0.0397620025332788,0.5245031586921535,365,19,1
LS-0108,0.0151965894140269,0.051028357453699,0.0373871419896771,0.0827768748102418,0.2269771025199878,0.2866934419593158,0.2648435178625644,0.3083648567958707,0.1610700283372128,0.089686448740006,0.7560688369234501,0.2414074331370522,-0.6799346099964962,0.493452909363376,351,7,1
LS-0117,0.8320738795376189,0.8581571080916648,0.8468529253701076,0.812648144392618,0.8308468870411678,0.8824614834719126,0.8294386534171565,0.8957883086595012,0.4240081727844249,0.3479693114986817,-0.01038915218571,0.3234854382705605,0.0170176998054528,0.4089464733971702,317,11,1
LS-0121,0.7782930174941853,0.7946442714126805,0.793110536960259,0.8092919253716252,0.8132145768025081,0.8195973758721813,0.8142724036808575,0.8195299878653048,0.2513573212660532,0.2733228789564162,0.0131651423512752,0.528263504484108,-0.0121990494469066,0.4974013622230034,331,14,1
LS-0125,0.1560200476118118,0.1746969457529252,0.1768287494301778,0.2018166438737781,0.2700120447753634,0.2937976042141521,0.3005590741022134,0.3086521602593325,0.2638989819176418,0.2480221242972193,0.2764477068018982,0.0660097930071535,-0.28920949796847,0.0998537694455223,360,8,1
LS-0220,0.0566654758285193,0.0940293655619743,0.0896883753927232,0.1154235633931286,0.2258854616398095,0.271197370021283,0.2490210905036992,0.2960510844228236,0.2484131752305666,0.1649736951454343,0.4696329552831731,-0.0001870279412324,-0.4495326748879774,0.2042753811270725,360,8,1
LS-0223,0.0430836636423539,0.0673982107557402,0.075092858229003,0.0916897004409752,0.1537294591717776,0.1793435196918242,0.1681562471488672,0.1957752597698819,0.2012029296973997,0.1504094835014446,0.3869596453532417,-0.0937117105074498,-0.4299116963931863,0.0526779708825744,374,18,1
LS-0224,0.6018702953244517,0.598920074970873,0.5765963122435541,0.5715673471455348,0.6124960488323794,0.6263734005369537,0.6018339344511425,0.6276981713185757,0.4417776201813487,0.2908112051061242,0.0217750025118833,0.1540877262915427,-0.0026780305345561,0.3493516082310905,369,7,1
LS-0229,0.7355332354727675,0.759877303097793,0.7514797479246805,0.7767826584328806,0.7933299200242965,0.7923309728690017,0.8200522423567523,0.7897914253897551,0.505440959708443,0.3421352196800971,0.0436468596691435,0.2373559675449126,-0.0380901886891749,0.4112181269043021,362,8,1
LS-0232,0.8675461931501995,0.8908872312439928,0.888629013001467,0.9295472150553952,0.9314905246117268,0.9062890119896791,0.938736935296201,0.8862144533818987,0.1805714372438913,0.2130268224819143,0.0274201647073168,0.6773513743220132,-0.0261519904361244,0.6300837140478406,363,9,1
LS-0233,0.8973969545201596,0.924048034603126,0.9238274700258006,0.9540649921586484,0.9606470582283606,0.9526246319623612,0.951597946071736,0.9410624879850252,0.1550435017959224,0.1757555977133605,0.0148117738142447,0.719814619658583,-0.0146892963587179,0.6882191354069691,362,8,1
LS-0234,0.7478404332860904,0.7806925339137479,0.7772430502125939,0.8082383630289531,0.82479008908686,0.8254334025106297,0.8415887730309782,0.8269723020854424,0.4705302439765134,0.3051687487345615,0.039746276893088,0.2827983469275255,-0.0375383571300632,0.4677603942048267,368,14,1
LS-0236,0.7755341441167527,0.7756201733049558,0.7416830292895512,0.7127237508867947,0.7494146853146852,0.7714530201682376,0.7374109911827306,0.7784973244147155,0.5624276071754334,0.4143117664943752,-0.0028855822345472,0.1346642969967125,0.0252562511866216,0.2808720257087292,375,16,1
LS-0272,0.8593539034398908,0.8480895587415778,0.8221342266578857,0.8271293783879632,0.8352182785348805,0.8347492780789303,0.8151706469426008,0.8279827904149147,0.3548959572420083,0.3148400628197983,-0.0042491998302018,0.3934636526190404,0.019793563172542,0.4428398874044633,365,8,1
LS-0277,0.4819292584155907,0.4882390331561625,0.4720453961022525,0.4752242723361172,0.5316476132624651,0.5584219944317893,0.5292422728423184,0.5648285041761576,0.38155483168818,0.2727107213363704,0.0573495924366457,0.1621346833873575,-0.0405714165731992,0.319871469415721,369,14,1
LS-0290,0.3656994984294254,0.3736389806464688,0.355636781842132,0.3509323285033944,0.4287068294660048,0.4777099604823187,0.4570236295470665,0.4866782247441484,0.354744827236802,0.2690669166075591,0.126061428058927,0.1262734706894948,-0.1012203245652338,0.2594462515639884,376,6,1
LS-0152,0.0654014602241038,0.0946415859656238,0.0900502712569081,0.1198384069360645,0.2346065710084673,0.2787142878872382,0.2716393702783553,0.3032541550474065,0.2534772245601581,0.1644414085078334,0.5165511120302057,0.0347351688040488,-0.4956724218599102,0.2484541284649998,349,10,1
LS-0310,0.8356336696410461,0.8259420604339891,0.8022057493409047,0.7789270584060025,0.8016264195903468,0.8114160971405397,0.7902506083958631,0.8137597647535997,0.4186174406814033,0.247594063070371,-0.0076150596528905,0.3078412535436411,0.0221965849386142,0.5236153819197953,360,7,1
LS-0111,0.3592170831854819,0.3551641709332388,0.3325601155776349,0.3104574289045472,0.3520948294216051,0.4013753282303443,0.363050190094794,0.4054498758047347,0.2195398438688093,0.1373998682009429,0.0450140719212822,0.2588625193874483,-0.0115593475488499,0.4759358145698497,321,7,1
LS-0112,0.9370249188640972,0.962391612576065,0.94627226673428,0.9517667342799188,0.9622158012170382,0.98526962474645,0.974416186612576,0.9889355223123734,0.6167730831643001,0.4077974847870182,0.0146556627152164,0.2247821906860682,-0.0062066002207982,0.4099381710647272,321,7,1
LS-0114,0.2963313622071205,0.305959473577442,0.2830025763261995,0.2933040318490719,0.4010511918044425,0.4582802261892689,0.4438147885181055,0.4762719849883355,0.3175546404300638,0.2200886854650573,0.2335717597296581,0.1698615165412056,-0.1934144813221438,0.3447862162884326,313,8,1
LS-0134,0.034033392494929,0.0721125709939148,0.0748452890466531,0.1097046805273834,0.2014447565922921,0.2329853752535496,0.2251454513184585,0.2510603448275861,0.2117779918864097,0.1335665618661257,0.5013379831058609,0.0302764224785158,-0.5094386434461564,0.2585587645849622,358,10,1
LS-0251,0.6062670973953582,0.6151048849701024,0.5901676598763556,0.5912169707104492,0.6379990726664642,0.6637117512921862,0.6664176852133376,0.6687953683997162,0.4687810580723625,0.3211497314279926,0.0624885095883255,0.1747805664161725,-0.0412239961545601,0.3500612022219991,368,9,1
LS-0265,0.3194372180260558,0.3409026866730879,0.3296725351041721,0.3471986566634562,0.4354973690880522,0.47147608860952,0.4610374866933647,0.4844626451056929,0.3529458305875199,0.2741842043899224,0.1664998597041659,0.1326789131786163,-0.1503051045827628,0.2540224742613443,368,9,1
LS-0269,0.4886761279529557,0.5088016475717326,0.500228992193045,0.5050079539693806,0.5545086991787489,0.5812544053533406,0.574309723207949,0.5867724272533711,0.4362214082936221,0.3062942917976274,0.0701295513555596,0.1370121195042049,-0.0613055379055601,0.3047996052924755,366,9,1
LS-0296,0.9105444883886012,0.9184277963695364,0.8931850978602572,0.8915426832978398,0.907364663827198,0.9239205607950514,0.8837079707940374,0.917894067538789,0.5218592840482709,0.3258711946050096,-0.0054942533345293,0.256729333743403,0.0197155013522105,0.4600704089131384,385,8,1
LS-0297,0.0215725207868586,0.0634972875684445,0.0516730024335834,0.0960830409653213,0.2527780723991076,0.324849072196309,0.3127851348610828,0.3471367978097748,0.1913568292435611,0.1068607584668424,0.7171188986933201,0.2381721011372326,-0.6627305916506608,0.4886501755232721,385,8,1
LS-0308,0.0176401754030213,0.0503090033458379,0.0368028946567981,0.0742133326574064,0.2152841681030111,0.2793374784548311,0.2693220419750582,0.2987148940484639,0.1562133732130183,0.0823774510797931,0.7559408506150976,0.2632285602679539,-0.6814638386974493,0.5286891564485307,363,6,1
LS-0309,0.0422949036511156,0.0844802687626775,0.0753241582150101,0.1197427991886409,0.2713966379310346,0.3388687119675456,0.3297252079107505,0.3598989908722109,0.2125309685598378,0.121659168356998,0.6292921177690749,0.2132428636442644,-0.590561873398732,0.4582486824899384,363,6,1
LS-0316,0.0151144652812975,0.0470170501773948,0.0342212468322351,0.0750337354282817,0.2450529042067916,0.3136410238215914,0.307127171819564,0.3379448454130765,0.1695068423720223,0.0818352052711606,0.796502752382038,0.2866389408447265,-0.7316731133492017,0.5766947426686281,367,7,1
LS-0317,0.0229888725465334,0.0599406654156311,0.042884160876401,0.0869390830248009,0.2820698635695085,0.3702609068316681,0.3574822437490491,0.4011024395191966,0.2066721052898513,0.096066982806715,0.7829535685691706,0.2638363274234245,-0.709344429524761,0.5728459389841949,367,7,1
LS-0338,0.0779287155312246,0.1171634276155717,0.1195986668694241,0.1576582775750203,0.323753598945661,0.406764294403893,0.3934647404703972,0.4326483880778589,0.2401487226277373,0.1543274381589618,0.5388051850103759,0.2417014458848549,-0.5485575749952009,0.4361601957258559,398,9,1
LS-0078,0.5402687075519516,0.552265276229093,0.5492578256462245,0.5506378611251901,0.5701001165737457,0.603762671059301,0.5743368018246329,0.6188323010643694,0.520147790167258,0.3942182868727827,0.0222948205467991,0.049724572016219,-0.0195310532689915,0.1870130115652445,252,20,1
LS-0079,0.0658360028384611,0.1085457144305337,0.1392489178366871,0.1664992954533934,0.2208166404784835,0.2396406508185919,0.2327623701150591,0.2487358659840843,0.2541536165036241,0.1850483197323737,0.3597823031046042,-0.0039734740830502,-0.4322005277098419,0.1742725947250852,294,11,1
LS-0085,0.0371058972668728,0.0702400841742305,0.0615115663505907,0.0846707367780538,0.1786619644034278,0.2223846610212465,0.2086101110491355,0.2363604026165002,0.1472473201156128,0.0847642005983469,0.5835796336704432,0.1732551571836207,-0.5186614364591497,0.4306969108301368,363,17,1
LS-0086,0.0562635722977083,0.0860763942405191,0.0806372287568444,0.1121967907118231,0.2258667460961264,0.2692529355100385,0.2533902453863314,0.2884965270736158,0.2013433836949907,0.175217912188197,0.5173392424656792,0.1143689345465682,-0.4933844759573313,0.1828799839520418,355,18,1
LS-0089,-0.0004681915001521,0.0102169185515772,0.0053629323460797,0.0112449437062582,0.0486918602292321,0.0641006085809919,0.0575525002535754,0.0669541637082868,0.0298814940663353,0.0142780403692057,0.5860051017000102,0.3004703716906386,-0.4848598828785946,0.5840676887404956,353,17,1
LS-0110,0.0413928245436105,0.0753162018255578,0.0641209432048681,0.0880993306288032,0.188176069979716,0.2440916480730224,0.2234459837728194,0.2623024695740367,0.1582623326572007,0.0793514756592292,0.498841901772969,0.1413153875091213,-0.4437866737648507,0.4368426723560161,333,11,1
LS-0116,0.2824954172158573,0.3008572442461725,0.3011581770252459,0.3061874987326372,0.3915082733448243,0.4326992091655685,0.4043869968569401,0.452332241711447,0.3547929078373719,0.2837768427456149,0.1468265254206151,0.0650504534426683,-0.1477143763901124,0.1750462877285707,308,12,1
LS-0120,0.3005323208762231,0.2909249987323158,0.271104502814259,0.2618335885604178,0.2886763754373511,0.3027785457126922,0.2763948379899599,0.3067821053699103,0.2081761371127225,0.1339193651437553,0.0093388245195391,0.1442353846591329,0.0261604804634266,0.3536349949282804,145,22,1
LS-0122,0.0468068065480715,0.0657686990015711,0.0493729106482185,0.0732389589985302,0.1587245400638589,0.1969417110131266,0.1988872738330546,0.2109814758501849,0.139691551365871,0.0758556180629466,0.6143204278781725,0.1786708594800866,-0.5161828375575732,0.4496288890474276,351,22,1
LS-0133,0.0327357711215853,0.062092037909888,0.0585592924839085,0.0793934367239369,0.1671472657239877,0.1971658000101363,0.1865298210937104,0.2104399016775631,0.145847610359333,0.0835077948406061,0.5424923772095933,0.1187537792225689,-0.5121448926018924,0.3830133792145909,366,23,1
LS-0157,0.0257331812420785,0.0589456121673004,0.0508560811153358,0.0867386210392903,0.2164512547528517,0.2616307579214196,0.2529797718631178,0.2838897237008874,0.1972354575411914,0.1053101698352345,0.6665604226833588,0.121188898421725,-0.6181800849308038,0.4128568374718094,361,22,1
LS-0174,0.3394401308117427,0.3588113116665823,0.3504643461947981,0.3717530852304415,0.4822399381432847,0.5215077726512194,0.5230142169041221,0.5448524362419509,0.4427557470972977,0.2883758556000609,0.2104856170068424,0.088936989763459,-0.1988124579458834,0.2982432803187921,375,19,1
LS-0281,0.0305703752535496,0.0552556135902637,0.033877971602434,0.077160953346856,0.2297969979716024,0.2930570943204867,0.2844015567951318,0.3182222160243408,0.1861186004056795,0.0774596551724137,0.7874284785958302,0.2084213910559043,-0.6742177603365458,0.5715978234797366,365,10,1
LS-0306,0.7938632024751472,0.7764155812538043,0.7527356157435585,0.7185025562994524,0.7476534388314062,0.7634812030837898,0.718915363156827,0.7687550923108131,0.5201172550213026,0.3801770592412253,-0.022996497407174,0.1606346817058327,0.0384741300575302,0.3085913088113587,366,10,1
LS-0307,0.689740823153733,0.6758956865527903,0.6573865832023925,0.6305540980282829,0.6665367783465963,0.6847502204876069,0.6480085812762939,0.6928953520198692,0.5202516397181811,0.3917622180546405,-0.0071762272560884,0.1094081408071162,0.0210586723785332,0.2467893778506334,366,10,1
LS-0312,0.5740041026421221,0.5882798620619708,0.5914104924184799,0.5720752877934987,0.6250453268421321,0.6543171357573915,0.61940188143415,0.6750301435164057,0.5726909478168267,0.4340763628987273,0.0231241272072568,0.0391869568355042,-0.0257742560412499,0.1759191801054568,370,10,1
LS-0315,0.3007576579774824,0.3178719342732529,0.3132540217060552,0.3120209757581905,0.3721153362409979,0.4260051425093823,0.3971967745207423,0.4369604371640128,0.3438243381681712,0.2622789887412516,0.1195597014904698,0.0724121791565772,-0.1122825166723708,0.205101335282766,374,12,1
LS-0331,0.0292664606343094,0.0554562873644746,0.0442999797345222,0.0765547927854899,0.2249656348160907,0.28367576755497,0.2703857077718107,0.3061442851352718,0.1694526345121085,0.093751889755801,0.7163849149944769,0.2273419004081658,-0.655912310930523,0.4834467335515826,362,8,1
LS-0334,0.2858729587179227,0.2813620904757075,0.239050699868141,0.2539262906988538,0.3367770767826352,0.3755912060046659,0.4241750633938537,0.3824671670554825,0.2550989958413634,0.1800906734962978,0.2868765326982906,0.2576115469251571,-0.2050525031820264,0.4180383810593504,408,18,1
LS-0101,0.0451095725802362,0.0755491355270496,0.0703525528570703,0.0968591593570957,0.2122878669573593,0.2678169041220911,0.2510607666176545,0.2856614713785935,0.1981891953556761,0.1271060893373218,0.5373603989740919,0.0983736273931285,-0.5139656475787726,0.3040548639988024,334,8,1
LS-0144,0.0412642650712366,0.067738716219642,0.0663726005171626,0.0953846625766871,0.1926388379049839,0.2251785225371393,0.2181528773513157,0.2412825432236474,0.1824429802768341,0.123170227652994,0.514707228524441,0.0756828131735129,-0.5081426751910066,0.2620206132081732,359,11,1
LS-0104,0.6270106055231821,0.6435806333924499,0.6236790625791743,0.6179158854826452,0.6887279959462882,0.7303657208006079,0.6915321814035981,0.7470988041550548,0.564607332151001,0.4392043020015201,0.0516842166132707,0.1010339854491921,-0.0360400685088246,0.223169193618681,335,8,1
LS-0105,0.8576243530662891,0.8655516534157087,0.8266852585202819,0.837850959639439,0.859434293816783,0.8716413683091105,0.8564271180432478,0.870163791968401,0.5427971337418342,0.3668368106547832,0.0176630589766775,0.2241278030405613,0.0053075093889282,0.4002334648389836,345,10,1
LS-0227,0.2127184089181657,0.2454939244996201,0.2462565087408158,0.260097268811756,0.352100557385356,0.403196214846719,0.3763622396757031,0.4204041398530528,0.3328485431973651,0.2348902508234101,0.2580819060181653,0.0583614420660084,-0.2620142203703424,0.2316745399343386,365,9,1
LS-0263,0.025395379471071,0.0621806363360016,0.0422910527915695,0.0989539163035768,0.3331123771405413,0.4212626709899686,0.4260635576046206,0.4493116931806669,0.2078993312392341,0.1026050309048536,0.8126001697037185,0.3391903508648252,-0.7395293698517262,0.603898440478567,367,8,1
LS-0287,0.7705842033245488,0.7887931887289682,0.78090016217312,0.8131042215690248,0.8234495185485509,0.810903390431786,0.8317033954996959,0.7985064565173321,0.1628154368538414,0.2020513886073383,0.0315040544497388,0.6725861439237627,-0.0264799613775832,0.6091092366541865,368,9,1
LS-0314,0.9540971424228606,0.9810023002482652,0.9714335157318746,0.981264640016214,1.0074160612048444,1.0172880224958205,0.9762980341490602,1.0147425191265145,0.4819144246846029,0.3079056239550084,0.002380170941262,0.3394975585444972,0.0027569872491229,0.5207198045109473,382,18,1
LS-0328,0.0281834972123669,0.0524637658388241,0.0289112823112012,0.0759597060314242,0.2642175164723772,0.3481690319310695,0.3425300760263559,0.3829192093258994,0.1836079371515459,0.0708516066903193,0.8429905707470098,0.3013297965506472,-0.7329608718343522,0.6564050515189952,355,6,1
LS-0330,0.0271832522303325,0.0721182431062449,0.0622826642335766,0.1096430859691808,0.2846580596107056,0.349172156326034,0.3347535178426601,0.3729800131792378,0.2248885999594486,0.1162805200729927,0.6827762620372662,0.1906699596417276,-0.637125095800759,0.4778369516501657,363,9,1
LS-0333,0.4699398874695865,0.4741708890916464,0.4461561739659369,0.4713850111516626,0.5586342457420924,0.5872706761962693,0.6202107309407949,0.5903188006893754,0.3730575628548258,0.2933822283049472,0.1678047369886581,0.2502851849960294,-0.1367646254185365,0.3596153142700204,377,19,1
LS-0341,0.0336157129099295,0.0720507881798367,0.0565801510466825,0.1029993055907546,0.3123037153428961,0.4005301383749807,0.4003097977596431,0.4332965127477315,0.1986372801459779,0.1127444726037811,0.7501142161089508,0.3349513491250427,-0.6927424108761782,0.5584181437594801,409,18,1
LS-0076,0.1691795329044025,0.187621921069963,0.195370910380465,0.2217035817417296,0.2759821267541417,0.2980791782765085,0.2789603374031106,0.3133367191853691,0.2790674502254422,0.2463070165661888,0.1850150593517738,-0.0002361402183934,-0.2073107998438806,0.0635986997075852,208,12,1
LS-0084,0.0310746897005927,0.0613967830183899,0.0475123157201479,0.1009762956583413,0.2486774456659405,0.2872336947160442,0.291367181721465,0.311091321748822,0.2041475404022492,0.1131856274380667,0.7159787020648523,0.1730537237803095,-0.6480095382157665,0.4376259334165423,362,12,1
LS-0090,0.4808063744616167,0.4799692728654676,0.4627953128958704,0.4733748771218646,0.5106549328604003,0.5289807347352418,0.5160244844185458,0.533873569799848,0.4419412617177605,0.3678760831010896,0.0545648248133704,0.0775062150289321,-0.0363468339000437,0.1687464330051572,354,12,1
LS-0109,0.7796171241896277,0.7786383610210696,0.7558132141410048,0.7504275830632088,0.765238690235008,0.7806417544570501,0.7499868213128037,0.7801950010129659,0.3935224371961103,0.23324431726094,-0.0039337833699803,0.3122253179024023,0.0188071823207462,0.526200557444276,344,11,1
LS-0115,0.8758981971945105,0.8766226971185497,0.8529459057071962,0.8489151314123664,0.8587706081936496,0.8734263381779509,0.8345233807666985,0.8721911378943636,0.3687749582215019,0.2728364460424367,-0.0109305543861866,0.3871268366629726,0.0246130926286896,0.5072659728288532,303,10,1
LS-0164,0.1725590148981453,0.1963606618019662,0.2021062379649336,0.2361771713793452,0.3314759095976486,0.3706849650349652,0.350413033343468,0.3912493919124355,0.3003140974967062,0.2600301459410155,0.2784172489136491,0.0773577610820872,-0.2922598046056791,0.1488373470373275,367,11,1
LS-0323,0.7273651554338458,0.7374454941934174,0.7119177493787715,0.6985843196916678,0.7509431715604239,0.7739106699122672,0.7674497236168163,0.7824896039352905,0.592533059485775,0.4072478675389216,0.0398849399823872,0.1283638577736273,-0.0218156108653998,0.3059063797723078,369,15,1
LS-0017,0.7125809130940931,0.7076680619527258,0.6712404008705778,0.6652778053348182,0.675741974996204,0.6936189806144658,0.6725240876651312,0.6899203522802048,0.3129520828060941,0.2183231563496481,0.0009532809783003,0.364981513571703,0.0254660946413557,0.510061471435402,10,10,1
LS-0022,0.7384633145982074,0.7468310851182336,0.7165143500936756,0.6938607018076864,0.7189364626057014,0.7497736239809611,0.7093730416729962,0.7525507266190696,0.4203869866828701,0.2700685908147248,-0.0049945187351259,0.2558493946179456,0.0257124591296099,0.4487273490739492,8,8,1
LS-0023,0.6984262824732871,0.7095141337924747,0.6851653162505698,0.6732800020256242,0.7078548842862208,0.7408690383349371,0.714375667189953,0.7485040107358079,0.4650887274016306,0.2915425532992353,0.0208833226048581,0.2113578011607397,-0.0034270031030503,0.4203443137478467,7,7,1
LS-0018,0.093489836862904,0.131285378457797,0.1359022747998783,0.1416044128077819,0.2183251139933123,0.2689677221602997,0.2424322423751139,0.285388960380991,0.2305694244604315,0.1648803982166378,0.281646712150634,0.0239301471678647,-0.2988933113686675,0.1890598544317379,17,17,1
LS-0011,0.2704186619361377,0.2794555701976685,0.2699795641155599,0.2905488089204255,0.3707439077546881,0.407261956411556,0.3954914951849973,0.4204028180435883,0.3097661479979725,0.2690366700456157,0.1900752133438809,0.1215365875320429,-0.1737718975886615,0.1903883103941387,9,9,1
LS-0027,0.8193031232627482,0.831148011320564,0.8139137110223882,0.8140565775509173,0.8298176075200886,0.8482303835851815,0.8389787436195479,0.8477734876434021,0.5723437610552381,0.3902835649668972,0.0150511021154617,0.1887908455932981,-0.0044703677329729,0.364927082493454,30,25,1
LS-0063,0.4820666683582848,0.4899216138036032,0.4639679218472469,0.4740968180664806,0.5488408119766558,0.6057847957371226,0.5760174828723674,0.6152642730271505,0.3631919563562548,0.2298674498858158,0.1077844374393885,0.2266329327945596,-0.0808255984868941,0.4296041272071637,6,6,1
LS-0072,0.0667237926136363,0.1017708654626623,0.093086028814935,0.1324156960227273,0.3124050121753247,0.3874638342126623,0.3744156503652598,0.4191804535308442,0.2665860541801946,0.1631319551542207,0.6078799232657268,0.167968732374251,-0.5784867549396377,0.3936103861673155,9,9,1
LS-0002,0.032396207473508,0.0624835724788317,0.0733462911321806,0.0904760989707448,0.1243960959286113,0.141134705673579,0.1426360999847893,0.1538450134360898,0.1711948638645235,0.1311638239618719,0.3344836976689105,-0.0886186822358055,-0.3938689913917989,0.0545114019773792,11,11,1
LS-0030,0.0703613499417691,0.105157056053471,0.1020904653400172,0.1321408881462352,0.2289474403767278,0.2747138437389234,0.252754610360018,0.296435176464631,0.1942781811737302,0.1601301129171097,0.427016013115667,0.1316322252341921,-0.4143025184685705,0.2255725339861904,10,10,1
LS-0058,0.3185912968591692,0.332212228976697,0.3125720516717324,0.3216556686930091,0.4220276747720364,0.4813585511651466,0.4603462613981763,0.4997250050658559,0.3527726798378926,0.2562052178318135,0.2094078768421624,0.135221048714506,-0.1813283677462093,0.2894208421634924,16,16,1
LS-0069,0.1847199787190919,0.2165747618565058,0.2011176074179164,0.2353721777462506,0.4030859900689095,0.4643281211998381,0.4529618565058776,0.4894424604783138,0.299942343940008,0.2196667865828942,0.418038089614999,0.2095214233661002,-0.3847312287356682,0.3593557062874887,11,10,1
LS-0075,0.0042855478445874,0.0253519933134086,0.0142373334684159,0.0521783749556759,0.2022456967732131,0.2538651486753457,0.2673020920925992,0.2810252064231802,0.1197953041892508,0.0482080137784306,0.8986447401378324,0.3791957677548248,-0.8276619483159885,0.6931743634346939,47,47,1
LS-0004,0.0829367373803858,0.1058504582046478,0.1265664219533188,0.1484105969318008,0.1823190775150625,0.1996247987443673,0.1919318464887853,0.2176398511467773,0.1380894536985469,0.1168284998227937,0.2073059307207905,0.1643316138289552,-0.2925541655509344,0.2447402320566432,14,12,1
LS-0044,0.1593553556951762,0.1998919841913254,0.2129648865018241,0.2523194568301583,0.3589387971220105,0.4060144912849615,0.3791735559383866,0.4235321240372923,0.2853575293879206,0.2103182965139846,0.2842538695998895,0.1403759933876715,-0.3186892508489177,0.2857537047036427,14,12,1
LS-0074,0.0289036048807655,0.0439881980659206,0.0400474507619867,0.0608602399878487,0.1449417548478557,0.1831006784466609,0.1833078122626702,0.199913908156549,0.1420824920257202,0.0877365652372031,0.633079862998259,0.1171914813636577,-0.6026088948167421,0.3453753662685073,11,11,1
LS-0065,0.0264922768965692,0.0663244514265443,0.0528227436274261,0.0843841129073125,0.2491937718542543,0.3415520600010135,0.3072419348299802,0.3698493082653423,0.1894990219429382,0.0910705366644706,0.728731852565826,0.2511194490317397,-0.6586489033701335,0.5590892517453422,8,7,1
LS-0008,0.0777273584427434,0.1143551528362143,0.1327066305064125,0.1522190196177827,0.2288205859988846,0.26524203883003,0.2429116895625284,0.2895296902722156,0.2902454503979317,0.2148514269782532,0.295667367333994,-0.0891957542759463,-0.3637823673066088,0.0617514948351944,19,18,1
LS-0013,0.7750327216505296,0.7756430526689311,0.749122005373346,0.7423677700613373,0.7628510062351089,0.7877101282506209,0.7565731079231508,0.7901019415014954,0.5548606681198357,0.3875269478379886,0.0049447288767323,0.1540104755479334,0.0124644953344691,0.3229101077246464,8,8,1
LS-0024,0.6352367155870444,0.6397907186234816,0.6104911690283398,0.6069922621457492,0.6280754200404857,0.646149185222672,0.6083431072874496,0.6427332489878539,0.1539841143724696,0.1520635576923077,-0.001753200647841,0.5960078603663278,0.0251957615313556,0.6000001321443762,7,7,1
LS-0025,0.9831611969014232,0.9742795655916155,0.9323782846438152,0.8933907346463471,0.9115394005366818,0.9408982228747912,0.8775171535618451,0.9402064249911398,0.4611771403979548,0.3172468128196041,-0.0303142300386572,0.3110597241604575,0.0522572800939511,0.4690058502357488,8,8,1
LS-0012,0.4586260256605304,0.4627872407322885,0.4490958010041076,0.4615579796135705,0.5184150109031899,0.5489912165931334,0.523111045184847,0.5607722095440946,0.4185566103757797,0.3455544601653228,0.0765229309343317,0.1110028566133267,-0.0617762404509211,0.2042267431636883,9,9,1
LS-0021,0.8112068867589635,0.8204249049140417,0.7891812617272678,0.7930735280693743,0.813115862873371,0.8330775952127386,0.8225717379177445,0.8321274202545768,0.4112802424058014,0.2268520208935543,0.0207069477544462,0.3334843658582523,-0.001289572082164,0.568015656452379,8,8,1
LS-0032,0.4776882176912153,0.4701948163927776,0.4383832572529925,0.4318935534591197,0.4983746449584095,0.5360212720632987,0.5243081507405155,0.5471142168796916,0.3840004311219315,0.291382937715561,0.0902351671637841,0.1548956836537763,-0.0550297427189996,0.2863283195663305,8,8,1
LS-0035,0.7305973327924546,0.7474867197403785,0.7276775670604938,0.6933803508949848,0.7295732620049696,0.7756948532021702,0.7083379899599411,0.7843220019268797,0.4302890573500329,0.2561439835708128,-0.0133251174671804,0.2460982982366873,0.0269282682794263,0.4710306111374552,10,9,1
LS-0047,0.2187661493990566,0.23788432983417,0.2253521628885845,0.2429639028348292,0.3470202850043103,0.4102460824585424,0.3873286069273288,0.4256003803438307,0.2911131751102995,0.2055257771692275,0.2662194894575578,0.1420273579373609,-0.2411243043220644,0.3070551398923839,12,12,1
LS-0033,0.0195523481083274,0.0543218480576123,0.0483683436454001,0.0791461405822091,0.2143373161578253,0.265703463840146,0.2585376001622881,0.2811833451668527,0.1532134242823815,0.0779610457450045,0.6397993266867169,0.2276995104459385,-0.6144090111181767,0.5000327946933656,9,9,1
LS-0038,0.6527031216743525,0.6635169817057721,0.6444023513910708,0.6719671869457257,0.7150466072062028,0.7346449855571884,0.7147640450007604,0.7413407692697512,0.4301001317589824,0.2902297319211473,0.0520372463496854,0.2488810677934728,-0.0373117160369962,0.4226776176960677,14,12,1
LS-0053,0.0458851076767165,0.0772919381808969,0.06619923992906,0.1044203901697491,0.2510982619711173,0.3144552166202179,0.3073681479604764,0.3378263440587788,0.2021433392449962,0.1341301089435014,0.6457320142213621,0.2065013207413898,-0.5986134895067319,0.3924036058480166,13,12,1
LS-0066,0.4729052599574335,0.483985623796493,0.4728215921759397,0.4811755599472988,0.530537448059187,0.5648169605756561,0.5286623340427686,0.5729989155771762,0.3978241005371441,0.2904809009830748,0.0560943809686094,0.141294356129853,-0.0444347590331069,0.2906985408076056,11,11,1
LS-0045,0.3801304228918712,0.4126323069131425,0.4152010230438084,0.4144557609521397,0.479662046087617,0.5390868928842742,0.4689994226386425,0.5598096024309952,0.398323383134971,0.2822179944289694,0.1691020223623021,0.0887539993239139,-0.1670387290867584,0.2621030847946133,9,9,1
BG-0063,0.0012873821352529,0.0293629321707391,0.0287202068336206,0.0691170181486363,0.1815224373922741,0.2124378586636925,0.2327489151373821,0.2371987224982258,0.1509992294433742,0.0725156189800263,0.7803166460565412,0.2130295269135937,-0.7759511256565063,0.5248998106531696,22,22,0
BG-0173,0.254314267619192,0.2907496732026142,0.3043750316664133,0.331408187667832,0.3880600648528144,0.41765649288139,0.3856455489689415,0.4406634696255763,0.396939651416122,0.3669596544560976,0.1177798453890987,-0.0144317863941502,-0.1402964903590915,0.024828282382059,14,12,0
BG-0183,0.0460045000760148,0.07575640297978,0.0766856484062231,0.1108974763087214,0.1929757614148887,0.224997643541276,0.2274754624233518,0.2543359499315866,0.2514952820148989,0.1640062433487052,0.4957563891250319,-0.0501488240575489,-0.5003400920344196,0.1621256322807636,14,12,0
BG-0069,0.5439787802036369,0.5568459196595917,0.546522268375462,0.5644027252925383,0.5895063471961903,0.6066806088850615,0.5850534319436704,0.6147990527328908,0.4341702041436605,0.379581915809736,0.0340508934199821,0.1480374104933744,-0.0247022754189977,0.2130043405650317,12,11,0
BG-0151,0.0211727143653972,0.0563841032402008,0.0449558034582424,0.0995352923279752,0.2269989604989604,0.2754788195324779,0.2736790020790021,0.3080921859946249,0.2091882257492012,0.1054104964251305,0.7178223930531175,0.1335579898844276,-0.658343496552443,0.4438754075695852,12,11,0
BG-0099,0.0535948510034462,0.0973283650922359,0.0821285475369957,0.1271588992499493,0.256924102979931,0.3135571153456315,0.2899085546320696,0.3449442225826068,0.2882565122643421,0.1544347455909183,0.5584927037751521,0.0028573887671831,-0.4973187723860154,0.3048854544969294,9,9,0
BG-0061,0.3095820974200416,0.3091930254954634,0.2867355010390795,0.2835496629327386,0.3211948198084038,0.3570674185209589,0.339582599219423,0.3608911399462721,0.2826698514876579,0.2087453545542095,0.0843774084742748,0.0914624726139588,-0.0468414233924319,0.2386112977913712,12,10,0
BG-0290,0.3257630676340758,0.3375759297782738,0.3308417626465066,0.3454045562940787,0.4125724745040336,0.4435657516870464,0.4279255467045509,0.4642539043076767,0.399690846821249,0.3086137906540159,0.1279493500333798,0.0341156846386486,-0.1180267049795876,0.1619896589344703,24,21,0
BG-0040,0.6097837433426322,0.6189646309916307,0.6012717575450167,0.6031852193761094,0.6518950494547298,0.6775329698199338,0.6475793152422014,0.688233492264773,0.5455208572153182,0.412597915292924,0.0370801280522858,0.0855405609544633,-0.0225927290842601,0.2216435075017318,13,10,0
BG-0090,0.3547511249619945,0.3712415425154557,0.3613037600081079,0.3571591162460726,0.426649685821425,0.4762828924698488,0.4295352842809364,0.4877021992500254,0.3941807895003547,0.2835205330900984,0.086277384463444,0.0429207294915175,-0.0727964893773114,0.2047732416365099,8,8,0
BG-0096,0.4754725932306445,0.483077705715444,0.4512923794081883,0.4650537646939603,0.540449006890961,0.5754142379408194,0.5667361927442237,0.5835182661126875,0.2211479833806243,0.1811691325496555,0.1133993843531848,0.4386281890611768,-0.0796888735722846,0.51552923499116,30,30,0
BG-0184,0.3979178916485406,0.4100012241388031,0.3985503465020992,0.4032013354241488,0.4852219788557845,0.5256559411199352,0.5028652739137032,0.544024968384845,0.4695945267843593,0.3248673124589002,0.1157234521446232,0.0342129794007536,-0.1017279634787941,0.2150428343468372,14,14,0
BG-0261,0.9043391557128416,0.9060042618806878,0.8712401162790702,0.8473656774519719,0.8622753589484331,0.8953398887765419,0.8569122143579371,0.8961781496461075,0.5273205358948434,0.2947661678463093,-0.008290879031394,0.238104233845721,0.0278470637630513,0.4881102703653361,25,20,0
BG-0024,0.0462104591061112,0.0698182628965237,0.0602842302624911,0.0885181514138036,0.2044893128610519,0.2482913600891863,0.2383969190230061,0.2653003293807641,0.15092216479173,0.1008067143001925,0.59633053236401,0.2246865305809215,-0.5469511757227312,0.405627154918224,9,8,0
BG-0182,0.2044864774455145,0.2270422706538266,0.2137838165230612,0.2366940091231625,0.3667979422199693,0.4227163253928028,0.4131880385200203,0.4395654891028888,0.2616339635073492,0.1895696604156108,0.318043338617261,0.2245837784739632,-0.2907481342243797,0.3709921557190925,9,9,0
BG-0129,0.6742688197120259,0.6804945092273372,0.6548727844250658,0.6449232407219629,0.6648427195295074,0.6940136838369496,0.6572143226526056,0.6963630906509839,0.3778289495031433,0.2815857787467045,0.0017845905313062,0.2699262732924866,0.0174030297325726,0.4001155766238364,16,16,0
BG-0196,0.0330001064854723,0.0718036205060595,0.0800535571218498,0.1176248567516861,0.2606060696719234,0.3331418893565236,0.3164997160387405,0.3532978043709752,0.2319015110795599,0.1653257339891487,0.5962532020789505,0.1542633400069529,-0.6301673781895236,0.3137525882886457,8,8,0
BG-0277,0.020977677484787,0.0495739959432048,0.0296966075050709,0.0648748985801216,0.2233587778904665,0.3105915010141989,0.2871957454361055,0.336607373225152,0.16832119168357,0.069558985801217,0.8125760547425804,0.2609662650618503,-0.7055911511517379,0.6100458959018286,18,18,0
BG-0302,0.161526623738782,0.1930482685189878,0.1805496628301981,0.2020214064797444,0.3286859301323326,0.3894924048065709,0.3656533235309029,0.4089349743953758,0.2906241190488262,0.1800630786391522,0.3388917038588483,0.1143254355766794,-0.3089396154727655,0.340085517227898,9,9,0
BG-0022,0.1765773726324319,0.198656720348425,0.1818898561734022,0.209714215537324,0.3485402815760154,0.3988445356021474,0.3913449407474932,0.4194824369492556,0.2648036412437961,0.1700318900030386,0.3653914341892177,0.1928546414284212,-0.3265892845812553,0.3942326056609255,7,7,0
BG-0235,0.8510855660186311,0.8561058981368975,0.8269906085459701,0.8260213446739572,0.8456924665856621,0.856086254556501,0.83520049108951,0.8508308272579989,0.2922784578776833,0.2115175678412313,0.0049391929395725,0.4815362927256076,0.0123605085279371,0.5958461478016269,13,13,0
BG-0263,0.8403576322724505,0.8336885566592332,0.8011016724102982,0.7813579971619702,0.8042209051287248,0.8202867727549162,0.7798218832353536,0.818923281978512,0.4456334938171496,0.2915385363875936,-0.0134603530315884,0.2727054739618528,0.033384769067499,0.4557601138742885,17,17,0
BG-0334,0.3386798035045074,0.3576522232350858,0.3398332928187988,0.3555947077889194,0.442852066241264,0.4852578699483441,0.468609303150005,0.4998289121847463,0.3766699230223843,0.2701556568418921,0.1592889971079349,0.1087680582710431,-0.1342880872117554,0.2686289375585566,7,7,0
BG-0135,-0.0068865974157588,0.0275535951355459,0.0209743704079047,0.0369762503166962,0.0649480162148467,0.0959535545984291,0.075865670129212,0.0915147504433747,0.0639656650620724,0.0446462477831264,0.5668244190817806,0.0851025633908221,-0.4671477298739743,0.2590567214173369,9,9,0
BG-0185,0.6885639497161394,0.6946672191808597,0.6740140206812655,0.6613719586374699,0.6914921989051097,0.7285553223844282,0.6881178578669912,0.7315244525547444,0.4940521644363341,0.3060794910786699,0.0103542376533742,0.1641605604687403,0.0047363552171469,0.3842681407202203,8,7,0
BG-0257,0.0244322004666734,0.0600893375266308,0.0348895911534949,0.066084630212032,0.2192416810388556,0.2879202901491325,0.2626761590747692,0.3045236329512021,0.1642539717966926,0.076594374556153,0.7654999533600153,0.2305346476182751,-0.6276594731509466,0.548476115880569,10,10,0
BG-0062,0.0069669167976474,0.0485556609035136,0.0509393854890229,0.0829450489276478,0.2281001014044514,0.2972865081377071,0.2631688434822287,0.3196642752116816,0.1569719363180042,0.1081422755158951,0.6756571092972855,0.2527650546436329,-0.688470683437651,0.4175112460532509,9,9,0
BG-0342,0.9228581381198664,0.9232905841192574,0.8876068299361117,0.875030473582801,0.8949041882162052,0.9096230960348848,0.8761981949092383,0.9087822583916436,0.4537870905587668,0.2749909998985902,-0.0064681951044298,0.3176058479487841,0.0261698709982749,0.5222488168949583,7,7,0
BG-0115,0.0218773951412486,0.0551201957701475,0.0314571080793224,0.0825859968555054,0.279639640919004,0.3718557640614699,0.3595061064056398,0.4028834964751232,0.2147342952781864,0.0909809504488512,0.83907893677024,0.2521101105093681,-0.7341210845481843,0.5960774052683231,8,7,0
BG-0145,0.1767320976400284,0.1818052820824471,0.1572800668489821,0.1793644890104326,0.2693981262027752,0.2936701559809583,0.3256484300617848,0.304122602045984,0.1981191532462271,0.1321259900739391,0.3486403562635751,0.2434844783827745,-0.2834606281064186,0.42274629484642,17,17,0
BG-0161,0.0320000355005578,0.0742189572979004,0.0351006390100415,0.0962079014098792,0.3211930824627245,0.4246884927477432,0.395377305000507,0.4636743026676134,0.2332501065016735,0.0893336342428238,0.836922474201459,0.2579066638398907,-0.6839031173943305,0.6313941897730629,9,8,0
BG-0241,0.5852291594849431,0.578198403122782,0.5509408901956806,0.5382433742269084,0.5835833569907732,0.6179911335293521,0.5844531531988238,0.6299607066815373,0.4484028338233803,0.3523189496096522,0.0295159757073862,0.131722448322816,-0.0053797288121563,0.2478022166685206,8,8,0
BG-0323,0.0329379214195183,0.0658178960709759,0.0348820735107731,0.0875526692015209,0.3288354068441065,0.4438298403041825,0.4343460684410646,0.4774035640050695,0.2349189505703422,0.1015749556400507,0.8513214771574655,0.2979792940101706,-0.7368147218075265,0.62093311859071,16,15,0
BG-0051,0.4486029056795133,0.4536066734279922,0.4261093255578093,0.4446700405679515,0.5219173073022315,0.5645539401622721,0.5394909634888441,0.5731449695740366,0.2248605780933064,0.223989467545639,0.1174208823435394,0.4116304714245441,-0.0864812148053111,0.4132411036596105,17,17,0
BG-0132,0.2073737432151371,0.2364069953837567,0.2359666514482829,0.261675812915335,0.3719960990209507,0.4350021965200629,0.3944973824379849,0.4582356465276717,0.2008024045046415,0.1701745193527112,0.251450871848306,0.3253738405117407,-0.2505774133317167,0.3972623082074697,18,17,0
BG-0187,0.637701014661864,0.6415206838820963,0.6165269849322714,0.6235638120846229,0.682228694637512,0.7110431941555476,0.6956867434427476,0.7191497437978791,0.3905950281568669,0.2818375729288214,0.0603253546268744,0.2808587267708773,-0.0405068491647653,0.4233645788475885,20,19,0
BG-0197,0.0303389766170665,0.06239970138678,0.0449244609778317,0.0881986182812025,0.2726578398623342,0.3471060633667376,0.3233244964065188,0.3773560228768094,0.1777110942403077,0.0918651331106388,0.7560103833182453,0.2906248675432961,-0.6764543072808792,0.5574786720107974,22,22,0
BG-0198,0.0858005015705744,0.1436681831999189,0.154517712027561,0.2109301144999493,0.3878068649305904,0.4631359509575436,0.4276763856520416,0.4908741463167488,0.3089658020062821,0.2595172357888336,0.4691883251877405,0.1611509436122886,-0.4970874283845887,0.2447041774203605,9,8,0
BG-0238,0.0419699949341438,0.089740390070922,0.0671698632218845,0.1162678318135765,0.2997576595744682,0.3772659473150961,0.3479137487335358,0.4053329584599797,0.2442008459979737,0.1465239513677812,0.6763550220378323,0.1751568085947788,-0.5899027011783035,0.4073107639738779,9,9,0
BG-0291,0.147605835234474,0.1820558225602027,0.1636423472750317,0.1839673561470216,0.3377657743979719,0.4231819315589353,0.3914952699619772,0.4472527503168568,0.2776175665399238,0.1839079239543725,0.4104440333569876,0.1701920770454832,-0.3651626683871675,0.3607684979895733,9,9,0
BG-0308,0.571559165824065,0.5655544590495452,0.5370152173913043,0.5408014357937311,0.5680632912032358,0.592168083923155,0.5874115116279072,0.5927922244691608,0.314198493427705,0.1743803235591507,0.0448195448720445,0.3030279352139067,-0.0189572399656508,0.5421837948254417,15,15,0
BG-0313,0.0733923193685489,0.118089126695001,0.1154246458206841,0.1231249595223638,0.1729031420765028,0.2177241398502327,0.1780384132766646,0.2248606203197734,0.1503321291236592,0.0988072910342036,0.2133616668774996,0.0843750598043233,-0.202444144801256,0.286192348332387,10,9,0
BG-0326,0.5369109253065778,0.5656278656126483,0.5529420593898855,0.5499352944157292,0.6234356947400426,0.6734590858416944,0.6304525894395462,0.6903531721901287,0.4990472382689775,0.3693446741664133,0.0654984625174121,0.1163394167462226,-0.0541976282223164,0.2611608620845764,5,5,0
BG-0025,0.057916417079834,0.0946472123849034,0.06675358696752,0.1189697966204594,0.3303472174440958,0.4381249468784783,0.4030875999190528,0.4703040878275828,0.2399974299301832,0.1421774360012142,0.7158461674683477,0.253605918998152,-0.6196881952186847,0.4785015482929129,15,15,0
BG-0038,0.7358002332538918,0.7277190507580752,0.6916792201206832,0.6772980376248667,0.7079968713554078,0.732497368287612,0.6947207139597386,0.7316962932914152,0.2745194057096495,0.2464611429440698,0.0021938069703333,0.4335368498710324,0.0231984071430138,0.4762730685122867,20,19,0
BG-0162,0.3873103401084699,0.3822093111663034,0.3582331745146739,0.335547224897359,0.3805647017081454,0.4309676871610318,0.4091313295149272,0.4381118455066147,0.2431226620710628,0.1715648030817577,0.0663285241016177,0.2545153722098436,-0.0340207705311935,0.4091064381139391,8,7,0
BG-0230,0.2212562170385396,0.2508165872210954,0.2396833874239352,0.2788972008113591,0.4511233113590265,0.5241587931034482,0.5021425709939149,0.5501992545638945,0.2437090010141988,0.1784024898580123,0.3538015630104759,0.3464946373765967,-0.3337843507589723,0.4757070468348338,8,8,0
BG-0307,0.0243078717792655,0.0605126242645566,0.0271954098194359,0.0870605295191722,0.3324703388111178,0.4559012527896123,0.4365108693446946,0.4937772215459524,0.2310515317508622,0.090892427470075,0.8827041554474614,0.3077754787517194,-0.7564999439960867,0.6553209734599078,8,8,0
BG-0270,0.3006623611745018,0.3157272224757848,0.313139185557077,0.3392850854505808,0.4296099345808611,0.4838272427607891,0.4513216440995995,0.5041058370099906,0.3457060804300421,0.2757385770069476,0.180758062652577,0.1325117814839947,-0.1767741633322506,0.2414972817869526,7,7,0
BG-0292,0.4061151794767796,0.4184404583248834,0.3956724396674103,0.3964677448793348,0.4857069357128371,0.5587450212938551,0.5172987679983776,0.5748938501318189,0.3838103934293245,0.2771314084364226,0.1332203330288277,0.1481378508654338,-0.1056472860092994,0.3023139939620179,9,9,0
BG-0318,0.7751122381701072,0.7828121468783287,0.7493624942942638,0.7525125526195671,0.7796180909874725,0.8066988030633464,0.7896954455545973,0.8082073946340722,0.528721544859766,0.3433449206268702,0.0262062591771523,0.1979448858686281,-0.0043772753208898,0.3939405322618838,9,9,0
BG-0243,0.0167368087907636,0.0430331020862872,0.0228812537978529,0.0646683005874012,0.2463811373303625,0.3181015191411789,0.3073547549118899,0.3498782053878875,0.1668259469313349,0.0650559803524407,0.861424840451217,0.2963612973583582,-0.7543687589235658,0.6506224220079738,11,11,0
BG-0153,0.0308285460813139,0.0618496552772989,0.0365295092770962,0.0870145543952144,0.2901405860285918,0.3645581415390855,0.3455555104937647,0.4019133225185036,0.2191118523775727,0.0921400993612491,0.8087885816669638,0.2239259189219385,-0.696372748930461,0.5789763603442565,8,7,0
BG-0160,0.5968514138035876,0.6132212425255903,0.5893576264315394,0.5960203962703959,0.6519114168440254,0.6908786459916895,0.6561207560555385,0.7015013428600384,0.5011405290361812,0.3849968328772676,0.0536044065981143,0.1339198234796857,-0.0337966549424042,0.2604162354573084,7,6,0
BG-0329,0.6272966026063588,0.6359742203742207,0.6086860504031236,0.6003647076720249,0.6580158866183259,0.6943288829166877,0.6542191927387045,0.7022657015364333,0.4531148319050758,0.3127405101161199,0.0360542824434749,0.1816112901419445,-0.0141412691919292,0.3531467563895503,9,9,0
BG-0300,0.9776176279941264,0.9671169342178564,0.9213560642122856,0.887844943535727,0.8933283232896141,0.9286789233807672,0.8794650630475512,0.92033105281815,0.1609779561452372,0.1611448777029422,-0.0232621666475429,0.6905588231633685,0.0474670885452735,0.6902876449811277,7,7,0
BG-0315,0.2447228069286872,0.2716251570097244,0.2709813259724474,0.2843497315640193,0.3605438563614263,0.3960367352106969,0.3655399868314424,0.4124272386547813,0.297658205024311,0.2322819844003239,0.1485553727061581,0.1023551973463397,-0.1473948013784149,0.2229058295675392,10,10,0
BG-0239,0.7700577199918898,0.7797465227088403,0.751993217761557,0.7036173306974853,0.7262877686536902,0.774969322789943,0.7130924371451743,0.7802946674776968,0.4934864101784263,0.322914857055961,-0.026551881445361,0.182007191203353,0.0446492135830806,0.3766166341425993,12,12,0
BG-0275,0.5301844565877353,0.5396652145314714,0.5226252529852257,0.506464668083384,0.5572738362679617,0.6103362527828374,0.5614104229912971,0.6244972879983809,0.4089787391216353,0.2459001821493625,0.0357784996062356,0.1570830444331796,-0.0197490596638289,0.3908164203874943,10,9,0
BG-0045,0.0186426237824675,0.0608050273944805,0.0459255580357142,0.0858395545860389,0.2113533127029219,0.2709820566152597,0.246027627840909,0.2930843648538962,0.156310739650974,0.0743769023944805,0.6853909444569515,0.2229886469670209,-0.603659999305919,0.5357312685944953,7,6,0
BG-0157,0.8047219283579066,0.8145686071844764,0.778062501899985,0.7565798500278668,0.7934263464558949,0.8228605563155496,0.7722288595024578,0.824843816182804,0.4448171049298274,0.2786621067031464,-0.0037629329187837,0.2690216837663629,0.02668251529946,0.4696650448727391,12,11,0
BG-0213,0.7996070346923274,0.7833549050392506,0.7435677386680173,0.6922154266903016,0.7076848164092178,0.7508487566472526,0.6905365155735632,0.7441516029374526,0.2588713142567739,0.1622253887060015,-0.0369786387130546,0.4546678337316109,0.0629750524140343,0.6195294656295566,8,8,0
BG-0255,0.1151700405268491,0.1566325531914894,0.1399990982776089,0.1686649949341439,0.3334789209726446,0.4183804154002027,0.3792296200607906,0.4456415045592707,0.2703451215805472,0.1727959067882473,0.4607420840448711,0.1676242801638427,-0.4153998508950622,0.3739568248788549,5,4,0
BG-0086,0.5116589248619346,0.5071105892486194,0.4864554086233976,0.4885407154076102,0.5394388812889497,0.5679430612555102,0.5480954299032277,0.5763759892587526,0.3973028373106348,0.3073313370826367,0.0595814328154388,0.1595016595883831,-0.0388406054464615,0.2814549440262833,9,9,0
BG-0065,0.8672367591137257,0.8701925112812454,0.8282964153526342,0.7777661866855956,0.8008987476550222,0.8484662069664863,0.7806941591035845,0.8516597424326932,0.5712946711960655,0.3976734928763372,-0.0295851678715629,0.1548825576178085,0.0542122931774586,0.3250434323987821,11,11,0
BG-0148,0.1253120234901027,0.1487068647800333,0.1448673568571861,0.1549071584063179,0.2633039437047535,0.3224061762770211,0.2949914747127018,0.3429761960208573,0.2284635852781854,0.1552442312560117,0.3413006789467243,0.1270937937550447,-0.3296938413154995,0.3103868520512254,9,9,0
BG-0262,0.7976028167587008,0.808300415421247,0.7829192208318554,0.7732083033588323,0.7879666751101878,0.8096301231065401,0.7849174274279345,0.8076626982116621,0.3692000354627894,0.2085585338669639,0.0012744992268786,0.360203710048625,0.0146765792877992,0.5801437739970511,10,9,0
BG-0016,0.4727241239619201,0.4769093579096614,0.4570358618594287,0.4723935790966176,0.5129431841199108,0.5253946323678346,0.5322172321247719,0.5296575551954629,0.2854588414016609,0.2359631304435892,0.0759981148631554,0.3017801287237178,-0.054807667106684,0.3856569578147978,11,11,0
BG-0186,0.0210837896765033,0.0546852702565662,0.0358925818882466,0.0803893672041375,0.2764173968157388,0.3623152266504411,0.3345628333840381,0.3976472771524185,0.1623673816042998,0.0757342257377548,0.8062245527610086,0.3465183774019041,-0.7190210061649647,0.6308322272654955,10,10,0
BG-0002,0.0083915610745058,0.027803730359858,0.0162913076533198,0.050465960466295,0.1960819665484034,0.2562174708565636,0.256449199189052,0.2835205625950328,0.1308084085149518,0.0523079929042067,0.8805362075334469,0.3244372432578066,-0.8043733065197909,0.6611706917686478,20,18,0
BG-0054,0.0380030178535199,0.0894202322986406,0.0971329935078109,0.1473650639074863,0.3287516331913168,0.4145327094745384,0.392421266991276,0.4420429803205519,0.181522585717184,0.1140697098803002,0.603177823807369,0.3674552489391673,-0.6288396394647698,0.5495686395644388,10,10,0
BG-0072,0.049319374461398,0.0822692401277437,0.0877359912809854,0.115636548892381,0.1913438231864956,0.2239057484665686,0.2173876767881584,0.243644107061388,0.2298137831398592,0.1654127845085416,0.4249152034898605,-0.0277863725080435,-0.4509104546995499,0.1357754170503264,12,12,0
BG-0149,0.0203641015248999,0.0437679517706063,0.0300856983636455,0.076121875474948,0.2244682506712599,0.2753177668574902,0.287884953645068,0.3100170272050256,0.1699902831957038,0.0759903186584932,0.810764306871811,0.2574820845582496,-0.7360617015204484,0.5823276576205556,47,47,0
BG-0156,0.0149966862288778,0.0285493473641606,0.0172065314175857,0.0469023424061519,0.194058949711626,0.2598074673682079,0.2676120206415053,0.2942611656379643,0.12282990488718,0.0468936051806131,0.8791754870376847,0.3708160069087875,-0.8072041093245187,0.7017948085473309,12,11,0
BG-0219,0.0147336933373897,0.0286018355136395,0.0173922573775479,0.0459873440827502,0.1921755805699218,0.2586955531893316,0.2597449498022512,0.2863271473481389,0.1158501723963087,0.0442906652469323,0.8744863055052419,0.3831114114678836,-0.8016150207306415,0.7086481776829501,13,11,0
BG-0180,0.3571524489692548,0.3882068378665854,0.402608053487312,0.4166391227270423,0.4159485437876714,0.4133402725016462,0.4113692042749327,0.4109138884667981,0.2219775464721672,0.1970316061388846,0.010763385222465,0.2990331245551634,-0.0289683096886084,0.3522967005751712,208,12,0
BG-0268,0.7093138142552978,0.7015540961168003,0.6600495285410118,0.6842013383351923,0.6987088867484539,0.6945464412450574,0.7528956149244654,0.6881210280847613,0.5714669978708307,0.4786474348575484,0.0657110340149041,0.1369931582942366,-0.0352996177302746,0.2226866369920723,207,11,0
BG-0005,0.0395854186742405,0.0566657655829994,0.0582978749302632,0.087339894507278,0.1648792260485875,0.2024843688187858,0.2150567378404423,0.238797524978445,0.1970116346300147,0.1078433686666328,0.5734633899947064,0.0437915268824017,-0.5829144449277082,0.332032622514667,223,9,0
BG-0052,0.9406927320579016,0.9792271484968116,0.9811672891993122,1.0002321085130077,1.0061897256807375,1.019002328170868,1.0044540793602597,1.0215054357728524,0.6163629668994843,0.511873119748963,0.0117277092851999,0.2394416528110612,-0.012717230222872,0.3248513644684781,231,17,0
BG-0330,0.1230184999239312,0.1365544145240631,0.1409025305542877,0.1567020589279375,0.1981837162127897,0.2185099802221208,0.2324812414422637,0.2372461382423044,0.244839844819717,0.1711232922561996,0.2452669820069787,-0.0258915931710381,-0.2599391830228826,0.1520249255473061,223,9,0
BG-0341,0.0308795925606851,0.0616973496173922,0.0467633456646226,0.0935177469214007,0.2181940961840571,0.2642097907059241,0.2604023767293367,0.2916964475751281,0.2101649267724117,0.1053135357016166,0.6955171605727167,0.1067593298197316,-0.6169052962747493,0.4240691634028931,224,10,0
BG-0339,1.020491137250925,1.0596554682350556,1.034985636059422,1.0403895502712566,1.0399103686051818,1.052694077980023,1.016776702327232,1.0509058662475286,0.5496071845054001,0.3705097652486944,-0.0088747772544202,0.2982471421909799,0.0206502126656091,0.4658496656482143,342,9,0
BG-0082,0.3344673983410885,0.3285395609953469,0.305017924337447,0.3178976937082743,0.3929317216265426,0.4260057707869715,0.4510216973497875,0.4423484877604691,0.3453726633623306,0.2678409619664171,0.1931165627093821,0.1326591939864917,-0.1571167564361108,0.2548202121913179,354,21,0
BG-0279,0.1251733451417003,0.1573799848178137,0.1429497368421053,0.1862188917004048,0.310748431174089,0.34833879048583,0.336329625506073,0.3680755010121458,0.2375927783400811,0.1560687196356275,0.4034805248373797,0.1720386702179678,-0.3624593018776028,0.3660875542109522,354,21,0
BG-0131,0.3631351251393253,0.3893339953389402,0.3978275863815991,0.4145344817104064,0.4266253673117846,0.4277781842131931,0.4355908856013782,0.4334499645354139,0.3723464535413922,0.3138399533894013,0.0453113297692188,0.0782788825270645,-0.0560740636283276,0.1624578625239558,346,12,0
BG-0088,0.0319934147206321,0.057938083177144,0.0447614963780963,0.083541436604022,0.2255814193809837,0.2802518717390204,0.2656001671647838,0.3067553214122892,0.1866533356972797,0.1019372929436198,0.7115526713761668,0.1745632282953985,-0.6418470884607135,0.4452957643362182,341,7,0
BG-0137,0.450949511862006,0.4522872628863371,0.4288097020587787,0.467891790176539,0.5093815519247304,0.516682037533512,0.538562714350751,0.5144430016692804,0.1485032728008498,0.159985907228489,0.1134547671922755,0.5677175829456899,-0.0870721637446938,0.5419476832785047,355,21,0
BG-0264,0.2628980500405186,0.2679827795786062,0.2407233184764992,0.2705667139384118,0.3921764181523502,0.439929715356564,0.44462954821718,0.458304781199352,0.3155149817666127,0.2353361223662886,0.2975200654290359,0.1698552858800683,-0.2478862093011609,0.3077999888895858,346,12,0
BG-0034,0.3150193788631067,0.3175008055527408,0.2981626861890769,0.287624060188469,0.3649970969703111,0.430487323943662,0.381036862904043,0.4472466764616476,0.3121486776775761,0.2027509727429323,0.1220174201022677,0.0993791433800913,-0.0909558069955863,0.3053950070123122,364,20,0
BG-0050,0.5916074167890976,0.6005839100258372,0.5752031511221437,0.5664330361213838,0.6048867369167639,0.6366002533056383,0.6106486397487204,0.6402282587770403,0.3298969907290136,0.175455534728203,0.029890319262027,0.2984987010966217,-0.0083094940973609,0.5536074214465231,351,7,0
BG-0296,0.7806849356701447,0.7687758484449397,0.7332857866477563,0.7246929490426504,0.7215976142234835,0.7400593607537232,0.7148956741971432,0.7362998176476553,0.3521925894033026,0.2170966163509269,-0.0126987625154958,0.3398997975763034,0.0363154333189924,0.5341235790196065,363,19,0
BG-0102,0.9010457894203486,0.9218160974868258,0.914293362383462,0.9306064146736928,0.9324705107417914,0.9371517278070532,0.9281652006485612,0.9344071291041752,0.5092504914876368,0.3623837859748682,0.0075289824929744,0.2914360205281739,-0.0034319823492997,0.4384036720326237,358,12,0
BG-0152,0.3023794935426692,0.3082406786528235,0.2847189415041782,0.302922223347683,0.3872858647758926,0.423551329450494,0.4157754621423146,0.4412913598379337,0.3123376399088378,0.2354372398075462,0.1870914599116119,0.142062849771669,-0.1485253952645211,0.2769267580236068,358,12,0
BG-0206,0.0257085964823356,0.0561157686654163,0.0626726189872776,0.0922743778194536,0.1927602514065589,0.2459934259212328,0.2283857620761317,0.2696279132241878,0.1896450656394141,0.1086156419484007,0.5693467492102631,0.0926742571796143,-0.6055151723145273,0.3553994692526921,363,17,0
BG-0297,0.905372205039801,0.9480739390559242,0.961292683668813,0.930292734371039,0.944774202707499,1.0097869391066272,0.9542283678953506,1.025820889317041,0.4959090249961973,0.276823089793642,-0.0036879342921832,0.3160523583115616,-0.0032352527865509,0.5502656073966042,384,38,0
BG-0013,0.4775807353388029,0.4854167831459539,0.467956811506128,0.4447125443127723,0.4967484148688344,0.5516502937303758,0.4878247543806342,0.5651582143218882,0.3699960042540262,0.2409922110807252,0.020787116621226,0.1373582405654867,-0.0024741763907857,0.3386756277601986,357,11,0
BG-0020,0.0965357189890087,0.129069629742187,0.1172173833763865,0.1469639973661551,0.2961814516537507,0.3601460517651826,0.3403652281821406,0.3831022438332572,0.2726974623917338,0.1784711087474042,0.4876667932063942,0.1103765843702941,-0.4501063243880669,0.3120331170187888,353,7,0
BG-0060,0.0251604896345481,0.0570968726240559,0.0404357037863044,0.0822039738456079,0.2294001469917379,0.2854300724821328,0.2807815601398954,0.3150569162147092,0.1815410816564447,0.0859305489381113,0.7482345544441561,0.2146563233369988,-0.6620271252178741,0.5313459969775242,355,9,0
BG-0127,0.5468318006691673,0.5575244144783532,0.54328685998175,0.525957152996046,0.5844353492852074,0.6301583696644025,0.5808758694109296,0.64805648382845,0.5366871235932273,0.4089777349690766,0.0334373382486064,0.0395402729817646,-0.0205125167860969,0.1736601591197127,357,11,0
BG-0181,0.5041940941295546,0.5107666700404859,0.4921574443319834,0.499972039473684,0.5412106022267207,0.5695163562753037,0.5498389625506074,0.5777968066801622,0.4160224342105265,0.2996666396761133,0.0553567342820246,0.1385463057006044,-0.0368396049478509,0.2944916692941676,356,10,0
BG-0273,0.0266511470096723,0.0465479718438244,0.0242538967944497,0.0656330024813896,0.2288167367195016,0.2932167519116826,0.2834110244594116,0.3201985061021927,0.1608398338988201,0.0622798602319339,0.8423356377736847,0.2759053544962505,-0.7178560223219597,0.63967889817204,353,7,0
BG-0109,0.1386713474314113,0.1692805010396064,0.1677006136213804,0.1954705258887368,0.3115106851260206,0.3767335158983721,0.3482330189157665,0.3968125209189106,0.2604820984836959,0.2217007708301638,0.3499140081382229,0.1441576164675487,-0.34579293289109,0.2220121887175863,335,9,0
BG-0175,0.0974290935820744,0.1410586129980736,0.1466928267261482,0.1785528895873466,0.2921368549122986,0.3386572036905607,0.3151322924059618,0.3586298793470546,0.2605078677887053,0.1808335445604785,0.3647256476571807,0.0948933524700289,-0.3815807753855067,0.2707822552192654,336,9,0
BG-0260,0.6199649693469117,0.6168592389927546,0.5881282667071995,0.5967450271064499,0.6430562395500835,0.6594994528043774,0.6646320362770429,0.6624704311698838,0.4916068450119064,0.4017907331408015,0.0610681623512504,0.1496448476739096,-0.0372790655747777,0.2464700779782913,362,35,0
BG-0147,0.6331147005168748,0.6503190736799435,0.6434477399412186,0.6467441522245873,0.703888664234317,0.7250821222256006,0.6997032482010747,0.7350595317725755,0.4796446437620353,0.3402742981656027,0.0418832348384471,0.186593460622324,-0.0365802651709662,0.3456122214284267,363,19,0
BG-0078,0.027724013973976,0.0597820869829375,0.035801235380487,0.0882468988911954,0.2740335172902639,0.3554443369955953,0.3349792364943548,0.3898031694597743,0.1911903852969469,0.0826077970735659,0.8068871577866059,0.2732747107442092,-0.6971228769001917,0.604356503276677,349,16,0
BG-0202,0.416673938350964,0.4204249936731283,0.3976329503467124,0.4116513640734928,0.4607387913144707,0.4903073695399097,0.4876022574277468,0.4958839246849217,0.1882275142987295,0.1838300248013361,0.1016332227761515,0.4429735943183354,-0.0739815503038857,0.4524242290196704,333,11,0
BG-0299,1.015467200363655,1.0163792009697463,0.976165467952927,0.948196085660892,0.9529599626243748,0.9890941057629178,0.9395768271124808,0.9827649679276732,0.4338637254406789,0.2523370220718218,-0.0190989367070361,0.36820894849195,0.039265900027706,0.5765851328189348,335,21,0
BG-0320,0.0689509868587954,0.1257535745091075,0.1306463037191131,0.1746449693033639,0.3372901009691005,0.4252550763610533,0.3946528641737277,0.4496547161195393,0.2185165812572935,0.1312899791973211,0.5025832451127562,0.2872554792625405,-0.5167101512910035,0.500744307667299,323,9,0
BG-0210,0.1212556665483494,0.1709040464479488,0.1388352923279751,0.2001496780082145,0.4295165103189493,0.5182874195020536,0.4796318138025454,0.5576916231428426,0.3134750874702096,0.173465087977283,0.5510341909803185,0.2095010471674024,-0.4745745564828947,0.4687921884040371,313,8,0
BG-0227,0.7610940610114525,0.759404879902706,0.7300884159318944,0.7106733404276883,0.7350289348332828,0.7575666058579106,0.7124937316306886,0.7654265886287626,0.3956269484139051,0.2270018952062431,-0.0121966602255089,0.2859497064922856,0.0318711818221951,0.5167579524121748,301,5,0
BG-0084,0.0247016174830138,0.0459168390629753,0.0317170317412027,0.064867391745259,0.1985349812392252,0.2580007250785924,0.2515204086806613,0.279027497211236,0.1363527735523779,0.0648026772132643,0.7760392715457234,0.2969208504316989,-0.6912502424541567,0.590275385496239,322,9,0
BG-0140,0.0653361648273767,0.0921664928622051,0.0950366457426344,0.1258736812797408,0.2473239495798319,0.3013436468563329,0.2815033056596133,0.3224702591880126,0.1935355117950794,0.1525583578009517,0.4952108248343121,0.1851802223992439,-0.5066955198049085,0.2970659671500255,330,17,0
BG-0250,0.0258876692873446,0.0449530306872939,0.0240201166624397,0.0623386964240426,0.2584848237382702,0.3520369363428859,0.3550757392848085,0.3876591072787218,0.1778830180065939,0.0685974080649252,0.8732768175351292,0.3324698559767394,-0.7752510116188447,0.6761776926669397,323,10,0
BG-0256,0.1197111922141119,0.1322401561232766,0.1344742650040551,0.1481892893349554,0.2165493815896189,0.2550214061232767,0.2344158607055961,0.273775136861314,0.1615337337793999,0.0990743258313057,0.2709251040788326,0.1840692046193215,-0.2786691064448217,0.4058336357052423,135,12,0
BG-0008,0.0318576722258833,0.0461337963197647,0.0450774877072033,0.0645372636488061,0.1652376995995335,0.2159580524154712,0.2089970142444366,0.242591478684037,0.1536162467683886,0.0761996400871901,0.6451632307772207,0.1527268123657763,-0.6383518225984265,0.4656344039815758,371,39,0
BG-0104,0.6463580517704274,0.682401661516641,0.6876249227496076,0.7065440352565729,0.6974957803556051,0.6731777518869362,0.6687104047414014,0.6514464971379368,0.1539965959171269,0.1418337672863583,-0.0139453110339571,0.6256344098351863,0.0101333243312362,0.6500282842537032,349,12,0
BG-0289,0.0428903505217303,0.0794261624962009,0.0688967176577854,0.1059337402492148,0.2288626582919663,0.2788336237463276,0.270996874683416,0.3068396109816633,0.2158195167662851,0.1248750683821294,0.5945983142358058,0.1133432622365426,-0.5466841270741605,0.3691138229442362,347,10,0
BG-0101,0.530505382593753,0.5323508389770543,0.5180104619427879,0.52982031234206,0.5675239057919742,0.5793688365510966,0.5811359951480842,0.585595896088143,0.4232692762559386,0.3141837561912462,0.0574314121635543,0.1571743233400888,-0.0438129618383501,0.2981641347211403,375,23,0
BG-0253,0.4838531238915631,0.4972483151760832,0.4852567519635163,0.4863015758804156,0.5232276108436787,0.5437020369901191,0.517997892069927,0.5524410488978972,0.4049724094248796,0.3069023511527744,0.0326349250423396,0.1224584176348856,-0.0204379752869303,0.2559043261915517,362,10,0
BG-0274,0.0343834753499695,0.0668957141407993,0.0649120308378981,0.098651445526476,0.1776546409007911,0.2078969009941164,0.2004213278555488,0.2256813501724487,0.1778300010144045,0.1090871119902617,0.5107133821579192,0.0597257038293483,-0.4995028102868712,0.2950944275083015,364,12,0
BG-0271,0.8393649145927317,0.8388069390237719,0.8137783465963808,0.824493593187693,0.8266836585736734,0.8312594404176591,0.8236711338638553,0.8276016169091185,0.5412089766333824,0.4050595316539104,0.0060415831972378,0.2069501599869965,0.0091043637848568,0.3406862170511137,360,8,0
BG-0032,0.0302612435338269,0.0622915255096865,0.0354133837103154,0.090901541738513,0.279850207931839,0.3422245308854852,0.3337173192007303,0.3785524089664267,0.2133285272339994,0.0938524444669844,0.8081255044295274,0.2200707541266287,-0.6854033623656183,0.560995877435703,355,12,0
BG-0081,0.2587717559961462,0.2949448658790122,0.3031522691547082,0.3362656508290656,0.4275277825668071,0.4586357030576543,0.4543163328431622,0.4813864864864867,0.4853067745043353,0.3703384818214087,0.199564791583109,-0.0329817789907884,-0.2127048180740569,0.1018339425519652,367,24,0
BG-0141,0.0277442286235926,0.055280576123339,0.034163510498022,0.0886697788822395,0.2792356932751799,0.3445119789025253,0.3454874277310069,0.379819733238665,0.188343741758799,0.0798177502789329,0.8200267295142964,0.2943696339844553,-0.724126798588292,0.6246565788245941,355,12,0
BG-0006,0.3923524806162267,0.4174485633203264,0.420343678102671,0.4451828916028985,0.4627983935539453,0.4652467440328384,0.4706588101150357,0.475655592155273,0.4576953985709218,0.3843767090660316,0.05647024859943,0.0139638636016558,-0.0599142045053429,0.1009105459521061,371,23,0
BG-0017,0.9349919255917686,0.965376501596634,0.9563528612702112,0.9943113487759132,1.0007570023822796,0.9889517917786004,1.0083079882406605,0.9784917684626692,0.424849738962948,0.3297982462365046,0.0264448324418864,0.4071137727570028,-0.0217519501546903,0.5070671703949339,369,21,0
BG-0035,0.0264880269558167,0.0491137565869477,0.0288528121199837,0.0751293220510741,0.2207029033238751,0.2774875050668829,0.2714692440210783,0.3071877432103769,0.1840530350628294,0.0803355897851642,0.8078541916586272,0.1919032569253252,-0.6935972494249708,0.5432945652508615,367,19,0
BG-0042,0.0399169125475285,0.0681375107731305,0.0499853282636248,0.1010300430925222,0.2325971609632447,0.2701006134347276,0.2700100481622308,0.3012097541191381,0.2039216273764259,0.0998559594423321,0.687587184402918,0.1394471486015168,-0.5969954005425463,0.4600425159962701,370,22,0
BG-0049,0.370786359951358,0.3946800263477908,0.400384591609242,0.4216037596270776,0.4677180482367248,0.5031170652614513,0.4642498530603973,0.5229012869882448,0.4086638528577219,0.3393392176732874,0.0738638876173352,0.0636786887705134,-0.0809959327070341,0.1554409336018784,369,21,0
BG-0055,0.0787216307926057,0.1205479311218029,0.1171538262851354,0.1563748543935173,0.2718466953659154,0.3175543985819193,0.3134763079260573,0.3456178475563433,0.2602856318055203,0.2246035249430235,0.4558958280997583,0.0927051315837037,-0.4445106043558547,0.1651665376662746,359,11,0
BG-0067,0.0184473268929239,0.0422727125587982,0.0236136462495574,0.0701786202013049,0.1996276667846847,0.2398183652824844,0.2404079611552272,0.2580419098679885,0.1316908755247585,0.0568108998027414,0.8211233809106073,0.2921726028505919,-0.7009154392948453,0.6177167248428738,364,16,0
BG-0071,0.7258163913660314,0.7548515555330357,0.7512553759627076,0.7657725070936356,0.7909097740170244,0.803338771787596,0.792582189906769,0.8116136501824076,0.5269261197811108,0.414863741386299,0.0267688873866639,0.2013295923755851,-0.0243827139513553,0.3128243167923609,359,11,0
BG-0074,0.0383213782619711,0.0669539802381555,0.0631880972890803,0.1058324094248796,0.2234362959209526,0.2593575880415505,0.2573593159361541,0.2810684519888523,0.1955331846972384,0.1059215606789967,0.6057488241548786,0.1365139214105969,-0.587103081939819,0.4168613461522394,355,7,0
BG-0083,0.0304811796328228,0.059749315346384,0.0452950654224566,0.0907861294248909,0.2181340906785679,0.2647238918754438,0.2578914139365048,0.2938313977076784,0.2048318744294554,0.1077733644385839,0.7012065609375081,0.1146679686134263,-0.6237931106550781,0.4105346163363152,358,10,0
BG-0093,0.00321919416886,0.0202836049807653,0.0121315600323952,0.0341657369912937,0.105827070257137,0.1311618040089086,0.1246069497874064,0.1411896942700951,0.0609068384288317,0.0256761895120469,0.8225582529986236,0.3433713039395473,-0.7200148068558426,0.6582958057472471,356,8,0
BG-0110,0.0155300886749429,0.0397785761337725,0.0205006384595895,0.0670803699011907,0.2182184342538636,0.263724023308842,0.2654584849252595,0.2886457866734229,0.1345482290347098,0.054659847985812,0.856618399043003,0.3272701465297167,-0.739359460507455,0.6585022326665905,359,11,0
BG-0142,0.0235268630234208,0.0493153148129372,0.0332398357497718,0.0772828196289161,0.1961745919091553,0.232810833417824,0.2419056422995031,0.2584106458481192,0.1479183666227313,0.0714751748960762,0.7583835577787034,0.2411018139611847,-0.6613202888836287,0.5438446071096371,357,9,0
BG-0177,0.0244633284316211,0.0406043253384716,0.0227473201156128,0.061420353937427,0.1898433446579788,0.2346307692307691,0.2283208103037369,0.2573449216571167,0.1376432229602961,0.0563233456721261,0.81879563863706,0.2477773199040558,-0.6980250638044212,0.6042543330705009,359,11,0
BG-0178,0.5407266764586708,0.5605033985008101,0.55594119226094,0.5809015700972445,0.6046511750405188,0.6078718598055101,0.6155995897487847,0.6102267726904375,0.4302792038087519,0.3224892625607779,0.0509230224026034,0.1771910732692734,-0.0468464001864112,0.3124547599796895,355,7,0
BG-0199,0.0212465808935264,0.0465258636409684,0.0261299969607942,0.0761214618579678,0.2458951271401073,0.2962523300577449,0.2935201651301792,0.3230386688278795,0.1688523249924019,0.0715336895957856,0.8365087832906677,0.2696264219887435,-0.7263554948187292,0.6080924024238349,354,6,0
BG-0203,0.7231930063901005,0.7416992544882848,0.73302530682625,0.7562220965615173,0.7812438330459474,0.77944961963688,0.8128330966629475,0.7794218531291205,0.499224754031849,0.3561231057916624,0.0516268434783943,0.2390202097148597,-0.0457589976316565,0.390698975643631,369,21,0
BG-0216,0.0112647318036772,0.0328201438484526,0.0173937902041229,0.0549595198298131,0.1852098667882287,0.2201269715848655,0.2190862837461379,0.2371123233551131,0.1186122777693359,0.0504496378463252,0.8528942425163362,0.2975257150220289,-0.7394259117415437,0.625655552341518,355,7,0
BG-0225,0.023403051964512,0.0577619569074778,0.0417683903675538,0.0931675437262357,0.2561849378960709,0.311131031685678,0.3066411457541189,0.3419954119138149,0.2081571812420785,0.1064920811153358,0.7602339428908894,0.1913059140784035,-0.6829776887980095,0.4844661518886444,359,11,0
BG-0229,0.0316562389088881,0.056738011458703,0.0339193682502661,0.07946385945343,0.2469646909699336,0.3047705622876844,0.3056962733864014,0.3383717791411041,0.1757873295137656,0.0762555392181717,0.8002484921671876,0.2698096946399473,-0.6869059367109738,0.6007059702208168,359,11,0
BG-0249,0.0379765969302467,0.0778697988956992,0.0654368674332607,0.1206816523985613,0.2755650524289549,0.3244010587102982,0.3320861557165289,0.3507743376728632,0.2403931665062559,0.127173967884099,0.6707769682632766,0.1601682115857974,-0.6201065113477604,0.4461789241049398,359,11,0
BG-0258,0.0251478408514951,0.048771647237709,0.0278710947795235,0.075890851495185,0.2058920070957932,0.2439538266599088,0.238293314749113,0.2649734769386722,0.1542489052204764,0.0721227825646224,0.7905723396386327,0.2141028537902178,-0.6602048059076749,0.5353154479503143,359,11,0
BG-0265,0.1097650078548624,0.136912684335884,0.1448957533066437,0.1784787259919931,0.2830133786043682,0.3233595398570921,0.3143919627020726,0.3441498150306591,0.2847766887954189,0.2351781330765723,0.3690414602602002,0.0494272753299705,-0.3932582558833297,0.1441378092329935,359,11,0
BG-0267,0.0351485654906731,0.0666807836577453,0.0368917325628548,0.0913201997161394,0.2777066098945658,0.3420235705596108,0.3276019616788321,0.3715833333333332,0.1951497668288726,0.0839944140308191,0.7975727254233769,0.2533749533991398,-0.6617615939504347,0.5918602835799964,368,20,0
BG-0283,0.0373143603530485,0.0633220858273308,0.0494291620168408,0.0922377599675357,0.2115918535051232,0.2507987775185147,0.2498508116059651,0.275582910621893,0.2073524145277467,0.1118302120320584,0.6696794548696512,0.092952968502872,-0.59560941354564,0.381608629022351,359,11,0
BG-0284,1.209340524663223,1.286085895877646,1.2875982983895475,1.3079689050947028,1.3138690418312566,1.3173917704851614,1.3087616175427932,1.3102679023599717,0.3522969867314898,0.3223540666464091,0.0081511500094338,0.5758163067516713,-0.0087387492127646,0.6047440782146051,391,43,0
BG-0340,0.0375801124847993,0.0636717825293879,0.0383930127685448,0.0867211643696797,0.2644625354681801,0.3372085224969598,0.3246783846777463,0.3664772648966355,0.2084102148358329,0.0936528374543981,0.788509846610959,0.2181029006210283,-0.6720908710440836,0.5522550911831552,358,10,0
BG-0028,0.0506813146682897,0.0814179194562791,0.0765257151552039,0.0973276374518157,0.143851004260499,0.1630483211604787,0.1785016636234531,0.1629523280584297,0.1295617113004666,0.0681618076688983,0.3998627479003186,0.1588632609607451,-0.3735145425244575,0.447329535161602,350,11,0
BG-0047,0.0241122712757869,0.063440366972477,0.0483297987733792,0.0968867707435755,0.2565182472502408,0.3080865781337119,0.3027635967357697,0.3377901008667445,0.2025296264382381,0.0990393278929494,0.7246897868682928,0.1983679291558873,-0.653524411204791,0.507025350875853,361,22,0
BG-0123,0.012468781970119,0.032072281590276,0.0185418384401114,0.0581066649784755,0.174378495821727,0.2088986528234996,0.2096229475816662,0.2256781615598885,0.1287769207394277,0.0573658951633324,0.8374697624168729,0.2389067916702822,-0.7346055882016622,0.5702749630019357,346,7,0
BG-0327,0.134684509893224,0.1908434795809929,0.2175338545620161,0.2140875259349223,0.2275981225646475,0.2449214108597744,0.223658564849957,0.2475275593340419,0.2785276656039674,0.2582358382672941,0.0138821748027854,-0.1092604643986643,-0.0791674871326975,-0.071752801430491,346,7,0
BG-0095,0.0464191410607443,0.0836122908427137,0.0750216712300983,0.0976894736842105,0.2077183754183144,0.2689169151201704,0.2400094868674576,0.2903386522665044,0.1793587972822228,0.1057082293885001,0.5237190398362672,0.1446239305106522,-0.4832715435016546,0.3884708568985378,350,11,0
BG-0218,0.853233600365056,0.880959620747351,0.8680443847284898,0.8852354763474114,0.8870271358312632,0.8952045429194343,0.8860796329158849,0.8913354155047412,0.1663883739796177,0.1861082086903614,0.0102816266158961,0.6838129560433507,-0.002897509015671,0.6528440232794426,351,12,0
BG-0004,0.4857615808080808,0.4926961313131314,0.4866183080808081,0.4784024848484849,0.534060868686869,0.570387161616162,0.5500196969696967,0.5909866616161618,0.5188516161616159,0.3859253585858585,0.0611605869937207,0.029159806634507,-0.0549752522228105,0.1753247558815678,382,26,0
BG-0014,0.4842832236175817,0.4920671966781449,0.4845981112011342,0.5073310968199313,0.5494778964958478,0.5589652977516711,0.5643750455742353,0.5639577020457768,0.4458389760988456,0.3510747062993721,0.0760524078789032,0.1173375808812022,-0.0684446778102387,0.2330005976169762,376,20,0
BG-0026,0.1987708527682012,0.2135512624214155,0.194655977489353,0.225950821334415,0.3200818140336647,0.3577308912999392,0.353311326302981,0.3717388460758466,0.1685127763131211,0.1297164773879538,0.2895343348327848,0.3541395444621947,-0.2465501634109702,0.4629026470246302,367,11,0
BG-0091,0.9861783419479072,0.981855538664235,0.9484377774399514,0.9513787270700316,0.9538674926522758,0.9575772220533094,0.9465615840681058,0.9456403820816868,0.5766805057261579,0.4465527566636262,-0.0009900759915573,0.242824880444254,0.0183020334035003,0.3589144212971423,365,9,0
BG-0130,0.0694826937699599,0.1011000354843615,0.0838307345262837,0.1273274902418004,0.2812540274750342,0.3369026866730875,0.33633276727328,0.3593083895169055,0.2388419627921122,0.1539722816444466,0.6009613678140249,0.1694977184934462,-0.5377574116663777,0.3719327101186622,367,11,0
BG-0190,0.0251271917392184,0.0795221907268678,0.0464052136059931,0.1169436272524802,0.3909006782749544,0.4801172909495848,0.4517569346021461,0.5243784622393196,0.2854885250050616,0.1251939916987243,0.8136943411983024,0.2255265290961162,-0.7006387530184974,0.5660151115402223,372,16,0
BG-0009,1.035043298185136,1.0602712105850145,1.0606437341579638,1.0803800010138898,1.0943544307005977,1.101524140727973,1.0774428064483417,1.1077684375950518,0.5903487174287742,0.3934731927405453,0.0078570590906082,0.2920593383801469,-0.0080326908681439,0.4649956993363051,367,8,0
BG-0031,0.0167541127728375,0.0440669563459984,0.0281188510509296,0.0737262732417138,0.221957189773646,0.2734222968876313,0.2665672392886015,0.3013381063055779,0.1776820280921584,0.0741646372271624,0.8091606494318635,0.2000795898223975,-0.7162774931718431,0.5646745001638774,375,16,0
BG-0003,1.1113505720360433,1.1561782575680866,1.147779472511896,1.2175943555735538,1.209905841854814,1.1645008049002736,1.128355710235901,1.123535845904627,0.1563711805204009,0.2270836235699099,-0.0085336593464304,0.7565689927633612,0.0121786533815166,0.6649298601475535,362,6,0
BG-0007,0.5857132829920942,0.5886860328400569,0.556895063855666,0.5740673373200896,0.6057412021082508,0.6232940147982974,0.5983218376241644,0.6201175096290292,0.1824336914656396,0.2102293127914049,0.0358606022084949,0.5326739685639658,-0.0081177261110652,0.4799851247917863,366,10,0
BG-0011,0.0452896488920368,0.0704521096832945,0.0584923707376302,0.0900080137610036,0.2262988363857127,0.2691939239097438,0.2585599716685215,0.287871845593443,0.1700980977436,0.0903447434989375,0.6310238852441589,0.206369319131777,-0.5717354244632777,0.4821236883796425,372,16,0
BG-0019,0.0679814490405549,0.1057557541390309,0.1115131993316794,0.1582539972659612,0.3003133765378969,0.3531134626094881,0.35332998835502,0.3758373803858031,0.281377712520885,0.2216457546453344,0.5202115367695204,0.1133628530658126,-0.5392766781887095,0.2290257203243517,364,8,0
BG-0029,0.0292540359766911,0.0608430301494806,0.0470100836078034,0.0914377045857613,0.2606021535343298,0.3187533468457055,0.3076574208259438,0.3480881580947556,0.2008720851279452,0.0998607803394983,0.7349061697498424,0.2099884754920816,-0.669780430453051,0.5099076308547144,374,18,0
BG-0043,0.0253705531398523,0.057815117807665,0.0420286934978258,0.0956899484275457,0.2801547123066032,0.3408777075538477,0.3372118768328446,0.3752759631914248,0.2414697846091617,0.1188296288805743,0.7783533894531387,0.1654486371403319,-0.7072852306699742,0.4788648515898547,370,14,0
BG-0085,0.8658798287827367,0.8627776201813484,0.8317794032723774,0.8275992502912721,0.8366875842155918,0.8519695506813232,0.8186788815156275,0.8531580973608227,0.3281379413403576,0.2884203839724431,-0.0079375055264923,0.4277413187518884,0.0262265117302857,0.4789620172942821,363,7,0
BG-0087,0.0413370162107396,0.0677724113475177,0.0586727710233029,0.0971137689969604,0.2398514944275582,0.2855139209726443,0.2813302532928064,0.3074114387031407,0.2033193971631204,0.125148865248227,0.654869122759606,0.1609634012039385,-0.6117336347613231,0.3842297941531606,374,18,0
BG-0103,0.0370451161375392,0.0671277462217263,0.0423049193630185,0.0936394309767725,0.2914908814281367,0.3731074703316764,0.3624238462318694,0.4074938786895221,0.2247450248503905,0.1004653970990972,0.7909468119922884,0.234479087979769,-0.6874519969147682,0.5659203641193092,367,11,0
BG-0111,0.9498186927707796,0.941287661253604,0.8942906207315217,0.9079840390549908,0.9021268882480908,0.8890856832093893,0.909704846461274,0.8661835432792023,0.1057862447513532,0.1238456063135529,0.0085444924946171,0.7916550018670655,0.0170626378338615,0.7603491808628051,364,8,0
BG-0112,0.2066379974651458,0.2380433257287706,0.2198804562737642,0.2514991634980988,0.388980299112801,0.4378596197718631,0.4323390468948037,0.4617446539923955,0.3368056831432194,0.2271594879594423,0.3257470676495992,0.1242072655777821,-0.2898282071553392,0.3111145030530015,365,9,0
BG-0118,0.0320354969163886,0.0624766403801435,0.0475900313416236,0.097084991406329,0.2524259933272673,0.3069223789303406,0.3018483419270043,0.3402766201597413,0.2325880598523912,0.1155761854210899,0.7276198896161914,0.1295949936119852,-0.6570279645139899,0.4462415222442841,370,14,0
BG-0119,0.0241040311173974,0.0532610729440291,0.0373580975954738,0.0873475550616286,0.2514270054556477,0.3103737623762378,0.3066159931299251,0.3448525459688826,0.2185562234794909,0.1009157405536472,0.7827853980705919,0.1676778909192116,-0.7040040726958465,0.5047465892214265,370,14,0
BG-0128,0.5052852375164588,0.5135961055403625,0.4985101995340825,0.5063420794084876,0.5581864326952292,0.5787581282285019,0.557571969006381,0.5870534386711229,0.3087177099159322,0.2375321330902461,0.0559253543253396,0.2872644857087872,-0.0410541207406937,0.4025131238440538,375,19,0
BG-0134,0.8507121726356318,0.8635720834810797,0.8486138544146701,0.8440406159769012,0.867539050706651,0.883049171774479,0.8461332404640093,0.8930609948837445,0.585033833139152,0.419817739729497,-0.0014637074511925,0.1824381039367426,0.0101999115127224,0.3367551409212923,370,14,0
BG-0155,0.1736195303406042,0.1922326686573206,0.1729886836378358,0.2038170707019585,0.3531387519611316,0.4100066703780555,0.3853283465762437,0.4337262563894932,0.2285545321119488,0.1538411407459891,0.3803209492946847,0.2553806595800572,-0.3343294869734856,0.4293403304032059,372,16,0
BG-0158,0.7924190087670402,0.8016710383621347,0.786521127046065,0.8011373029949831,0.8061393097856385,0.8101774438757412,0.8114226270714037,0.8086205848071762,0.5472287893376576,0.4365404550752547,0.0155834646627418,0.1944529954798964,-0.0060452712190448,0.3003952419420156,367,11,0
BG-0159,0.394536856780735,0.3893817896070975,0.37519391634981,0.3897499619771862,0.4288775361216728,0.4419501191381496,0.4410409226869455,0.4447870114068439,0.2083655716096324,0.195725166032953,0.0806716439779046,0.3582892273495687,-0.0622082372207036,0.3852525456359568,391,35,0
BG-0163,0.9059113240064888,0.9392179491078674,0.9402534975669096,0.999534909772912,0.999153163017032,0.967222318532036,1.013955930656934,0.945520047648013,0.2142162560827251,0.2727616382806165,0.0377147055098447,0.6511625024641052,-0.0382648889191915,0.5760349514682741,365,9,0
BG-0165,0.0340554501648491,0.0642061171696677,0.0454688917068222,0.0938542733958914,0.2648229013441541,0.332382962211514,0.3278115901597768,0.3668091250317016,0.2067051077859497,0.0956993761095612,0.7563821634634963,0.2265719346828036,-0.6724325663396113,0.548066596940492,378,22,0
BG-0166,0.911601234755326,0.948927807297201,0.9502917767319464,0.9964398259197412,1.005687667628156,0.996236339254086,1.0067671676534589,0.987766762815647,0.2777506806335712,0.3085769799099236,0.0288572764164995,0.5675409555360155,-0.0295748371280225,0.5308041922236869,371,15,0
BG-0167,1.2194727185203948,1.2176286901444129,1.1581150798074478,1.1550469217126924,1.1337180086141374,1.1180830605523178,1.1818560222954142,1.0859565340765138,0.3283107778059285,0.2691325665062072,0.0101458272141186,0.565199317341771,0.0149084791678562,0.6290355850027944,366,10,0
BG-0168,0.1064475780735941,0.1326214658095864,0.1293556207926305,0.1604780634711747,0.2962731487574024,0.3472729412360176,0.3178683960115401,0.3660385686085945,0.181364650503619,0.1293633294528521,0.4215175575006185,0.2734269024472044,-0.4112122067588472,0.4214930556703012,375,19,0
BG-0191,0.1880584422823553,0.2014976537954798,0.1959404428904428,0.2205882740447958,0.3294883804601195,0.3683194689368602,0.3625140569575354,0.3865421860747949,0.3056670011148271,0.2281151515151516,0.2982760710361131,0.0850773232134214,-0.2854841488079771,0.2275520809238795,374,18,0
BG-0193,0.0282118708500177,0.0767487252268234,0.0511353743220639,0.1070993461401996,0.323325708348117,0.421052394951594,0.3805966343960668,0.4674223934309898,0.2225992903847128,0.0945964620609255,0.7631152043885205,0.2619337059824719,-0.6643730012255614,0.6018609581400471,376,20,0
BG-0212,0.0387859756715661,0.074577227572225,0.0583121439432336,0.0998674201723264,0.2261406842372022,0.2721771464774455,0.2644944348707552,0.2986878915357323,0.1885985808413583,0.0977051140395336,0.6387177475906716,0.167506122137225,-0.5601093465912016,0.4604901395736762,367,11,0
BG-0221,0.0189717175301632,0.0540417925580452,0.0357642755753827,0.0821126939065192,0.2567267971205515,0.3245521950724931,0.3163341326168508,0.3568753117712663,0.1871860032444489,0.0834172969684679,0.7968506829723768,0.2564904959589881,-0.7081786969143523,0.582654165589848,367,11,0
BG-0228,0.613004394936709,0.6160535746835445,0.599161802531646,0.6118060759493672,0.6167606886075948,0.6158767240506332,0.6219855696202531,0.6111899746835442,0.3121490632911392,0.2344760810126581,0.0186904280425934,0.331682923866611,-0.0047914437633104,0.4524539870772167,367,11,0
BG-0232,0.4056882299362413,0.412053086732112,0.3992986944641229,0.4141221333873092,0.4547499139763182,0.4755115575346627,0.4663357706709849,0.4815600394696894,0.2346972067604493,0.200644135208987,0.0774427069472087,0.3304246324605911,-0.0617980106206678,0.3983502847982517,364,8,0
BG-0234,0.1104815768139441,0.1360235914065667,0.1215220966761249,0.1515742197000406,0.3023062474665586,0.3613957336846373,0.354663852857722,0.3900098094852047,0.2344132194973654,0.1351677999594649,0.4896023421308981,0.2041339563252789,-0.4455794905838137,0.4481050818906071,375,19,0
BG-0248,0.130302930440073,0.1606242040154127,0.160106596025147,0.1964825846684243,0.3290608142364633,0.3776049178665586,0.3808536605151088,0.3993518657473131,0.2879302119245591,0.2081932163861286,0.4080652170304765,0.1389439136018228,-0.4067192233068327,0.2931183423589041,366,10,0
BG-0251,0.6572120937531638,0.6618871772805506,0.6378560240963855,0.6377666801660421,0.681496441227093,0.700513921231143,0.6761590563936415,0.7072050268300087,0.33780194897236,0.2706326566771288,0.0291496139321109,0.333698343063151,-0.0106662077541978,0.4283163805915151,395,39,0
BG-0252,0.6316414589665652,0.6535695896656537,0.6381256940222899,0.6557448632218847,0.6459571884498481,0.623272299898683,0.6309315805471123,0.6046167071935157,0.3759276089159068,0.3131367983789262,-0.0056688642974121,0.2532667668924042,0.0176239692446458,0.3366226316463494,379,23,0
BG-0269,0.0921912532306288,0.1160857193533674,0.1152097248264329,0.1545476562104089,0.2599240409466377,0.2946370749505905,0.2892971925201439,0.3141590837683068,0.151457173263062,0.1074953935032686,0.4303695690438708,0.3127365942527756,-0.4272786742940519,0.4581784171898519,366,10,0
BG-0286,0.2295171880545555,0.271608386148152,0.269421766465548,0.3001836688130609,0.4101929270394973,0.4488740708817116,0.4227540789940679,0.4679585914921664,0.373286888404401,0.267517208335446,0.2215221948791131,0.0621415135848222,-0.2176754943327159,0.2248925509551387,376,20,0
BG-0287,0.0445939532288337,0.074893248110384,0.0588715669862527,0.1076519910718814,0.2866983107593975,0.3485554913001573,0.3487001166742755,0.3785025313245068,0.2125636534266726,0.1126090650839547,0.7111106127024879,0.2425534490193755,-0.6463908345285003,0.511784852602511,376,20,0
BG-0293,0.8434270244248507,0.8454780987128814,0.8156768572007703,0.8220098763555285,0.8468568257829128,0.853175863991081,0.8305703253268467,0.84987720685112,0.4919637073071856,0.3916584169453736,0.0090469209509651,0.2560286613912486,0.0088945958674051,0.3591078275294859,364,8,0
BG-0294,0.5276053709996451,0.5351096921438354,0.5302860729319875,0.5457948673733329,0.5898346046558804,0.6021918801034645,0.5784359892478574,0.6096301009281331,0.4872726226099303,0.4518180757721763,0.0434283017884599,0.0855424884659675,-0.0389084146506441,0.1228996980208168,375,19,0
BG-0298,0.5917225138051571,0.6002311515274329,0.5710567252647045,0.5871091190029888,0.6140581944374082,0.6209217234915649,0.6276511474745424,0.6179202644510866,0.1854403059932113,0.2011187598155934,0.0472128560234698,0.54386359565747,-0.0223311273152129,0.5146571851934153,366,10,0
BG-0301,0.0565642911450149,0.0913583810634091,0.0807206345988139,0.1254944295199959,0.2789694916113335,0.3314541183030058,0.3248089766333822,0.3554673931775559,0.2473937097673475,0.1764241928126108,0.6019001702314888,0.1352934348368623,-0.5609536434139533,0.29603943407173,377,21,0
BG-0305,0.6809369307231968,0.7010065878892383,0.6802728065726744,0.646980500050715,0.7166041941373362,0.7718577391216146,0.6989606400243432,0.793858291916016,0.6093788365960036,0.4321335683132163,0.0135494346499334,0.0684698467249066,0.0014614255420423,0.2359017221945636,366,10,0
BG-0309,0.0333438139629141,0.0632333671091295,0.040761880636336,0.086844077414125,0.2728814672205898,0.339524582024521,0.3273560593778499,0.3683117843753165,0.1719025635829364,0.0741266491032525,0.7785390158666802,0.3113686747622252,-0.6762156739476536,0.6307355333748244,376,20,0
BG-0312,0.0220507482305358,0.0523557431749241,0.0294853387259858,0.0811850101112234,0.272427628918099,0.3352952275025277,0.3288609555106166,0.3680326440849341,0.2004413144590494,0.0848039989888776,0.835436619827201,0.2426206127151633,-0.7253229286363896,0.589987026619238,370,14,0
BG-0317,0.2219233108621824,0.2563665568452531,0.2574565005828982,0.2797149526078361,0.4048374980992446,0.4544841147549294,0.4370839880379136,0.4790989507831112,0.3655217547772315,0.2665339297480865,0.2586278127740425,0.0891623738071909,-0.2606060843504103,0.2423901580370193,376,20,0
BG-0331,0.1735004154002025,0.1965364184397162,0.1944634346504558,0.2146160739614993,0.2965392654508612,0.3323068946301923,0.3223624062816614,0.3456085309017224,0.265232973657548,0.215638014184397,0.247470156291981,0.0972258029496825,-0.242486553924086,0.1983723209822241,364,8,0
BG-0332,0.4192780633713562,0.4142044055766794,0.3968861191381497,0.4174418149556402,0.4692901140684413,0.4867923852978456,0.4800311787072244,0.4918765728770596,0.1971122230671737,0.1895648415716097,0.0948151664625226,0.4178124676378519,-0.0736123391726337,0.4337934042897363,364,8,0
BG-0336,0.1489686755537534,0.1741992244918647,0.1704638045516752,0.1924576613107608,0.2808593745248113,0.3133197374423436,0.2945012114146688,0.3289907952759895,0.2219001571290992,0.160365766131076,0.2667671816237716,0.1405903599564459,-0.2566713783615817,0.2948893894371638,367,11,0
BG-0338,0.3063662904287087,0.3202437161512377,0.3051590271802399,0.3301883130029865,0.4139976767727897,0.4468672065597004,0.4520565774155996,0.4517574226856309,0.1816248519512073,0.1496105886521233,0.1939969928561701,0.4267629015649324,-0.170675658629611,0.5026798964951883,371,15,0
BG-0080,0.0260046445737414,0.0527115051859347,0.0327822716923855,0.0772960890462939,0.2347531191500126,0.2863748494814064,0.2746286516569691,0.3171332759929167,0.18679070073362,0.0795539084239817,0.7867201898019065,0.1903646877146901,-0.6779404904407627,0.5507745587145841,368,14,0
BG-0220,0.662558308462745,0.6527392230259497,0.6210286863270775,0.6231888815822753,0.6419675451464413,0.6546828165309322,0.6500816379179521,0.6456163538873995,0.2101960847791997,0.1970961960645456,0.0228563571837326,0.5113297038072991,0.0020398699373543,0.5346993555343246,369,15,0
BG-0304,0.3511198308175462,0.3583433644007698,0.340486835173741,0.3600081754634787,0.4621846925336842,0.4965851585452333,0.5019568382129469,0.5066495339884508,0.3737334211326107,0.3052663661229864,0.1916686042522986,0.1464255376965861,-0.166934139240998,0.2436630550676116,364,10,0
BG-0092,0.403914578691513,0.4195211515090135,0.4039506279116871,0.4133975997569373,0.4922104111808789,0.5345705387887376,0.519097695969212,0.5438667257443791,0.3892922776990073,0.2874597427587603,0.1247465220167414,0.1428961371579545,-0.1060883709374996,0.2871933753109631,365,11,0
BG-0108,0.1214780833713214,0.1537700552094413,0.1659070860558173,0.1949635617687281,0.2964570632629286,0.3478181735298588,0.2973482246872309,0.3685022944841209,0.2701233753735501,0.2096624829053335,0.2837336897888678,0.0479757036488958,-0.31827167258812,0.1729465284831063,375,21,0
BG-0174,0.5413257723083155,0.5549050947027246,0.5429730477058644,0.5528550693811405,0.5707608021877848,0.5788916894560924,0.5804581180998687,0.5789780563152033,0.3996273067963131,0.2767075103818495,0.0333665929297232,0.1845051530306254,-0.0225064746761237,0.3543662947102149,365,11,0
BG-0015,1.0139694105124433,1.0147937249733894,0.9785439910791218,0.9957485224795986,1.0000332201327995,0.9877436261341176,0.9903178670991944,0.96867784986568,0.1865001672664605,0.2070148968523493,0.0059800417033658,0.6830433222125281,0.0122067310223345,0.6542065780123809,371,19,0
BG-0079,0.8793217025589057,0.8745863744616164,0.8391983683810492,0.8443409120851281,0.8495852748923235,0.8486730225487714,0.8410589460349631,0.837098408918166,0.1732395540917152,0.1816944869521156,0.0011073170983698,0.6584051853175787,0.0195421676182749,0.6446954249345235,362,10,0
BG-0023,0.0626129723432276,0.0898139347583831,0.0540694762435416,0.1118343430250227,0.3356351686759194,0.406357689190558,0.392002917637524,0.4344680022287508,0.2042469253368452,0.0899805794752304,0.7575753308869502,0.3148948289261851,-0.6271864119664152,0.6266238159013957,370,8,0
BG-0125,0.0188636253348834,0.043874806652176,0.0265471869787191,0.05898572006268,0.2079523580852246,0.2651434918869736,0.2524374816761865,0.2894048273770407,0.1508105848455744,0.0662477986149724,0.8096871264882513,0.2520207913386931,-0.7038610386380224,0.5842431219010382,374,12,0
BG-0272,0.7733406954934862,0.7764342272012977,0.7427503573782123,0.7349151923759312,0.767890393876413,0.7891385461550159,0.77694736148426,0.7855675825011406,0.5099539767830892,0.3620700866832261,0.0225025040714313,0.2074699720653363,-0.0003303336969485,0.3642413691454079,365,9,0
BG-0321,0.0774752015004815,0.0991892685152329,0.0899212449941704,0.1083378922289247,0.2071600294013281,0.2611140112536118,0.2586327723424749,0.2766787752826075,0.215475125462564,0.1444280478531961,0.484032657656495,0.091029166735497,-0.4455944173954521,0.2833436512976791,365,9,0
BG-0057,0.7689733019297974,0.7845291495720006,0.7750461986526868,0.7934223674213646,0.8005008458694219,0.8015259028516437,0.811429129311655,0.7957712708301675,0.1850230258825913,0.1820387276503064,0.0229331840323368,0.6286364078433383,-0.0168550645061163,0.6335287017599474,362,8,0
BG-0098,0.6976010240811151,0.7171190316856781,0.7131634980988596,0.7316656375158429,0.75013065652725,0.7645175969581747,0.736989505703422,0.7664432648922687,0.4182419974651457,0.2847292116603295,0.0164299956915518,0.2759165650902143,-0.0136650556040486,0.4426465781208538,370,16,0
BG-0124,0.0257653392106196,0.0593747074023407,0.0293632973602877,0.0820974920200638,0.3018550691594467,0.3763818260120585,0.3607111617773723,0.4073016263869889,0.2011452399047474,0.0816232254141966,0.849447731465416,0.2839976929957667,-0.7173210919078059,0.6309433416089046,360,6,0
BG-0138,0.7354290523753996,0.7408329310956755,0.7216412817522694,0.7556756172995996,0.7638751964711256,0.7556418445469758,0.7736978502256255,0.7465918217309745,0.4571809004715307,0.3627439537595702,0.0348125501166418,0.2571471394520565,-0.0216997366678002,0.3616145543264517,371,17,0
BG-0139,0.0309360216961524,0.0588088660211892,0.0319145080346733,0.081362487960663,0.2785093019719166,0.3537205403761341,0.3373518781365639,0.3827889795711461,0.2046356921985095,0.0859062046940741,0.8271464220419251,0.2448694272748821,-0.7031060402200211,0.5940717582069259,360,6,0
BG-0179,0.0737852306132792,0.1359926761277242,0.1492980081094779,0.1976886163203243,0.3075762848454129,0.3501201571211352,0.3158461479979724,0.3702488241256969,0.2747670957932084,0.2531088748099341,0.358057040385607,0.0695532188561759,-0.3980478486289059,0.1102675443102993,364,10,0
BG-0201,0.0297136571023015,0.0554223461421474,0.0366944945756869,0.078111928419345,0.2369772229544763,0.2977871489404846,0.284414924465173,0.3223902514447938,0.1774904745006591,0.0802604582784143,0.7714517706438397,0.231485603337629,-0.6738300890711452,0.559825192067612,360,6,0
BG-0039,0.0536240162271805,0.0876001572008113,0.075291840770791,0.1161313184584179,0.2631786663286004,0.3342830375253551,0.32057369168357,0.3575751673427991,0.2266515365111561,0.1629260699797159,0.6196090106456975,0.1716334524310205,-0.5707703595404768,0.3260552211267508,369,10,0
BG-0204,0.269242047068371,0.2857941265976874,0.2710043670115641,0.3055376039764659,0.4063856157435584,0.4560613156826942,0.4541435331710288,0.4682704858997767,0.3198622134307163,0.2378481588557517,0.2525542253012799,0.1734887891076669,-0.2275183650281602,0.3125693224462964,368,9,0
BG-0207,0.119823696346222,0.1520462423351745,0.1497516647240662,0.1589133177925301,0.2416089950843763,0.3045080119596613,0.2626089900167233,0.3147086403486544,0.2195555617493538,0.1454069224142298,0.2736859688119356,0.0892919815645362,-0.2666377729142449,0.2872487666086479,368,9,0
BG-0209,0.0780744043394505,0.1079497515968773,0.0903596015411133,0.1190835344215757,0.2974381932474908,0.3825050897292913,0.3588928875595663,0.4066766805231677,0.2333544205616954,0.1496625570313292,0.5977335519186703,0.2119696709067473,-0.5375325964571874,0.4114208839049026,369,10,0
BG-0211,0.5541540663795294,0.5623910970357238,0.5516835976691162,0.555535941221181,0.5712107068659744,0.5853263643273373,0.5802930022802132,0.5860551963516599,0.2676334532556373,0.2080844540157082,0.0252738480745782,0.3687342775818799,-0.0156665392081733,0.4721197255097495,367,8,0
BG-0231,0.4585521858061904,0.4675536548300488,0.456386135454131,0.4545475862418315,0.5182153588977255,0.5498026594397448,0.5097661060736536,0.5629081961400135,0.4166830606352264,0.3051443037333468,0.055250061351731,0.1004729118264476,-0.0431920574332519,0.2510972983996713,369,10,0
BG-0245,0.4656513401226125,0.4750839438617826,0.4626277093783251,0.4892508638597557,0.532267061863505,0.5506915032679736,0.5343369407711405,0.5552015149212141,0.4177995592035264,0.3405900592795258,0.0719275566912675,0.1223956665569639,-0.0586999910655754,0.221443482119531,376,17,0
BG-0259,0.6876239714227811,0.7178538356303206,0.7157628850830969,0.6865009779083912,0.7437359191325501,0.7992505674908799,0.717494112282124,0.814193549858127,0.5190252026753143,0.3386158644102149,0.0012078972593258,0.1605061135770784,0.0002506175235905,0.3587488578211605,368,9,0
BG-0285,0.6214787194259146,0.6199102688498079,0.5937805488174651,0.5725080099049928,0.6412006670709518,0.6985034263189811,0.6515222306448353,0.7028559935314332,0.4726436426116838,0.3343833990297151,0.0463675844779708,0.1591211691162357,-0.0248632639228525,0.3216726044254442,371,12,0
BG-0311,0.6644289659016063,0.6668855449156407,0.6447820945432438,0.6708467902923442,0.6896675533262397,0.6893164006687944,0.6941603992501391,0.6819525763793888,0.4769172873283679,0.3526849014541215,0.0368785851041299,0.1855070030037734,-0.0200396279430639,0.3261948041093477,368,9,0
BG-0036,0.8707261334278903,0.8754650473633553,0.8559134744947057,0.8502659237120708,0.8666930753254645,0.8688334228255911,0.842833883795147,0.859942343346335,0.4252474697330424,0.2785041639228002,-0.0076995502808175,0.3293056970676619,0.0189903880963295,0.5032645784389668,366,9,0
BG-0224,0.7437601144941484,0.7623139774051368,0.7546315770809057,0.7492296418258269,0.7738459395106134,0.7969552003647594,0.7905012259992902,0.7996393738284615,0.4124878717260245,0.2809714524545316,0.0232146057910873,0.3142284123671914,-0.0181523522775633,0.4755415455670139,365,8,0
BG-0335,0.0357349898580121,0.0669294523326571,0.0416897261663285,0.0937351064908721,0.2563835192697768,0.3265206034482757,0.3126648681541581,0.3539691125760646,0.2149249695740363,0.0920347718052738,0.764700518438187,0.1852573563603697,-0.6473632574543123,0.5451699842653698,372,15,0
BG-0337,0.4570540157081328,0.463638419052445,0.4387361844438814,0.4219858981504942,0.4978036888776287,0.5570215049404614,0.523897268811756,0.5667208411451735,0.3254057866734228,0.2143694907524703,0.0884667825327063,0.2337110185302954,-0.0610194147916174,0.4192627855031551,366,9,0
BG-0021,0.999824033443122,1.0029681935647334,0.9692416062832538,0.9932463947301752,0.9899131998986576,0.9811312338484928,0.9793586977451232,0.9642586217380296,0.5368197669115787,0.3896216366860908,0.0051919787967568,0.2918778634240432,0.0119099911942424,0.4307856338228972,364,5,0
BG-0037,0.1061712612795295,0.1398540707695427,0.1532668660650917,0.1862391767210788,0.3096152438406165,0.3555390804015005,0.32198279935111,0.3783156341883809,0.2426473182601642,0.1787240089222346,0.3550048439029719,0.1405087660335632,-0.3943572728049775,0.2861131266077529,376,17,0
BG-0053,0.1772518921931201,0.197426267794721,0.1981232483915092,0.2193653933836565,0.3519910431126196,0.4086709914382693,0.3846906732863873,0.4320572217437559,0.2777382846142154,0.2028632352196158,0.3201149079585444,0.1614548811560561,-0.3216955087132125,0.3094651153442436,367,8,0
BG-0097,0.4261249708521314,0.4585119176762811,0.4520187408120847,0.4713028286105337,0.5636910630100878,0.5946255690170832,0.5720713996046027,0.6128555076798293,0.4956512596948345,0.3628843057738126,0.1172286052316354,0.0715730243656247,-0.1101895208511037,0.223740111566166,364,5,0
BG-0100,0.3944308241730407,0.4091288283268322,0.4003301707107035,0.4085416341624031,0.4749160224912617,0.494808246796008,0.4851363811357072,0.5072383769819158,0.3929913986120256,0.3146830353072284,0.095775735682124,0.1049334557553262,-0.0849944200049514,0.2131147885688268,379,20,0
BG-0114,0.3827091351515766,0.401884837270607,0.3974827385176923,0.4163681689141235,0.4850201713474603,0.5273844722701,0.4964492852073402,0.5350100070972319,0.4116580148027982,0.3550022913920712,0.1107092531233552,0.093371422521981,-0.1052664543965985,0.1661245309805993,374,15,0
BG-0126,0.0136744222582607,0.0316964828704642,0.0145050121629839,0.04312495438881,0.1755859618893168,0.2316110176363269,0.2161994273261706,0.2486675400364891,0.0977635262517737,0.0377318112710318,0.8742545900278103,0.3772289046356995,-0.7442758709062841,0.7028186726495376,377,18,0
BG-0154,0.0078123421733177,0.0233460169362608,0.013922367019928,0.0342960853912073,0.1085974291364535,0.1392364940925917,0.1303050453830941,0.1485081486740023,0.0765059429035039,0.0349227878910805,0.8069386840134939,0.2601365765199845,-0.6961164266116501,0.5772771790436709,368,9,0
BG-0194,0.0163878755636621,0.0527412980696154,0.0405575568728783,0.0928615088412625,0.2495963773623144,0.290178735370117,0.2871666666666665,0.3124381719612908,0.1863952424380604,0.0996861782439074,0.7524897217859489,0.2127946152153904,-0.6896730671754935,0.484629984991057,364,5,0
BG-0325,0.7400575677729919,0.7469352774258929,0.7257809526222448,0.7453764631365594,0.7543500481378264,0.7562657106663293,0.7226787686850772,0.7525381099569297,0.4721216924246263,0.3575170205219153,-0.0021417122558076,0.2097062098785424,0.0165053598970461,0.338051445683971,364,5,0
BG-0333,0.5945439410065382,0.6022897166894738,0.5790719527646851,0.5982786984947548,0.6398278546449752,0.6581470832699814,0.663649602148903,0.6553965587147131,0.4879525822310071,0.3820473670873248,0.0680584070098461,0.1525674597539092,-0.048469847287572,0.2692962142438446,366,7,0
BG-0094,0.3273540410438305,0.3396814998733214,0.3147650519381809,0.3297581808968838,0.4401454725107676,0.481967139599696,0.4592367316949577,0.4956428781352926,0.3090856245249557,0.2022894907524702,0.1866554868628746,0.1954272265468544,-0.1496463932071608,0.388415806091356,364,5,0
BG-0146,0.5863236394989094,0.5894925698635692,0.5684513465537351,0.5711660901759904,0.6042569102804686,0.6227410356545112,0.6118705533296138,0.6210676674950548,0.4571839022163612,0.3548238525130597,0.0367859028796888,0.1446948285101649,-0.0186271602931881,0.2659027498896973,368,9,0
BG-0208,0.6617840798540736,0.6607730289825698,0.6345140859343334,0.6324218331982167,0.6670134627077423,0.6732522344953387,0.6559567389541957,0.6704071189704095,0.3702437069314958,0.2607597284150791,0.0166161470730765,0.2784183471837289,0.0036577664951867,0.4311005906474264,363,6,0
BG-0247,0.6169899219304471,0.6244876761634391,0.5966167798844161,0.6270823126837677,0.6703829717124604,0.6778347409510289,0.6891387356787996,0.6746570820237249,0.3578408445706171,0.3014535334076852,0.0719592136097934,0.3164320463912572,-0.0492157122698936,0.3913670784334245,374,17,0
BG-0278,0.4386804764554144,0.4375748419402153,0.4174024733195081,0.4308638814425166,0.4838815841383844,0.519465565727581,0.5136215922310453,0.5222821354509128,0.2858999241313034,0.1646176420009103,0.1033476173944428,0.2848224387203819,-0.0799485233111565,0.5145735201021661,368,11,0
BG-0070,0.4708805528785187,0.4806929850367741,0.4571194268323612,0.4743615419731172,0.55531993406036,0.6045827643925945,0.5973648795333504,0.6130221506467158,0.4123062642657875,0.326849018513822,0.1329990895590909,0.1832860297177891,-0.1082241485646962,0.2926983262111918,367,10,0
BG-0107,0.0621730310383176,0.0922471236477606,0.0864609139621879,0.1241576230916996,0.3252695379638056,0.4129695076332021,0.3970688504701244,0.4408435749671417,0.2524216408856536,0.1678480689515722,0.6423760425019657,0.2227087409432694,-0.6229547837098134,0.4057601633762441,369,12,0
BG-0133,0.0332858193064287,0.0632757706347597,0.0379275654025552,0.085114758669641,0.2729205637801662,0.3660382528898804,0.3602886889069157,0.3961130906509835,0.2197393784222268,0.1008970543500304,0.8095127208289187,0.2423146713087124,-0.7012224741271811,0.5624450416117202,366,9,0
BG-0189,0.7255540674703677,0.7242095836288117,0.6977819521831627,0.6931707121872147,0.7251729004153581,0.7358082869010227,0.7017366325600243,0.7330823523452532,0.3015776061189342,0.2045946509978725,0.0028257433805977,0.3988371848165641,0.0157600271410316,0.5485212643334672,363,6,0
BG-0266,0.334926525131739,0.3288685295905957,0.3111057154438588,0.3125037190920146,0.3808388883259017,0.4121592622618565,0.4132934485204702,0.4243404337251722,0.234494492298338,0.1286098246858532,0.1410655038823917,0.2760146414521535,-0.1137553814663894,0.5253402920971598,374,17,0
BG-0288,0.9537910961333812,0.9451586023412556,0.9026724167637968,0.874000486494704,0.8846788932245476,0.8953177165154819,0.9132909289008256,0.8830478994577609,0.3863028328181219,0.2442311407287285,0.0058473163361909,0.4055021742991953,0.0171474516282029,0.5780103945544801,362,5,0
BG-0306,0.6552463157894737,0.6659735425101214,0.6493171862348179,0.6454703036437249,0.6887279655870449,0.7092257692307691,0.677791649797571,0.7144901315789475,0.4375392611336033,0.2464996761133605,0.0214560123402404,0.2154090649773027,-0.0087947711066648,0.466619085989098,371,13,0
BG-0018,0.6665671987432854,0.6899340630384105,0.6946578341947907,0.6793778757474404,0.7063738167629473,0.7564576264315392,0.7162148018648017,0.7676611786763958,0.5412774855579202,0.3677389986824769,0.015279173413,0.1391160153080717,-0.0186898695311325,0.3214858446977928,368,13,0
BG-0010,0.1409596867396593,0.1657456001622059,0.1746083890916463,0.1743101328061638,0.1908203416463909,0.2153074006488239,0.1927828467153284,0.2217113848337388,0.1753695610300082,0.1683248479318735,0.0494689471395851,0.0472991220999037,-0.0754117191776358,0.0677304835814981,363,5,0
BG-0048,0.4734141793313072,0.4798140830800406,0.4626311803444781,0.4797098986828776,0.5467141742654511,0.5693828571428572,0.5587169098277608,0.5754126139817628,0.4543088095238096,0.3747243211752786,0.0940773575706974,0.1030655967656793,-0.0759754184386917,0.1971121293354172,366,8,0
BG-0170,0.3987778678967911,0.4190385512242103,0.4068178030111015,0.4352978151771683,0.5078258174076141,0.5393953262026666,0.5468366806914382,0.5469356161605922,0.4148495361687028,0.328334800020277,0.1468234880380542,0.1372455403943159,-0.1323132897959937,0.2496675057252426,367,9,0
BG-0246,0.7729537536775889,0.7555720503195696,0.7277786547631124,0.71529221365527,0.7420895860809572,0.7514885867911124,0.7249156335599066,0.7554333671502483,0.4827372273511207,0.3610619914781371,-0.0019708353135406,0.2005364406010612,0.0207069718265611,0.3350470890862259,368,10,0
BG-0121,0.5782768922889856,0.578395678386868,0.548732338636133,0.5756870503597123,0.619893626507245,0.6264491437835648,0.6396087597527611,0.6211902421724596,0.1640684669166075,0.1967481710406323,0.0764733469538626,0.5917055716595413,-0.0502568623308052,0.5295114710079796,367,8,0
BG-0033,0.6879400456273762,0.694582342205323,0.667764446134347,0.6565327351077316,0.7059826463878326,0.7540124106463881,0.7127653637515841,0.7566912294043096,0.4283912547528518,0.2606868187579214,0.0325968460043288,0.2491981419442881,-0.0129200633711892,0.4644075519233306,386,15,0
BG-0222,0.0309484124568878,0.0732675948468249,0.0309645769933049,0.1007122438628525,0.3877465763846624,0.5084938172043015,0.4882783373909518,0.5525178535199842,0.2168627003448975,0.0822794278758369,0.8807318265285363,0.3849097166682396,-0.7390503941330268,0.7115824798655973,386,15,0
BG-0295,0.1805192647058823,0.2014173884381339,0.189415537525355,0.2080274847870182,0.2908639046653146,0.3279453955375253,0.3297633265720081,0.3399277738336713,0.2301148174442191,0.1741768407707912,0.2703264688763085,0.1779824952854397,-0.241623866430135,0.3087399970944983,384,13,0
BG-0056,0.4665916097017569,0.4656784799230343,0.4474103600182287,0.4700667071750469,0.5027465694465545,0.5059615575472176,0.5218529748341689,0.5021304217935088,0.2371627626715277,0.2464535925869665,0.0768032918807112,0.3750781414601493,-0.0568837525534271,0.3584498609345434,381,11,0
BG-0075,0.0901510106894979,0.1285069811033993,0.0988400729520238,0.1547996504382188,0.3975911849637774,0.4949254420183394,0.4656545367039869,0.522594300623132,0.2556684431835453,0.1590302244287958,0.6498103923002752,0.2911124411330723,-0.5674341832920307,0.4908464738585405,377,7,0
BG-0192,0.0608578090941349,0.0984865362193947,0.0973831804126323,0.1364120748213109,0.3034943123637654,0.384096304557206,0.3726296395802707,0.4025877224109088,0.1998589547320931,0.1290007705175647,0.5856147906174014,0.3017888680484517,-0.5819012749786179,0.4856740423994426,375,5,0
BG-0215,0.0231344145970603,0.0454938165230613,0.0464490876837303,0.0690521743537759,0.1232247744551444,0.1551652154080082,0.1495737303598581,0.1676249113025848,0.1048352255448555,0.0778550734921439,0.5260848900417119,0.1758527118509103,-0.5335583263333192,0.3153455307903067,375,5,0
BG-0242,0.0621057665973525,0.1067106507075112,0.1040302733681594,0.1518379925952224,0.3659637064462138,0.4527411066592278,0.4279458183293604,0.4826941573261651,0.2841024496627274,0.2091989501445452,0.6088911701418688,0.2020135082587285,-0.6008253639959152,0.3433236510891543,377,7,0
BG-0200,0.647080634213059,0.6416243908616583,0.6104996504736332,0.6055098475254546,0.6299570791753204,0.6513740388024923,0.6406373233372168,0.6473723418266546,0.273992477584722,0.195631102781014,0.0240882281432279,0.4008669358716718,0.0007697863185896,0.5321332321750101,387,11,0
BG-0116,0.0288618502960676,0.0552282453565463,0.0590204463788653,0.0794961840174098,0.1712478414899539,0.2139000455488637,0.2143981679234778,0.2309905663242065,0.1558425881876612,0.1119844982033503,0.5682777741415865,0.1581554131178343,-0.5903350514907578,0.313784034352887,392,15,0
BG-0144,0.0167241798298906,0.0433245392871607,0.0254861533009315,0.0640066778047793,0.2273021618063994,0.3135176285945726,0.3063893428513569,0.3421242304576752,0.191791413527744,0.0797524453219926,0.8464113584979068,0.2300328301649756,-0.7522286560531765,0.5869266276552817,382,5,0
BG-0328,0.9224374936657546,0.9379085791020572,0.916126517685214,0.9134761579000712,0.9390029593594812,0.9549315192054324,0.9389804398500052,0.953007687240296,0.638300025336982,0.4559472940103376,0.0123194633452058,0.1906321806105533,-0.0005710837119962,0.3462782580879046,385,8,0
BG-0044,0.8119688158961883,0.797433090024331,0.7710822283049474,0.7251675841443636,0.7616417629764805,0.7795201743714524,0.7269122212084348,0.7828605890105439,0.4215659215328468,0.2523741382806165,-0.029486095299526,0.2658703621008951,0.0462630535851911,0.4845754036392495,373,11,0
BG-0077,0.009167156763334,0.0459139728249847,0.0342015970391401,0.0690670452240924,0.146689652200365,0.1782411072804706,0.1605986564591361,0.1851285844656257,0.0859916751166092,0.0374187943621983,0.6488546967990184,0.3025543656386617,-0.5553398067309853,0.6220656895945977,374,12,0
BG-0089,0.0301699934107151,0.0755894571443053,0.0765897207156976,0.1091593137006437,0.2424509503776167,0.2954702367073848,0.2706990977748492,0.3124021136398194,0.1696880024329667,0.1395488316691165,0.5589278051128361,0.2293688786393061,-0.5634308089566943,0.3196853821626563,375,13,0
BG-0106,0.1244836813298195,0.1537194709101966,0.1356586813298196,0.1733678238394486,0.3616542519764849,0.4491023819176969,0.4288744729373607,0.4796516977498479,0.2761978005270626,0.1805116561929859,0.519395166415273,0.2165404571365575,-0.4722929322093359,0.4075623071677274,370,8,0
BG-0233,0.0943107079511477,0.1282337607054173,0.1309944509197791,0.160184928799473,0.3212665382861198,0.3797923225054478,0.3600547103836213,0.4062849135965136,0.2525262859169919,0.1748644098717884,0.4664711346942199,0.175533399037834,-0.4747622837810802,0.3462024322918378,378,16,0
BG-0237,0.293364056957535,0.3091817675078543,0.2984529694942738,0.3255671582041144,0.4023601499949323,0.4290705533596835,0.4350473446843009,0.439781696564305,0.2020418617614269,0.1701422266139656,0.1862226539643614,0.365734469467461,-0.169122082319119,0.4377225428753751,370,8,0
BG-0316,0.0512694284560234,0.1090056750479652,0.0764014743007169,0.1529019085125719,0.4080865444814704,0.483811829748561,0.4706924265374129,0.5101728516611128,0.2705118448954862,0.1450137988488336,0.7207006907455104,0.2700747814835669,-0.6239226081649989,0.528951331431274,383,21,0
BG-0176,0.0281614846719027,0.0803143248036484,0.0946257055991892,0.149606379528756,0.335048330377502,0.3972741575880416,0.3835890499113252,0.4235830098809225,0.2507517557638714,0.1858978413985307,0.6042543459447529,0.2094099779787316,-0.6537454600195817,0.3471391730511868,379,18,0
BG-0223,0.3570977600242704,0.3641870000505637,0.3510347170956159,0.3535275471507306,0.4509571674166959,0.4959830611316173,0.46067167922334,0.5132539313343781,0.3268264296910553,0.2125799312332507,0.13506972795203,0.1699626297729107,-0.1169711631787746,0.3684978158787271,385,24,0
BG-0058,0.0272288271385832,0.0700826732924293,0.0641159271842198,0.1034528015820699,0.2199558440241366,0.2833172912124131,0.2570525125500735,0.3089009837229348,0.1750234825820191,0.1046657471730642,0.6007333271148078,0.1898486166605409,-0.5715369283072458,0.4212857971108438,362,6,0
BG-0076,0.5790925494171314,0.6013169842878865,0.6031254992397367,0.5922708869741513,0.6450819918905221,0.6770006791687785,0.6464362493664473,0.6981356614292955,0.5220137810440952,0.38417401926001,0.0346607521997382,0.1064850571989248,-0.0361604072516955,0.2544727508449595,362,6,0
BG-0188,0.4449101585050894,0.4433055755304599,0.4207193852230717,0.4303604699448016,0.4955905757836633,0.5183256595938623,0.5210494049729071,0.5264191522762951,0.3640750797589507,0.2626837038537499,0.1065336001726676,0.1773471731058379,-0.0806174396505599,0.3296603119216971,368,11,0
BG-0195,0.7824699994932348,0.7877444129123805,0.7576539603709523,0.746218410783966,0.7822843966958901,0.8067519738509098,0.7812203314245175,0.804283342624031,0.532997998276998,0.3864693660365885,0.015314032588113,0.1888745024610147,0.0041582078318912,0.3380615297422178,368,11,0
BG-0205,0.8136124081674013,0.8262654912094036,0.8076962304301564,0.807379692962456,0.8333409687389163,0.8439570907432739,0.8045033591731264,0.8426795916299332,0.446739570350104,0.2752433652530779,-0.001980444156927,0.2859267216473651,0.0133447067198839,0.4901705019770319,363,6,0
BG-0027,0.3565550598255931,0.3766510292030013,0.3664438450618535,0.3730849117825999,0.4509686980328533,0.4820113465828431,0.4698619955384303,0.4912256033258972,0.3987300801054551,0.3114465676333399,0.1236606818414005,0.0818933506620414,-0.1101116741398047,0.2027565489132656,365,4,0
BG-0172,0.0064933478569257,0.0265461242273786,0.0219128685783767,0.0487295217347248,0.1460490171243287,0.1781133752153207,0.1753096919647381,0.194028923903131,0.1148524774546559,0.0599656956125241,0.7777853758917569,0.2083566394304785,-0.7369793476536407,0.4902510098483469,364,4,0
BG-0276,0.6849154204660588,0.6751580547112458,0.6471484042553189,0.6239499544072945,0.6462186220871323,0.6761589614994931,0.6301644174265452,0.6700571631205672,0.2202357193515703,0.1739869300911853,-0.0132966541480501,0.4820421356328315,0.0344693654212604,0.5672781482534316,367,7,0
BG-0281,0.2277200375196471,0.2498726613598335,0.2399667444100795,0.2618123155706534,0.3764089641535263,0.4209710084672719,0.4059140495867768,0.4334793134918621,0.2900781726917812,0.2052955483445723,0.2569317848109058,0.1664327174745846,-0.2379453343934062,0.3282319222754383,365,5,0
BG-0282,0.3512098677878524,0.3671702497340559,0.3638564307785826,0.3639181297806593,0.4323341522719214,0.4637781672660956,0.4254914644648193,0.4790839116559441,0.3040799807507216,0.1856248518312142,0.0780834839209028,0.1664147966731736,-0.0735764244520214,0.3925056592948341,375,15,0
BG-0324,0.392834222649724,0.4216302738824484,0.4230445046322077,0.449935356654685,0.4716257226750367,0.4769078975345516,0.4470940819116084,0.4812019035083278,0.2656482762112083,0.2334490001518756,0.0276387895575639,0.2545741860751513,-0.029311723401475,0.3139332209680783,371,11,0
BG-0064,0.5586517799188645,0.5667035344827588,0.5472555780933066,0.5461348985801214,0.6219408113590266,0.662091445233266,0.6286244979716025,0.6756899949290067,0.5112563286004058,0.4195341835699798,0.0691983149766407,0.1029652983322483,-0.0518024858512701,0.1994834542553256,379,15,0
BG-0012,0.0341036255767963,0.0602032909081689,0.0340134830890928,0.0773681760559809,0.2744247249125299,0.3794697175599615,0.3692878910805741,0.4076414786268447,0.1829727954971858,0.0783499467572638,0.8313247349621797,0.3373680222250521,-0.7196529594419152,0.6499404646590801,368,8,0
BG-0073,0.0586010395537525,0.0816863133874239,0.0800160801217038,0.0946578600405679,0.1880771399594321,0.2320607505070995,0.2250001369168357,0.2449137271805274,0.1688080882352941,0.118265654158215,0.4753322895510592,0.1426888650175714,-0.4672975391877665,0.3109383035936854,367,7,0
BG-0120,0.0228485649087221,0.0527396754563894,0.0383121095334685,0.0661435496957403,0.1533040365111562,0.1962019979716024,0.1865669269776876,0.2052820740365111,0.1003264908722109,0.068944401622718,0.6592647306938466,0.300600957497733,-0.559229248838482,0.460341723395441,367,7,0
BG-0314,0.0195553730738037,0.057104850973236,0.0308322789943228,0.0181213909164639,-0.0026373276561232,0.0077521948499594,-0.0004567062043795,0.0007306163828061,0.0089586425385239,0.0137019414030819,-1.0,-1.0,1.0,-1.0,372,12,0
BG-0046,0.5917956605495286,0.60351733752408,0.5760332860184529,0.5858469684680118,0.6611274054547298,0.6876172564128564,0.6823203944033258,0.6940380462333978,0.517656149244652,0.3820362313697659,0.0844652104082909,0.1372228865891726,-0.061285382224026,0.2821273958016183,367,8,0
BG-0059,0.1996886764705882,0.220996602434077,0.2138376977687626,0.2425154208924949,0.3586192647058824,0.4215995486815415,0.4069080070993915,0.4418396095334686,0.1779783265720081,0.1354341328600405,0.3110296339007884,0.3914088385180163,-0.2960822421791841,0.5005583269993693,364,5,0
BG-0254,0.0282658709644721,0.0640840656834422,0.0467264000810906,0.095130515432568,0.2615242866555165,0.3217136789823119,0.319371587856672,0.346910070447519,0.1684910800263544,0.0912761897521666,0.7447328222462987,0.3092684022842548,-0.6657550092595609,0.5554526544200052,389,30,0
BG-0280,0.7587446312803885,0.7807220877228527,0.7704253342787682,0.8050513067260939,0.8265360767828196,0.8193243314424634,0.8378726549837924,0.8097898905996759,0.1238257445299837,0.145600906604538,0.0419370795432942,0.7424852852150141,-0.0353087562643206,0.7039047874975115,363,9,0
BG-0068,0.8734575637709823,0.8986907703230388,0.8982468431462037,0.9484218469496424,0.9537663015365896,0.9271124499213956,0.9621835082914958,0.9092474009838228,0.1267051270348395,0.1525500126781276,0.0343665996933898,0.767276243090063,-0.0341198428599533,0.7263022779732402,362,7,0
BG-0143,0.7290884816223064,0.7461338808618504,0.7414764055766796,0.7729266768060836,0.7927843092522181,0.7852732217997465,0.801470443599493,0.782507442332066,0.1319146615969582,0.1581626615969582,0.038882763884476,0.7173414041802308,-0.0357562730104821,0.6703684757424454,362,7,0
BG-0214,0.6925240068822426,0.7178125297302768,0.7124673903142554,0.7176347097818933,0.7621832346541166,0.790484742674966,0.7732864126309394,0.8001310358787509,0.5390726076615555,0.338328708061333,0.0409347916162981,0.1784677830897089,-0.037203354737022,0.3912844441147319,362,7,0
BG-0236,0.0171613918596989,0.0331668863094936,0.0199241725378883,0.0519622079172791,0.1836170256982106,0.2322234527852401,0.2324352273303258,0.2555672918039434,0.1311294287596938,0.0536260884991636,0.8420968464159205,0.2786458938559427,-0.7502513375742864,0.625072769146261,367,10,0
BG-0322,0.0341730129764801,0.0640294809407948,0.0380987682481751,0.0875431011759935,0.3153834347120846,0.4348200223033253,0.4146050081103001,0.4677703517842659,0.2187943278588808,0.1004728862530413,0.8316834528987602,0.3091425410981908,-0.7324493641578781,0.6098730411359231,365,8,0
BG-0319,0.0138446163960956,0.0341302280888079,0.0181508117129418,0.0593522682445759,0.2249535174227482,0.2789116067364588,0.2796412582814948,0.3068537399484144,0.1362985434683659,0.0517853689374399,0.8780974139890226,0.3446237032620717,-0.7824516913016846,0.6875002508278768,379,30,0
BG-0244,0.0303170684764991,0.0565240022285251,0.0323779983792544,0.0813865832658022,0.2727096029173422,0.3524809106564021,0.3478247771474878,0.3877167645867099,0.1885182029983793,0.0772802724878444,0.8296803681435665,0.2970236957436872,-0.7204195728462325,0.6364179980730046,371,17,0
BG-0171,0.8175292917531516,0.8273270490558391,0.7990173492634027,0.7582402673011696,0.7788227762871462,0.8243865590036957,0.7624249734217586,0.8259268414924313,0.4977706069964056,0.336765002784387,-0.0234349839952572,0.2100105495827355,0.0408252826330309,0.3872487739622017,367,13,0
BG-0105,1.029202066869301,1.0472982877406276,1.0226834042553186,1.0542864792299904,1.0473862613981766,1.033278566362715,1.06916047112462,1.0155188095238092,0.47464874366768,0.3105021631205675,0.0222182292934552,0.385094039963302,-0.0103296051918885,0.5498868268032162,362,10,0
BG-0136,0.4147165965214744,0.4517151462907558,0.4507102581005019,0.461393093656508,0.5639349576593476,0.6148805689366663,0.5910454692966884,0.6404033264033262,0.5305546473302568,0.3712032300593273,0.1347102852477824,0.0539326102678638,-0.1336167869434157,0.228467172140103,359,7,0
BG-0303,0.2388943903922164,0.2739153187392318,0.2672566889632105,0.2896498885172797,0.4130535015708926,0.4691329887503799,0.4348723117462246,0.4877524272828621,0.2929163372859023,0.213377156177156,0.2387248249447813,0.1950510971132993,-0.2270877567329322,0.3416819704898671,360,8,0
BG-0001,0.6331727373962337,0.6463370824053454,0.6277228487548087,0.6241251316055882,0.6713410963757847,0.6937580431261391,0.6530364294391575,0.6982977778902614,0.3537898714314639,0.1940401295808868,0.0197645108767388,0.2972176608308002,-0.0051558285379407,0.5418592864726051,402,12,0
BG-0041,0.013061573557741,0.0489379042887559,0.034085105951536,0.0795452549934097,0.2765176822467808,0.3770296360133835,0.3630244955895772,0.4070195782216365,0.1844073253573964,0.0851537463246476,0.8283340124778766,0.326282038050328,-0.7624156752984786,0.6200005338905099,399,9,0
BG-0164,0.0542740005067139,0.0854803242969343,0.0849177603242969,0.1147019305801874,0.2179171877375222,0.2705397669115784,0.2592719179123384,0.2990063288573601,0.2604908132759058,0.160557669115784,0.5065641668317854,-0.0023450995818435,-0.5041057673815169,0.2351293282956304,399,9,0
BG-0226,0.3225553634796714,0.3493798641387001,0.3269824495589577,0.358402266044814,0.4543590286930953,0.5003308425428369,0.4744286424008921,0.5089478708303762,0.3492981293724019,0.2774308070566763,0.183983219500188,0.151907789471396,-0.1517935020936594,0.2620141776316578,408,18,0
BG-0310,0.1463445069138429,0.1747347667527732,0.1664827280555134,0.2100396444309375,0.4007179557311455,0.4753004659879453,0.4524367978524035,0.5032167198500735,0.2713358000303905,0.1652010079521856,0.4620214063814081,0.2502180910852058,-0.4427847925064205,0.4650553887743957,414,24,0
BG-0066,0.4403639142335767,0.4580211577453365,0.4425757806163828,0.470229480940795,0.5259975111516623,0.5463560675182482,0.5586608120437955,0.5586292528386051,0.4014965632603406,0.287513559407948,0.115941658823103,0.1636859256886633,-0.0989883339028156,0.3204389801721981,424,35,0
BG-0113,0.4229325951451881,0.4569957279683777,0.447576759742563,0.4821070744438248,0.551544554806669,0.5823969137992197,0.5501054021182792,0.58662324532509,0.387473739421274,0.2689338063142958,0.1027668392752289,0.1734591305326562,-0.0924531522885787,0.3432944270666499,398,9,0
BG-0117,0.0724360542839781,0.0922689791371278,0.1016588667206805,0.1130622392140975,0.1239181891837148,0.1300034585780838,0.1398626038079805,0.1430439639457159,0.1862464249544257,0.156440723111201,0.15817946538532,-0.1422340906121896,-0.2050286482650102,-0.055949825051213,401,12,0
BG-0030,0.6811102018107331,0.6945719083506149,0.6808025694198574,0.6904755399322241,0.7174490718729456,0.7398192757068435,0.7003701987759852,0.741932436396743,0.508606211117293,0.3525536290526531,0.0141674016507637,0.1586168150920497,-0.0041566530938792,0.3303340284744118,433,42,0
BG-0150,0.7604975234236515,0.7510313395796397,0.7152825626740942,0.6949776804254242,0.7189090098759173,0.7357140187389211,0.7049088478095719,0.7297877639908836,0.2703339225120283,0.130361488984553,-0.0073044483919174,0.4456069181156157,0.0316788369258318,0.687857970666366,414,23,0
BG-0169,0.1770164123878555,0.1832788585331238,0.1665066906584216,0.1879880277763698,0.2696330224542551,0.2934188808353186,0.3085225606974506,0.3091151300116581,0.1992408079476912,0.1290157331846521,0.298962368388208,0.2152218129506946,-0.2546631572561768,0.410265409960134,402,11,0
BG-0217,0.0154698591977309,0.0421143334683954,0.0202999544165316,0.0604650779983792,0.219870223865478,0.2926490933954619,0.2827971839546191,0.3199707961912481,0.1479348713533225,0.0553879102512155,0.8660498444450918,0.3131002462885657,-0.7407642929840175,0.6724402630382994,400,9,0
BG-0240,0.2599553861737149,0.2973750468473031,0.3191181818181818,0.3448534565712839,0.3572195036718156,0.3593423347682958,0.3772116282603191,0.3708026994175741,0.3583017168903519,0.3098508533806026,0.0834280618197117,0.0257098140973818,-0.1183488858570754,0.0980417017078821,414,23,0
BG-0122,0.6968925685608555,0.7084154965276016,0.703503665027627,0.7114994525269934,0.7264819485983679,0.744518502559943,0.7409121609976176,0.7439284229735897,0.2079352258326152,0.1938214173467835,0.025898702642252,0.561709862473766,-0.0224218894197501,0.5852905644192652,425,38,0
