system:index,B11,B12,B2,B3,B4,B5,B6,B7,B8,B8A,NBR,NDMI,NDVI,NDWI,aspect,casualty,dem_source,district,elevation,event_date,event_day_of_year,event_month,event_time_raw,event_type,has_casualty,hls_cloud_cover,hls_date,hls_days_before_event,hls_image_count,hls_valid,landslide_name,landslide_target,location,rainfall_24h_mm,record_id,road_affected,road_affected_flag,slide_id,slide_no,slope,source,source_code,state,state_code,year,.geo
000000000000000000c1,,,,,,,,,,,,,,,30.937125746476735,0,PART2,West Garo Hills,397.7198181152344,2024-06-15,167.0,6.0,,1.0,0,53.0,2024-06-14,0.009386574074074073,10,true,Rongkon Landslide,1,Near Rongkon Poultry Farm,125.69000244140625,LS-0194,,0,Newspapers & Media/2024/Meghalaya/203,74,8.793879971865524,Field Survey,2,Meghalaya,3,2024,"{""type"":""Point"",""coordinates"":[90.23077042298067,25.54553890643763]}"
000000000000000000dd,,,,,,,,,,,,,,,225.61704618208967,0,PART2,East Khasi Hills,1761.984130859375,2024-06-19,171.0,6.0,,2.0,0,80.0,2024-06-18,0.023159722222222224,10,true,Pomlum Landslide,1,Pomlum village in Laitlyngkot,349.0,LS-0222,,0,Newspapers & Media/2024/Meghalaya/64,24,16.862459284893784,Field Survey,2,Meghalaya,3,2024,"{""type"":""Point"",""coordinates"":[91.82858226705771,25.51894928685594]}"
000000000000000000e1,,,,,,,,,,,,,,,68.98434066365888,0,PART2,East Khasi Hills,1739.510009765625,2024-06-28,180.0,6.0,,1.0,0,69.0,2024-06-27,0.0025578703703703705,10,true,Sohiong Landslide,1,Mawmaram Road,43.61000061035156,LS-0226,,0,Newspapers & Media/2024/Meghalaya/81,26,13.87607452676314,Field Survey,2,Meghalaya,3,2024,"{""type"":""Point"",""coordinates"":[91.70037419356905,25.510164857780648]}"
00000000000000000115,,,,,,,,,,,,,,,312.81981410044847,0,PART2,Ri Bhoi,693.5777587890625,2024-07-06,188.0,7.0,,3.0,0,0.0,2024-07-04,1.0093865740740742,10,true,Umran Landslide,1,"GS Road, Umran Villahge, Ri Bhoi",28.959999084472656,LS-0278,,0,Newspapers & Media/2024/Meghalaya/130,48,24.150330282326173,Field Survey,2,Meghalaya,3,2024,"{""type"":""Point"",""coordinates"":[91.87471612655666,25.781193478910144]}"
0000000000000000011d,,,,,,,,,,,,,,,256.58628759825973,0,PART2,Ri Bhoi,592.1676025390625,2024-07-14,196.0,7.0,,3.0,0,79.0,2024-07-12,1.0025347222222223,10,true,Pahamrinai Landslide,1,"GS Road, PahamrinaiVillahge, Ri Bhoi",0.8989999890327454,LS-0286,,0,Newspapers & Media/2024/Meghalaya/129,47,33.192020951779206,Field Survey,2,Meghalaya,3,2024,"{""type"":""Point"",""coordinates"":[91.87530472789572,25.809076237797342]}"
000000000000000000a9,,,,,,,,,,,,,,,103.75303912102856,0,PART2,Ri Bhoi,570.809814453125,2024-06-14,166.0,6.0,,2.0,0,41.0,2024-06-12,1.0025347222222223,10,true,Ri Palei Landslide,1,Ri Bhoi region,107.0,LS-0170,NH 6,1,Newspapers & Media/2024/Meghalaya/57,19,8.501349014637618,Field Survey,2,Meghalaya,3,2024,"{""type"":""Point"",""coordinates"":[91.87428805285553,25.827808921322866]}"
000000000000000000aa,,,,,,,,,,,,,,,282.1817194695362,0,PART2,Ri Bhoi,606.1914672851562,2024-06-14,166.0,6.0,,2.0,0,41.0,2024-06-12,1.0025347222222223,10,true,Umsamlem Landslide,1,Ri Bhoi region,107.0,LS-0171,NH 6,1,Newspapers & Media/2024/Meghalaya/58,20,24.12518058851778,Field Survey,2,Meghalaya,3,2024,"{""type"":""Point"",""coordinates"":[91.87518879126833,25.800586109391578]}"
000000000000000000ab,,,,,,,,,,,,,,,209.76087803314317,0,PART2,Ri Bhoi,967.6685791015624,2024-06-14,166.0,6.0,,2.0,0,41.0,2024-06-12,1.0025347222222223,10,true,Umiam Landslide,1,Ri Bhoi region,234.0,LS-0172,NH 6,1,Newspapers & Media/2024/Meghalaya/59,21,31.31557830685353,Field Survey,2,Meghalaya,3,2024,"{""type"":""Point"",""coordinates"":[91.89985207919493,25.679204919615728]}"
000000000000000000b1,,,,,,,,,,,,,,,133.92405099217933,0,PART2,West Garo Hills,422.2034606933594,2024-06-15,167.0,6.0,,1.0,0,53.0,2024-06-14,0.009386574074074073,10,true,Rongram Landslide,1,Near Rongram Nepali Baptist Church,125.69000244140625,LS-0178,NH 217,1,Newspapers & Media/2024/Meghalaya/187,58,12.03727384356741,Field Survey,2,Meghalaya,3,2024,"{""type"":""Point"",""coordinates"":[90.25729315604656,25.59974373884332]}"
000000000000000000b2,,,,,,,,,,,,,,,64.64004677250267,0,PART2,East Garo Hills,465.4007568359375,2024-06-15,167.0,6.0,,1.0,0,53.0,2024-06-14,0.009386574074074073,10,true,Mangrure Landslide 1,1,Tura Williamnagar Road,125.69000244140625,LS-0179,SH 1,1,Newspapers & Media/2024/Meghalaya/188,59,27.411835186632597,Field Survey,2,Meghalaya,3,2024,"{""type"":""Point"",""coordinates"":[90.42024654494368,25.556717872778624]}"
000000000000000000b3,,,,,,,,,,,,,,,60.21851201023378,0,PART2,East Garo Hills,476.2195739746094,2024-06-15,167.0,6.0,,1.0,0,53.0,2024-06-14,0.009386574074074073,10,true,Mangrure Landslide 2,1,Tura Williamnagar Road,125.69000244140625,LS-0180,SH 1,1,Newspapers & Media/2024/Meghalaya/189,60,27.59077955988232,Field Survey,2,Meghalaya,3,2024,"{""type"":""Point"",""coordinates"":[90.42012169011419,25.55650383592806]}"
000000000000000000b4,,,,,,,,,,,,,,,60.21848850998339,0,PART2,East Garo Hills,476.2195739746094,2024-06-15,167.0,6.0,,1.0,0,53.0,2024-06-14,0.009386574074074073,10,true,Mangrure Landslide 3,1,Tura Williamnagar Road,125.69000244140625,LS-0181,SH 1,1,Newspapers & Media/2024/Meghalaya/190,61,27.590762703621216,Field Survey,2,Meghalaya,3,2024,"{""type"":""Point"",""coordinates"":[90.42005034449733,25.55638789930067]}"
000000000000000000b5,,,,,,,,,,,,,,,359.7993900020092,0,PART2,East Garo Hills,471.3088684082031,2024-06-15,167.0,6.0,,1.0,0,53.0,2024-06-14,0.009386574074074073,10,true,Simsang Landslide 1,1,Tura Williamnagar Road,125.69000244140625,LS-0182,SH 1,1,Newspapers & Media/2024/Meghalaya/191,62,25.70820314164706,Field Survey,2,Meghalaya,3,2024,"{""type"":""Point"",""coordinates"":[90.41259472753599,25.54998908928897]}"
000000000000000000b6,,,,,,,,,,,,,,,4.070201228277313,0,PART2,East Garo Hills,472.2780456542969,2024-06-15,167.0,6.0,,1.0,0,53.0,2024-06-14,0.009386574074074073,10,true,Simsang Landslide 2,1,Tura Williamnagar Road,125.69000244140625,LS-0183,SH 1,1,Newspapers & Media/2024/Meghalaya/192,63,28.270287136272216,Field Survey,2,Meghalaya,3,2024,"{""type"":""Point"",""coordinates"":[90.41268390955705,25.550020302996348]}"
000000000000000000b7,,,,,,,,,,,,,,,13.031616087986947,0,PART2,East Garo Hills,463.8292846679688,2024-06-15,167.0,6.0,,1.0,0,53.0,2024-06-14,0.009386574074074073,10,true,Simsang Landslide 3,1,Tura Williamnagar Road,125.69000244140625,LS-0184,SH 1,1,Newspapers & Media/2024/Meghalaya/193,64,28.395175863225987,Field Survey,2,Meghalaya,3,2024,"{""type"":""Point"",""coordinates"":[90.40864396400264,25.549017005259326]}"
000000000000000000b8,,,,,,,,,,,,,,,293.9760842898777,0,PART2,East Garo Hills,494.89947509765625,2024-06-15,167.0,6.0,,1.0,0,53.0,2024-06-14,0.009386574074074073,10,true,Durakalakgre Landslide,1,Tura Williamnagar Road,125.69000244140625,LS-0185,SH 1,1,Newspapers & Media/2024/Meghalaya/194,65,19.9359177207302,Field Survey,2,Meghalaya,3,2024,"{""type"":""Point"",""coordinates"":[90.38567959357736,25.547884393591747]}"
000000000000000000b9,,,,,,,,,,,,,,,307.1229804840693,0,PART2,West Garo Hills,520.6331787109375,2024-06-15,167.0,6.0,,1.0,0,53.0,2024-06-14,0.009386574074074073,10,true,Matchurigre Landslide 1,1,Tura Williamnagar Road,125.69000244140625,LS-0186,SH 1,1,Newspapers & Media/2024/Meghalaya/195,66,21.47122807721512,Field Survey,2,Meghalaya,3,2024,"{""type"":""Point"",""coordinates"":[90.35146045209324,25.561542620118455]}"
000000000000000000ba,,,,,,,,,,,,,,,290.0070520640517,0,PART2,West Garo Hills,522.86181640625,2024-06-15,167.0,6.0,,1.0,0,53.0,2024-06-14,0.009386574074074073,10,true,Matchurigre Landslide 2,1,Tura Williamnagar Road,125.69000244140625,LS-0187,SH 1,1,Newspapers & Media/2024/Meghalaya/196,67,26.760116969684507,Field Survey,2,Meghalaya,3,2024,"{""type"":""Point"",""coordinates"":[90.35138018827426,25.561885970899567]}"
000000000000000000bb,,,,,,,,,,,,,,,290.0070525253569,0,PART2,West Garo Hills,522.86181640625,2024-06-15,167.0,6.0,,1.0,0,53.0,2024-06-14,0.009386574074074073,10,true,Matchurigre Landslide 3,1,Tura Williamnagar Road,125.69000244140625,LS-0188,SH 1,1,Newspapers & Media/2024/Meghalaya/197,68,26.760116460332075,Field Survey,2,Meghalaya,3,2024,"{""type"":""Point"",""coordinates"":[90.35138018827426,25.561885970899567]}"
000000000000000000bc,,,,,,,,,,,,,,,12.066611665766745,0,PART2,West Garo Hills,532.6704711914062,2024-06-15,167.0,6.0,,1.0,0,53.0,2024-06-14,0.009386574074074073,10,true,Matchurigre Landslide 4,1,Tura Williamnagar Road,125.69000244140625,LS-0189,SH 1,1,Newspapers & Media/2024/Meghalaya/198,69,26.19616902861012,Field Survey,2,Meghalaya,3,2024,"{""type"":""Point"",""coordinates"":[90.34938251100232,25.561703147756376]}"
000000000000000000bd,,,,,,,,,,,,,,,5.297132783992936,0,PART2,West Garo Hills,616.4326171875,2024-06-15,167.0,6.0,,1.0,0,53.0,2024-06-14,0.009386574074074073,10,true,Matchurigre Landslide 5,1,Tura Williamnagar Road,125.69000244140625,LS-0190,SH 1,1,Newspapers & Media/2024/Meghalaya/199,70,26.25953548433628,Field Survey,2,Meghalaya,3,2024,"{""type"":""Point"",""coordinates"":[90.34141409741981,25.557145946479757]}"
000000000000000000be,,,,,,,,,,,,,,,80.43656897373671,0,PART2,West Garo Hills,629.3353271484375,2024-06-15,167.0,6.0,,1.0,0,53.0,2024-06-14,0.009386574074074073,10,true,Matchurigre Landslide 6,1,Tura Williamnagar Road,125.69000244140625,LS-0191,SH 1,1,Newspapers & Media/2024/Meghalaya/200,71,10.167173111784589,Field Survey,2,Meghalaya,3,2024,"{""type"":""Point"",""coordinates"":[90.34120006056925,25.556209535258528]}"
000000000000000000bf,,,,,,,,,,,,,,,37.22353056153327,0,PART2,West Garo Hills,612.1469116210938,2024-06-15,167.0,6.0,,1.0,0,53.0,2024-06-14,0.009386574074074073,10,true,Matchurigre Landslide 7,1,Tura Williamnagar Road,125.69000244140625,LS-0192,SH 1,1,Newspapers & Media/2024/Meghalaya/201,72,23.41813627254723,Field Survey,2,Meghalaya,3,2024,"{""type"":""Point"",""coordinates"":[90.34061591833125,25.555085841793062]}"
000000000000000000c0,,,,,,,,,,,,,,,257.0657507413964,0,PART2,West Garo Hills,437.5877075195313,2024-06-15,167.0,6.0,,1.0,0,53.0,2024-06-14,0.009386574074074073,10,true,Chasingre Landslide,1,Tura RongramDedenggre Road,125.69000244140625,LS-0193,NH 217,1,Newspapers & Media/2024/Meghalaya/202,73,10.411557975141214,Field Survey,2,Meghalaya,3,2024,"{""type"":""Point"",""coordinates"":[90.23600986671846,25.556378981098565]}"
000000000000000000c2,,,,,,,,,,,,,,,155.77778434173206,0,PART1,West Garo Hills,112.13970184326172,2024-06-15,167.0,6.0,,1.0,0,53.0,2024-06-14,0.009386574074074073,10,true,Rengsipara Landslide 1,1,Paikan Tura Dalu Road,125.69000244140625,LS-0195,NH 217,1,Newspapers & Media/2024/Meghalaya/204,75,3.4597596905591224,Field Survey,2,Meghalaya,3,2024,"{""type"":""Point"",""coordinates"":[90.2045598269885,25.308287975787994]}"
000000000000000000c3,,,,,,,,,,,,,,,169.53550399907795,0,PART1,West Garo Hills,116.37973022460938,2024-06-15,167.0,6.0,,1.0,0,53.0,2024-06-14,0.009386574074074073,10,true,Rengsipara Landslide 2,1,Paikan Tura Dalu Road,125.69000244140625,LS-0196,NH 217,1,Newspapers & Media/2024/Meghalaya/205,76,8.478199331960466,Field Survey,2,Meghalaya,3,2024,"{""type"":""Point"",""coordinates"":[90.20464454990852,25.308131907251123]}"
000000000000000000c4,,,,,,,,,,,,,,,350.5787560299501,0,PART1,West Garo Hills,321.2816467285156,2024-06-15,167.0,6.0,,1.0,0,53.0,2024-06-14,0.009386574074074073,10,true,Bolpuchring Landslide 1,1,Paikan Tura Dalu Road,125.69000244140625,LS-0197,NH 217,1,Newspapers & Media/2024/Meghalaya/206,77,33.19507460297655,Field Survey,2,Meghalaya,3,2024,"{""type"":""Point"",""coordinates"":[90.22067055909461,25.49654676316342]}"
000000000000000000c5,,,,,,,,,,,,,,,345.4088687402152,0,PART1,West Garo Hills,324.26202392578125,2024-06-15,167.0,6.0,,1.0,0,53.0,2024-06-14,0.009386574074074073,10,true,Bolpuchring Landslide 2,1,Paikan Tura Dalu Road,125.69000244140625,LS-0198,NH 217,1,Newspapers & Media/2024/Meghalaya/207,78,13.59162325044198,Field Survey,2,Meghalaya,3,2024,"{""type"":""Point"",""coordinates"":[90.22174074334744,25.496702831700297]}"
000000000000000000c6,,,,,,,,,,,,,,,218.01245362302907,0,PART1,West Garo Hills,326.5908203125,2024-06-15,167.0,6.0,,1.0,0,53.0,2024-06-14,0.009386574074074073,10,true,Bolpuchring Landslide 3,1,Paikan Tura Dalu Road,125.69000244140625,LS-0199,NH 217,1,Newspapers & Media/2024/Meghalaya/208,79,23.43372236216661,Field Survey,2,Meghalaya,3,2024,"{""type"":""Point"",""coordinates"":[90.22228921277701,25.496123148563345]}"
000000000000000000c7,,,,,,,,,,,,,,,74.1074008271438,0,PART1,West Garo Hills,241.8148193359375,2024-06-15,167.0,6.0,,1.0,0,53.0,2024-06-14,0.009386574074074073,10,true,Derengre Landslide,1,Paikan Tura Dalu Road,125.69000244140625,LS-0200,NH 217,1,Newspapers & Media/2024/Meghalaya/209,80,12.034631309550257,Field Survey,2,Meghalaya,3,2024,"{""type"":""Point"",""coordinates"":[90.22314090107821,25.476507563029234]}"
000000000000000000c8,,,,,,,,,,,,,,,85.25654854733284,0,PART1,West Garo Hills,206.6259002685547,2024-06-15,167.0,6.0,,1.0,0,53.0,2024-06-14,0.009386574074074073,10,true,Dinasagre Landslide 1,1,Paikan Tura Dalu Road,125.69000244140625,LS-0201,NH 217,1,Newspapers & Media/2024/Meghalaya/210,81,16.59286163584466,Field Survey,2,Meghalaya,3,2024,"{""type"":""Point"",""coordinates"":[90.22083108673253,25.470969359520858]}"
000000000000000000c9,,,,,,,,,,,,,,,77.24559683845581,0,PART1,West Garo Hills,197.12542724609372,2024-06-15,167.0,6.0,,1.0,0,53.0,2024-06-14,0.009386574074074073,10,true,Dinasagre Landslide 2,1,Paikan Tura Dalu Road,125.69000244140625,LS-0202,NH 217,1,Newspapers & Media/2024/Meghalaya/211,82,22.840540705017617,Field Survey,2,Meghalaya,3,2024,"{""type"":""Point"",""coordinates"":[90.22070623190304,25.469957143581727]}"
000000000000000000ca,,,,,,,,,,,,,,,182.9682055568504,0,PART1,West Garo Hills,146.43960571289062,2024-06-15,167.0,6.0,,1.0,0,53.0,2024-06-14,0.009386574074074073,10,true,Rongbretgre Landslide 1,1,Paikan Tura Dalu Road,125.69000244140625,LS-0203,NH 217,1,Newspapers & Media/2024/Meghalaya/212,83,18.706908348891435,Field Survey,2,Meghalaya,3,2024,"{""type"":""Point"",""coordinates"":[90.2230561781582,25.399735220192067]}"
000000000000000000cb,,,,,,,,,,,,,,,99.90980697304484,0,PART1,West Garo Hills,143.01535034179688,2024-06-15,167.0,6.0,,1.0,0,53.0,2024-06-14,0.009386574074074073,10,true,Rongbretgre Landslide 2,1,Paikan Tura Dalu Road,125.69000244140625,LS-0204,NH 217,1,Newspapers & Media/2024/Meghalaya/213,84,9.20789657203088,Field Survey,2,Meghalaya,3,2024,"{""type"":""Point"",""coordinates"":[90.22663683630412,25.396903691023123]}"
000000000000000000cc,,,,,,,,,,,,,,,309.17364023242146,0,PART1,West Garo Hills,146.65341186523438,2024-06-15,167.0,6.0,,1.0,0,53.0,2024-06-14,0.009386574074074073,10,true,Rongbretgre Landslide 3,1,Paikan Tura Dalu Road,125.69000244140625,LS-0205,NH 217,1,Newspapers & Media/2024/Meghalaya/214,85,6.778031343607663,Field Survey,2,Meghalaya,3,2024,"{""type"":""Point"",""coordinates"":[90.22618200799667,25.395994034408222]}"
000000000000000000cd,,,,,,,,,,,,,,,28.054758747248684,0,PART1,West Garo Hills,148.3535614013672,2024-06-15,167.0,6.0,,1.0,0,53.0,2024-06-14,0.009386574074074073,10,true,Rongbretgre Landslide 4,1,Paikan Tura Dalu Road,125.69000244140625,LS-0206,NH 217,1,Newspapers & Media/2024/Meghalaya/215,86,8.497379003398317,Field Survey,2,Meghalaya,3,2024,"{""type"":""Point"",""coordinates"":[90.22566475227447,25.39365746545621]}"
000000000000000000ce,,,,,,,,,,,,,,,353.9637595968842,0,PART1,West Garo Hills,147.44151306152344,2024-06-15,167.0,6.0,,1.0,0,53.0,2024-06-14,0.009386574074074073,10,true,Santogre Landslide 1,1,Paikan Tura Dalu Road,125.69000244140625,LS-0207,NH 217,1,Newspapers & Media/2024/Meghalaya/216,87,20.14673930065327,Field Survey,2,Meghalaya,3,2024,"{""type"":""Point"",""coordinates"":[90.22225353996858,25.35569713818823]}"
000000000000000000cf,,,,,,,,,,,,,,,6.029562400195687,0,PART1,West Garo Hills,149.1885223388672,2024-06-15,167.0,6.0,,1.0,0,53.0,2024-06-14,0.009386574074074073,10,true,Santogre Landslide 2,1,Paikan Tura Dalu Road,125.69000244140625,LS-0208,NH 217,1,Newspapers & Media/2024/Meghalaya/217,88,21.21490390764534,Field Survey,2,Meghalaya,3,2024,"{""type"":""Point"",""coordinates"":[90.22203504401696,25.355737270097713]}"
000000000000000000d0,,,,,,,,,,,,,,,32.072534384189964,0,PART1,West Garo Hills,173.54408264160156,2024-06-15,167.0,6.0,,1.0,0,53.0,2024-06-14,0.009386574074074073,10,true,Kherapara Landslide 1,1,Paikan Tura Dalu Road,125.69000244140625,LS-0209,NH 217,1,Newspapers & Media/2024/Meghalaya/218,89,8.33261962597472,Field Survey,2,Meghalaya,3,2024,"{""type"":""Point"",""coordinates"":[90.20377948430415,25.33871688137671]}"
000000000000000000d1,,,,,,,,,,,,,,,31.37339853982678,0,PART1,West Garo Hills,171.00950622558594,2024-06-15,167.0,6.0,,1.0,0,53.0,2024-06-14,0.009386574074074073,10,true,Kherapara Landslide 2,1,Paikan Tura Dalu Road,125.69000244140625,LS-0210,NH 217,1,Newspapers & Media/2024/Meghalaya/219,90,16.176748441671357,Field Survey,2,Meghalaya,3,2024,"{""type"":""Point"",""coordinates"":[90.20544718809815,25.324710844967836]}"
000000000000000000d2,,,,,,,,,,,,,,,56.14292332103355,0,PART1,West Garo Hills,171.23382568359375,2024-06-15,167.0,6.0,,1.0,0,53.0,2024-06-14,0.009386574074074073,10,true,Kherapara Landslide 3,1,Paikan Tura Dalu Road,125.69000244140625,LS-0211,NH 217,1,Newspapers & Media/2024/Meghalaya/220,91,12.117051954437269,Field Survey,2,Meghalaya,3,2024,"{""type"":""Point"",""coordinates"":[90.2051350510244,25.324394248793038]}"
000000000000000000d3,,,,,,,,,,,,,,,78.24290393655934,0,PART1,West Garo Hills,168.78060913085938,2024-06-15,167.0,6.0,,1.0,0,53.0,2024-06-14,0.009386574074074073,10,true,Kherapara Landslide 4,1,Paikan Tura Dalu Road,125.69000244140625,LS-0212,NH 217,1,Newspapers & Media/2024/Meghalaya/221,92,13.527729103910511,Field Survey,2,Meghalaya,3,2024,"{""type"":""Point"",""coordinates"":[90.2050681645086,25.324305066771974]}"
000000000000000000d4,,,,,,,,,,,,,,,300.96180752410845,0,PART1,West Garo Hills,142.03579711914062,2024-06-15,167.0,6.0,,1.0,0,53.0,2024-06-14,0.009386574074074073,10,true,Dopogre Landslide 1,1,Paikan Tura Dalu Road,125.69000244140625,LS-0213,NH 217,1,Newspapers & Media/2024/Meghalaya/222,93,3.260146883302801,Field Survey,2,Meghalaya,3,2024,"{""type"":""Point"",""coordinates"":[90.20006505312664,25.314874068043935]}"
000000000000000000d5,,,,,,,,,,,,,,,300.96179103869986,0,PART1,West Garo Hills,142.03579711914062,2024-06-15,167.0,6.0,,1.0,0,53.0,2024-06-14,0.009386574074074073,10,true,Dopogre Landslide 2,1,Paikan Tura Dalu Road,125.69000244140625,LS-0214,NH 217,1,Newspapers & Media/2024/Meghalaya/223,94,3.260148443426137,Field Survey,2,Meghalaya,3,2024,"{""type"":""Point"",""coordinates"":[90.20007397132873,25.314949872761837]}"
000000000000000000ee,,,,,,,,,,,,,,,276.8210359313259,0,PART2,Ri Bhoi,1004.84375,2024-06-30,182.0,6.0,,3.0,0,60.0,2024-06-29,0.009479166666666667,10,true,Umiam 2 Landslide,1,Near Umiam Fire Station,114.33999633789062,LS-0239,NH 6,1,Newspapers & Media/2024/Meghalaya/82,27,6.564668818897281,Field Survey,2,Meghalaya,3,2024,"{""type"":""Point"",""coordinates"":[91.90392769755779,25.669591097744497]}"
000000000000000000ef,,,,,,,,,,,,,,,272.25582584345165,0,PART2,Ri Bhoi,947.86328125,2024-06-30,182.0,6.0,,3.0,0,60.0,2024-06-29,0.009479166666666667,10,true,Umbang 1 Landslide,1,"GS Road, Ri Bhoi",129.27999877929688,LS-0240,NH 6,1,Newspapers & Media/2024/Meghalaya/87,29,14.17700107466429,Field Survey,2,Meghalaya,3,2024,"{""type"":""Point"",""coordinates"":[91.90069484929404,25.68249127709212]}"
000000000000000000f0,,,,,,,,,,,,,,,240.9995453165265,0,PART2,Ri Bhoi,988.1036987304688,2024-06-30,182.0,6.0,,3.0,0,60.0,2024-06-29,0.009479166666666667,10,true,NEPA Landslide,1,"GS Road, Ri Bhoi",129.27999877929688,LS-0241,NH 6,1,Newspapers & Media/2024/Meghalaya/88,30,20.083734753005515,Field Survey,2,Meghalaya,3,2024,"{""type"":""Point"",""coordinates"":[91.89749767383871,25.676047876069887]}"
000000000000000000f1,,,,,,,,,,,,,,,49.67492357281202,0,PART2,Ri Bhoi,998.8360595703124,2024-06-30,182.0,6.0,,3.0,0,60.0,2024-06-29,0.009479166666666667,10,true,Umiam 3 Landslide,1,"GS Road, Ri Bhoi",114.33999633789062,LS-0242,NH 6,1,Newspapers & Media/2024/Meghalaya/89,31,31.43465630025499,Field Survey,2,Meghalaya,3,2024,"{""type"":""Point"",""coordinates"":[91.89837611674625,25.675098087545503]}"
000000000000000000f2,,,,,,,,,,,,,,,197.56240973936613,0,PART2,Ri Bhoi,913.7825927734376,2024-06-30,182.0,6.0,,3.0,0,60.0,2024-06-29,0.009479166666666667,10,true,Umbang 2 Landslide,1,"GS Road, Ri Bhoi",114.33999633789062,LS-0243,NH 6,1,Newspapers & Media/2024/Meghalaya/90,32,22.147835134343524,Field Survey,2,Meghalaya,3,2024,"{""type"":""Point"",""coordinates"":[91.90237593039119,25.686236921977013]}"
000000000000000000f3,,,,,,,,,,,,,,,214.2935463078007,0,PART2,Ri Bhoi,910.961181640625,2024-06-30,182.0,6.0,,3.0,0,60.0,2024-06-29,0.009479166666666667,10,true,Umbang 3 Landslide,1,"GS Road, Ri Bhoi",114.33999633789062,LS-0244,NH 6,1,Newspapers & Media/2024/Meghalaya/91,33,13.036546782332158,Field Survey,2,Meghalaya,3,2024,"{""type"":""Point"",""coordinates"":[91.90314289577238,25.6868032278108]}"
000000000000000000f4,,,,,,,,,,,,,,,298.4175432155553,0,PART2,Ri Bhoi,880.5927124023438,2024-06-30,182.0,6.0,,3.0,0,60.0,2024-06-29,0.009479166666666667,10,true,Sumer Landslide,1,"GS Road, Ri Bhoi",129.27999877929688,LS-0245,NH 6,1,Newspapers & Media/2024/Meghalaya/92,34,27.765485533739025,Field Survey,2,Meghalaya,3,2024,"{""type"":""Point"",""coordinates"":[91.9063400712277,25.692127394468613]}"
000000000000000000f5,,,,,,,,,,,,,,,186.3775504843321,0,PART2,Ri Bhoi,961.8806762695312,2024-06-30,182.0,6.0,,3.0,0,60.0,2024-06-29,0.009479166666666667,10,true,Umbang 4 Landslide,1,"GS Road, Ri Bhoi",8.600000381469727,LS-0246,NH 6,1,Newspapers & Media/2024/Meghalaya/93,35,9.345778505290104,Field Survey,2,Meghalaya,3,2024,"{""type"":""Point"",""coordinates"":[91.8995399421212,25.67938774275892]}"
000000000000000000f8,,,,,,,,,,,,,,,99.43276024396636,0,PART2,Ri Bhoi,1038.870361328125,2024-07-01,183.0,7.0,,3.0,0,60.0,2024-06-29,1.0094791666666667,10,true,Umiam Dam Landslide,1,Near Umiam Dam,494.04998779296875,LS-0249,NH 6,1,Newspapers & Media/2024/Meghalaya/83,28,32.43519471833342,Field Survey,2,Meghalaya,3,2024,"{""type"":""Point"",""coordinates"":[91.89807735697566,25.653137014857286]}"
000000000000000000fd,,,,,,,,,,,,,,,14.745652185429948,0,PART2,Ri Bhoi,1082.5496826171875,2024-07-02,184.0,7.0,,3.0,0,31.0,2024-07-01,0.0696875,10,true,Umiam 4 Landslide,1,"GS Road, Ri Bhoi",263.5299987792969,LS-0254,NH 6,1,Newspapers & Media/2024/Meghalaya/109,40,22.155332171832463,Field Survey,2,Meghalaya,3,2024,"{""type"":""Point"",""coordinates"":[91.8989825544895,25.649230842334465]}"
000000000000000000fe,,,,,,,,,,,,,,,114.55555153221724,0,PART2,Ri Bhoi,1104.63427734375,2024-07-02,184.0,7.0,,3.0,0,31.0,2024-07-01,0.0696875,10,true,Umiam 5 Landslide,1,"GS Road, Ri Bhoi",263.5299987792969,LS-0255,NH 6,1,Newspapers & Media/2024/Meghalaya/110,41,16.183100820659106,Field Survey,2,Meghalaya,3,2024,"{""type"":""Point"",""coordinates"":[91.89869271292103,25.650724641187363]}"
000000000000000000ff,,,,,,,,,,,,,,,207.7962559098305,0,PART2,Ri Bhoi,1124.28076171875,2024-07-02,184.0,7.0,,3.0,0,31.0,2024-07-01,0.0696875,10,true,Umiam View Point Landslide,1,"GS Road, Ri Bhoi",263.5299987792969,LS-0256,NH 6,1,Newspapers & Media/2024/Meghalaya/111,42,27.46561345019772,Field Survey,2,Meghalaya,3,2024,"{""type"":""Point"",""coordinates"":[91.8939928204107,25.651023400957946]}"
00000000000000000100,,,,,,,,,,,,,,,70.98554722022516,0,PART2,East Khasi Hills,1171.884033203125,2024-07-02,184.0,7.0,,3.0,0,31.0,2024-07-01,0.0696875,10,true,Mawlai 2 Landslide,1,"GS Road, East Khasi Hills",263.5299987792969,LS-0257,NH 6,1,Newspapers & Media/2024/Meghalaya/112,43,13.44971042626455,Field Survey,2,Meghalaya,3,2024,"{""type"":""Point"",""coordinates"":[91.88939994632565,25.64138728358145]}"
00000000000000000101,,,,,,,,,,,,,,,140.2830375084091,0,PART2,East Khasi Hills,1174.9417724609375,2024-07-02,184.0,7.0,,3.0,0,31.0,2024-07-01,0.0696875,10,true,Mawlai 3 Landslide,1,"GS Road, East Khasi Hills",50.630001068115234,LS-0258,NH 6,1,Newspapers & Media/2024/Meghalaya/113,44,11.639931819325064,Field Survey,2,Meghalaya,3,2024,"{""type"":""Point"",""coordinates"":[91.88942670093198,25.640972587183484]}"
00000000000000000004,0.21654802411591847,0.10428166987536731,0.027612047826527507,0.07116111561455064,0.0449415695612524,0.11871544736042149,0.27804658526699766,0.32493924409767966,0.32785071435809093,0.35952645658121385,0.5149427893012862,0.20248855351847736,0.7569764405421389,-0.6431523382860121,82.92621015570552,0,PART2,West Kameng,2063.822998046875,2021-04-28,118.0,4.0,,2.0,0,73.0,2021-04-26,1.8145949074074075,5,true,Membachur_Garbow_landslide,1,between Membachur and Garbow villages,0.5387250185012817,LS-0005,,0,Newspaper/2021/Arunachal Pradesh/14,14,36.78596923295876,Newspaper,0,Arunachal Pradesh,0,2021,"{""type"":""Point"",""coordinates"":[92.3039848667698,27.186595112530995]}"
00000000000000000013,0.35970932469373307,0.22780320441429588,0.13658271742431918,0.1694039384428471,0.16296895818568394,0.20414097904221937,0.34288390199453284,0.4003947504302928,0.3980139465424726,0.4195918851878102,0.27281305169768616,0.05114420416248978,0.4247083280560606,-0.40860119944597434,195.3964249979365,1,PART2,Tirap,1326.96044921875,2021-06-22,173.0,6.0,1:30,2.0,1,65.0,2021-05-30,22.82929398148148,3,true,Kuthong Landslide,1,Kuthong Village in Tirap District,96.874331,LS-0020,,0,Newspaper/2021/Arunachal Pradesh/11,11,23.437709630493423,Newspaper,0,Arunachal Pradesh,0,2021,"{""type"":""Point"",""coordinates"":[95.60361262789445,26.91194570134611]}"
00000000000000000043,0.2219076833409356,0.14376968729410572,0.06642993766154782,0.09773660230094774,0.0901001925903401,0.12836211545284076,0.2837020221985709,0.3409124626222696,0.3357744513709391,0.36750030915817766,0.4084595680773428,0.2061867465532779,0.6023172320470878,-0.5739104422086395,141.3113663563994,0,PART2,Lower Subansiri,1044.0313720703125,2021-09-09,252.0,9.0,,3.0,0,41.0,2021-09-05,3.822326388888889,1,true,Raga landslide,1,Raga headquarters,3.679492950439453,LS-0068,,0,Newspaper/2021/Arunachal Pradesh/16,16,12.69807406062382,Newspaper,0,Arunachal Pradesh,0,2021,"{""type"":""Point"",""coordinates"":[94.07395368431827,27.794027235334557]}"
00000000000000000045,0.09603317787803513,0.04571906524053326,0.01622292796674608,0.03343089167131343,0.022317711765600448,0.045081700207836965,0.1335261722512292,0.1733011202919856,0.16345514776701975,0.18807531809195507,0.5572533571442089,0.25441538134215064,0.7558918687222826,-0.6571748645418343,148.24703771873635,0,PART2,West Kameng,777.1378784179688,2021-09-20,263.0,9.0,,2.0,0,79.0,2021-09-13,6.8145949074074075,5,true,20_landslides_BCT_road,1,20 locations along BCT Road between Sessa and Nechiphu,0.0,LS-0070,,0,Newspaper/2021/Arunachal Pradesh/17,17,47.29645951625439,Newspaper,0,Arunachal Pradesh,0,2021,"{""type"":""Point"",""coordinates"":[92.56607299028713,27.10444063472231]}"
00000000000000000030,0.2558137993920973,0.20147813576494425,0.10636211246200608,0.1417350607902736,0.15190674265450857,0.16912659067882474,0.2800811752786222,0.3313630496453901,0.30662127152988855,0.3529231762917934,0.20762589355295,0.09005460718164575,0.35007302946099633,-0.3833204269315147,353.0290084334943,1,PART2,Kamrup metro,66.99681091308594,2021-08-06,218.0,8.0,14:30,2.0,1,69.0,2021-07-20,16.81445601851852,1,true,Borbari_landslide,1,Borbari,0.00963400024920702,LS-0049,,0,Newspaper/2021/Assam/75,75,8.679282354395369,Newspaper,0,Assam,1,2021,"{""type"":""Point"",""coordinates"":[91.81052290779125,26.15423741394037]}"
00000000000000000048,0.17590135292627312,0.11694042057258677,0.05610245249556627,0.08153969597162401,0.07903121357993413,0.09043737015454774,0.16530335951355465,0.20884385102609573,0.190212556371928,0.226601976184444,0.24032996407029236,0.04012915540719502,0.40564525139052765,-0.3904670824050393,29.099160782962315,0,PART2,Kamrup metro,54.59192657470703,2021-10-20,293.0,10.0,,2.0,0,59.0,2021-10-13,6.814247685185185,8,true,Pandu_landslide,1,Guwahati,21.309879302978516,LS-0073,,0,Newspaper/2021/Assam/74,74,2.99661456193117,Newspaper,0,Assam,1,2021,"{""type"":""Point"",""coordinates"":[91.69016285215665,26.17025004582329]}"
0000000000000000000f,,,,,,,,,,,,,,,256.2714919826252,0,PART1,Ukhrul,1873.399658203125,2021-06-16,167.0,6.0,,1.0,0,67.0,2021-06-04,11.829386574074075,4,true,Mini_Secretariat_landslide,1,"Mini Secretariat Complex, Hamleikhong",0.0,LS-0016,,0,Newspaper/2021/Manipur/30,30,23.437737100988457,Newspaper,0,Manipur,2,2021,"{""type"":""Point"",""coordinates"":[94.35842203602287,25.09176740593582]}"
0000000000000000001e,0.13372451462462617,0.06834947533836873,0.010617194707760937,0.041764333147462876,0.032767795407309785,0.06092200537334618,0.18040425305418964,0.2469278096010544,0.22202927459826638,0.2649088913671617,0.519677938571547,0.24077774337094174,0.7300751993540012,-0.6716921186486731,293.9034969561884,3,PART1,Tamenglong,262.5234680175781,2021-07-19,200.0,7.0,14:50,1.0,1,72.0,2021-07-12,6.822349537037037,1,true,Thingou_landslide,1,"8km towards Thingou, 15 km north from Nungba PS",48.191199,LS-0031,,0,Newspaper/2021/Manipur/29,29,22.10979771039799,Newspaper,0,Manipur,2,2021,"{""type"":""Point"",""coordinates"":[93.44024407900676,24.818353165742728]}"
00000000000000000046,0.22018035813929898,0.1313130624461016,0.06264633490589971,0.09361108912900118,0.07547380408867249,0.11610978542078836,0.3076096636737179,0.3719408664333181,0.38171692791558876,0.3979549079287781,0.5210757518585909,0.28526327739547735,0.7077865536193164,-0.6443558370544391,113.17706347645436,0,PART1,Chandel,1508.9569091796875,2021-10-09,282.0,10.0,,2.0,0,46.0,2021-09-25,13.82232638888889,1,true,Khulmulen-Sajik landslide,1,Khulmulen-Sajik Road in Sajik Valley,0.09384900331497192,LS-0071,,0,Newspaper/2021/Manipur/32,32,22.103843962748524,Newspaper,0,Manipur,2,2021,"{""type"":""Point"",""coordinates"":[93.91582950186204,24.00521825224266]}"
00000000000000000002,0.09880443307325967,0.058819444725909414,0.013766100922079236,0.026928351403384336,0.030691716485966178,0.04627076704833316,0.08402471881649616,0.09972499240044586,0.10363625493971024,0.11485159590637352,0.33966708151624736,0.07412491169375708,0.5439316428738672,-0.5731384403921518,205.3447888081092,0,PART2,East Khasi Hills,1294.05810546875,2021-02-24,55.0,2.0,,1.0,0,40.0,2021-02-15,8.81332175925926,5,true,Sonapani_landslide,1,Sonapani Hydro-Electric Power Project,0.27638399600982666,LS-0003,,0,Newspaper/2021/Meghalaya/18,18,38.23284849684716,Newspaper,0,Meghalaya,3,2021,"{""type"":""Point"",""coordinates"":[91.86466085368114,25.585545961089146]}"
0000000000000000000e,0.367945099132904,0.25995621418792153,0.7508469753055117,0.7788809593833986,0.779560240352923,0.7866160235282184,0.8090618173520611,0.8326190000507071,0.7876938948329191,0.8395247249125297,0.519287267103607,0.3782770387457033,0.005139486305554867,-0.005355956616551751,119.41908031847656,4,PART1,Aizawl,886.4696044921875,2021-06-11,162.0,6.0,21:30:00,1.0,1,65.0,2021-05-28,13.82232638888889,2,true,Thuampui landslide,1,Thuampui,17.590322494506836,LS-0015,,0,Newspaper/2021/Mizoram/35,35,34.63244234807314,Newspaper,0,Mizoram,4,2021,"{""type"":""Point"",""coordinates"":[92.74173927628762,23.741921712339842]}"
00000000000000000000,0.09294899645210339,0.06912323365433351,0.020018945767866204,0.0377260415610745,0.04230361885453624,0.05373508362899141,0.07986323365433354,0.09072011657374557,0.09032835783071465,0.09747512417638116,0.2423395381012152,0.06453886350161923,0.39761206321329523,-0.4210226763962177,219.30513329475164,0,PART2,Dimapur,220.1959381103516,2021-02-02,33.0,2.0,,3.0,0,1.0,2021-01-28,4.819085648148148,6,true,TL Park landslide,1,Near TL Park between Chumoukedima and Nukioladong,0.0,LS-0001,,0,Newspaper/2021/Nagaland/37,37,17.586540514558234,Newspaper,0,Nagaland,5,2021,"{""type"":""Point"",""coordinates"":[93.80565403303349,25.79350059781765]}"
00000000000000000005,0.20696551811502403,0.1430296529009374,0.03186811755763872,0.069153088421586,0.08336200658728149,0.11165264758044086,0.17885172029389415,0.20453237902204213,0.2039834659234862,0.22242614137319483,0.1834098492392496,-0.007091891887104666,0.43650712552742776,-0.4993129490388066,353.19526230657874,0,PART2,Dimapur,804.1127319335938,2021-05-10,130.0,5.0,07:00,1.0,0,42.0,2021-04-23,16.822349537037038,2,true,Piphema_landslide,1,Piphema,2.610090970993042,LS-0006,,0,Newspaper/2021/Nagaland/45,45,35.689003159277625,Newspaper,0,Nagaland,5,2021,"{""type"":""Point"",""coordinates"":[93.9406800720329,25.766188603865295]}"
0000000000000000001c,-9999,-9999,-9999,-9999,-9999,-9999,-9999,-9999,-9999,-9999,-9999,-9999,-9999,-9999,333.17440217996733,0,PART2,Phek,1558.338623046875,2021-07-12,193.0,7.0,,2.0,0,,,,0,false,Losami_Phek_landslide,1,Landslide between Losami and Phek Village,1.3348829746246338,LS-0029,,0,Newspaper/2021/Nagaland/41,41,33.073867992085205,Newspaper,0,Nagaland,5,2021,"{""type"":""Point"",""coordinates"":[94.43881070981438,25.657787857256025]}"
0000000000000000002f,0.243836587466437,0.12240570950909373,0.03121976797203505,0.08402566999341404,0.05633584781397232,0.11849658037387917,0.3496019403211915,0.4402146511981358,0.4100002330411876,0.47661643446983143,0.5322419935548431,0.24743657375541722,0.7526043796592262,-0.6560917268308023,117.8953750431586,0,PART2,Wokha,681.3712768554688,2021-08-05,217.0,8.0,,3.0,0,72.0,2021-07-27,8.82232638888889,3,true,Sanis_Doyang_landslide,1,Between Sanis and Doyang,8.485464096069336,LS-0048,,0,Newspaper/2021/Nagaland/44,44,37.43691741510169,Newspaper,0,Nagaland,5,2021,"{""type"":""Point"",""coordinates"":[94.22193787097898,26.208540346569233]}"
00000000000000000031,0.4968976688795418,0.3537762985861247,0.5298152130948156,0.5623089089342725,0.5621454061724016,0.5648109410631937,0.6198815233365428,0.6577228753864084,0.6174663457152991,0.6703382506461258,0.2789481473131219,0.11182239482952411,0.04839229506519285,-0.04725385458942168,138.05477290304032,0,PART2,Wokha,1384.524658203125,2021-08-06,218.0,8.0,,2.0,0,57.0,2021-07-22,14.822349537037036,1,true,Lower Etsuchuka Colony landslide,1,Lower Etsuchuka Colony,57.99448776245117,LS-0050,,0,Newspaper/2021/Nagaland/39,39,8.983991493441088,Newspaper,0,Nagaland,5,2021,"{""type"":""Point"",""coordinates"":[94.25462754080179,26.092898019849173]}"
00000000000000000032,0.5522632147201945,0.3888674624898621,0.6219786141524738,0.6546582978507705,0.6520284367396593,0.6505649482968372,0.6958039233576644,0.726864948296837,0.7087078467153284,0.7364341545012166,0.29175604624564333,0.12407655764276204,0.0419360680309727,-0.03982343381086923,301.22464357554713,0,PART2,Wokha,1351.225341796875,2021-08-06,218.0,8.0,,2.0,0,57.0,2021-07-22,14.822349537037036,1,true,Police_Point_landslide,1,Police Point,57.99448776245117,LS-0051,,0,Newspaper/2021/Nagaland/42,42,5.67291566312167,Newspaper,0,Nagaland,5,2021,"{""type"":""Point"",""coordinates"":[94.25428864912173,26.096246804740307]}"
00000000000000000033,0.28792056841785296,0.20752342063934348,0.23672267592076607,0.26013089315568166,0.25128548052079647,0.26448583008257776,0.35906694361416486,0.4093149045037741,0.3753306753128326,0.4240863012310656,0.2948815448052009,0.1352376053382726,0.21675017192303767,-0.1972327722303813,288.9735287881771,0,PART2,Wokha,1189.765869140625,2021-08-06,218.0,8.0,,2.0,0,57.0,2021-07-22,14.822349537037036,1,true,Airfield_colony_landslide,1,Airfield Colony,57.99448776245117,LS-0052,,0,Newspaper/2021/Nagaland/43,43,15.858148346804628,Newspaper,0,Nagaland,5,2021,"{""type"":""Point"",""coordinates"":[94.24695788698986,26.091212479650963]}"
00000000000000000008,0.1959108821146445,0.14310721085679562,0.04808715819323475,0.06856166700425362,0.06971405711970834,0.09414588819120924,0.16336110998582132,0.1924270204577679,0.19215607656471548,0.2146731112011344,0.15786089799020822,-0.01044570651834774,0.47042265579690046,-0.4698238341670239,239.33368230287056,0,PART2,East Sikkim,1591.645263671875,2021-06-01,152.0,6.0,,1.0,0,52.0,2021-05-24,7.807627314814815,1,true,Seesa Golai Landslide,1,Seesa Golai,50.510061,LS-0009,,0,Newspaper/2021/Sikkim/67,67,25.480757576297734,Newspaper,0,Sikkim,6,2021,"{""type"":""Point"",""coordinates"":[88.6102305408342,27.326816004257658]}"
0000000000000000000d,0.39838720806525163,0.28827165003292965,0.4922621409392572,0.5009629464511881,0.488436004863468,0.49037238968539437,0.5242197325092458,0.547937382846142,0.5407247378286641,0.554979279598764,0.31341883878241594,0.15752152723543036,0.053001447890387694,-0.03849570212882318,212.0324292362287,1,PART2,East Sikkim,1615.595703125,2021-06-09,160.0,6.0,,1.0,1,77.0,2021-06-08,0.807650462962963,4,true,Tashi Namgyal Secondary School Landslide,1,,66.071349,LS-0014,,0,Newspaper/2021/Sikkim/68,68,9.696395541775876,Newspaper,0,Sikkim,6,2021,"{""type"":""Point"",""coordinates"":[88.60827299547174,27.343270087144877]}"
00000000000000000023,-9999,-9999,-9999,-9999,-9999,-9999,-9999,-9999,-9999,-9999,-9999,-9999,-9999,-9999,17.033882134813155,0,PART2,South Sikkim,243.26568603515625,2021-07-29,210.0,7.0,,1.0,0,,,,0,false,Melli Secondary School Landslide,1,Melli Secondary School,33.11083221435547,LS-0036,,0,Newspaper/2021/Sikkim/54,54,2.6980590825541637,Newspaper,0,Sikkim,6,2021,"{""type"":""Point"",""coordinates"":[88.45744390233895,27.090965231338796]}"
00000000000000000024,-9999,-9999,-9999,-9999,-9999,-9999,-9999,-9999,-9999,-9999,-9999,-9999,-9999,-9999,49.397417027857614,1,PART2,South Sikkim,253.4198455810547,2021-07-30,211.0,7.0,,2.0,1,,,,0,false,Melli Bazaar Landslide,1,Melli Bazaar,95.820024,LS-0037,,0,Newspaper/2021/Sikkim/55,55,22.724154735606767,Newspaper,0,Sikkim,6,2021,"{""type"":""Point"",""coordinates"":[88.45681516909039,27.090724439881914]}"
00000000000000000012,0.17648276176485486,0.07933242490248718,0.027225257079175315,0.05490268983334176,0.03530004052479611,0.0769259105415125,0.21738135352819002,0.27927479357681984,0.26476924674535224,0.305056780304949,0.5394497264785615,0.20090151768634076,0.7643218411068049,-0.6561479788402287,271.7567949759658,2,PART2,Kalimpong,471.8810119628906,2021-06-18,169.0,6.0,,2.0,1,77.0,2021-06-08,9.807650462962963,7,true,Bhalukhola_landslide,1,Bhalu Khola,5.959683895111084,LS-0019,,0,Newspaper/2021/Sikkim-West Bengal/60,60,21.39093285493967,Newspaper,0,Sikkim/West Bengal,6,2021,"{""type"":""Point"",""coordinates"":[88.46469440065185,27.09117034998726]}"
00000000000000000026,-9999,-9999,-9999,-9999,-9999,-9999,-9999,-9999,-9999,-9999,-9999,-9999,-9999,-9999,287.97953062032354,2,PART2,Kalimpong,381.1495361328125,2021-07-30,211.0,7.0,,2.0,1,,,,0,false,Mamkhola Landslide,1,Mamkhola,27.444981,LS-0039,,0,Newspaper/2021/Sikkim-West Bengal/56,56,48.37463962810723,Newspaper,0,Sikkim/West Bengal,6,2021,"{""type"":""Point"",""coordinates"":[88.53193318543674,27.142900381308284]}"
00000000000000000027,-9999,-9999,-9999,-9999,-9999,-9999,-9999,-9999,-9999,-9999,-9999,-9999,-9999,-9999,264.0785243617712,0,PART2,Kalimpong,250.74917602539065,2021-07-30,211.0,7.0,,2.0,0,,,,0,false,Melli 2 Landslide,1,near Melli,95.820024,LS-0040,,0,Newspaper/2021/Sikkim-West Bengal/57,57,52.818574803498485,Newspaper,0,Sikkim/West Bengal,6,2021,"{""type"":""Point"",""coordinates"":[88.46675450533853,27.108707994430457]}"
00000000000000000028,-9999,-9999,-9999,-9999,-9999,-9999,-9999,-9999,-9999,-9999,-9999,-9999,-9999,-9999,287.6965485344108,0,PART2,South Sikkim,442.6162414550781,2021-07-30,211.0,7.0,,2.0,0,,,,0,false,Melli_Jorethang_landslide,1,Between Melli and Jorethang,63.980069,LS-0041,,0,Newspaper/2021/Sikkim-West Bengal/58,58,22.242244978473213,Newspaper,0,Sikkim/West Bengal,6,2021,"{""type"":""Point"",""coordinates"":[88.3259271758686,27.111334404950945]}"
0000000000000000003f,0.3468070458231957,0.267487839618816,0.282717533454988,0.30812764598540165,0.2961620032441201,0.30468872668288743,0.381031625101379,0.43013141727493953,0.4113195002027577,0.44292111719383637,0.21522349112900183,0.08766838083942606,0.181379552766988,-0.16169730946438,81.5660521065148,1,PART1,South,26.304155349731445,2021-08-26,238.0,8.0,,2.0,1,76.0,2021-08-04,21.81447916666667,1,true,Sarsima Landslide,1,Sarsima area of Belonia in South Tripura,78.381047,LS-0064,,0,Newspaper/2021/Tripura/70,70,5.334689138846076,Newspaper,0,Tripura,7,2021,"{""type"":""Point"",""coordinates"":[91.48072333477734,23.24630154845144]}"
00000000000000000006,0.622120643852978,0.5439809632446135,0.6488106210392899,0.6737338149556401,0.6688996603295307,0.6961946920152091,0.7112330190114068,0.7157871381495562,0.7147053181242077,0.7197838276299111,0.1348808477258598,0.06876137765710036,0.032929439393403585,-0.02965396997779229,341.7516821195676,0,PART2,West Kameng,1310.51025390625,2021-05-25,145.0,5.0,,3.0,0,57.0,2021-05-01,23.81457175925926,2,true,Nechipu_Saddle_landslide,1,80.3-km between Nechiphu and Saddle,0.01055699959397316,LS-0007,BCT Road,1,Newspaper/2021/Arunachal Pradesh/10,10,28.03227628663524,Newspaper,0,Arunachal Pradesh,0,2021,"{""type"":""Point"",""coordinates"":[92.47976708939768,27.208119193315984]}"
00000000000000000009,-9999,-9999,-9999,-9999,-9999,-9999,-9999,-9999,-9999,-9999,-9999,-9999,-9999,-9999,83.36078793835992,2,PART2,West Kameng,1272.074462890625,2021-06-05,156.0,6.0,9:30,2.0,1,,,,0,false,BCT Road Landslide,1,"77.200 km in Bhalukpong-Charduar-Tawang (BCT) road near Saddle, Nechiphu",0.0,LS-0010,BCT Road,1,Newspaper/2021/Arunachal Pradesh/8,8,7.708982255727231,Newspaper,0,Arunachal Pradesh,0,2021,"{""type"":""Point"",""coordinates"":[92.43801206713322,27.326762495045017]}"
0000000000000000001b,0.20305513573743925,0.1281450820502432,0.13651732171799036,0.15163442564829827,0.13545198541329015,0.16157210798217178,0.2758005014181524,0.3226599929092382,0.3174702593192868,0.3417908934359804,0.42483227880462754,0.21836976650760873,0.4464811321941677,-0.40038721708866754,250.60999958429096,0,PART2,Upper Subansiri,508.3262939453125,2021-07-08,189.0,7.0,,2.0,0,70.0,2021-06-17,20.82232638888889,1,true,Tode landslide,1,Tode Village,73.121865,LS-0028,Trans Arunachal Highway,1,Newspaper/2021/Arunachal Pradesh/7,7,36.41666694747667,Newspaper,0,Arunachal Pradesh,0,2021,"{""type"":""Point"",""coordinates"":[94.46780824396494,27.965814103418563]}"
00000000000000000035,0.18346319866342642,0.07109780275415149,0.029118853786958273,0.05098538375860671,0.027126275820170118,0.07623793539894698,0.28453473066018636,0.37230152389631427,0.3601709447144594,0.4087673096395303,0.6701476891867267,0.3245912321467795,0.8595481212892291,-0.7515352113895908,108.46718062583454,0,PART2,Upper Siang,698.128662109375,2021-08-13,225.0,8.0,,3.0,0,37.0,2021-08-06,6.8223263888888885,4,true,Tuting_Yingkiong_landslide,1,Between Tuting and Yingkiong,75.210383,LS-0054,Yingkiong Road,1,Newspaper/2021/Arunachal Pradesh/2,2,22.606030947409664,Newspaper,0,Arunachal Pradesh,0,2021,"{""type"":""Point"",""coordinates"":[94.74864688741202,28.84960793221154]}"
0000000000000000003d,0.18202193996552077,0.21791443058513338,0.9017773096034883,0.8979030473582799,0.8661140401581988,0.8994862082953047,0.889057382618396,0.8671389615657642,0.8791529763715646,0.8378903711591117,0.6026257013916562,0.6568805614317352,0.007507118302459653,0.010542225195723686,158.803526542084,0,PART2,Nagaon,100.78919219970705,2021-08-25,237.0,8.0,,3.0,0,61.0,2021-08-06,18.82232638888889,1,true,Burapahar Landslide,1,Kaliabor,37.999534606933594,LS-0062,NH 39,1,Newspaper/2021/Assam/73,73,31.209656526103974,Newspaper,0,Assam,1,2021,"{""type"":""Point"",""coordinates"":[93.11099743452348,26.57476185698769]}"
0000000000000000002d,0.21278855159132376,0.10614923474559088,0.033334400973038705,0.07100133792823834,0.05574024934117167,0.10429646259882423,0.27738572369754716,0.34690565578755317,0.3388309041151428,0.3761195013176565,0.5010143228514558,0.210568530388247,0.6942584478918434,-0.6318786920759464,36.819352604808046,0,PART1,Tamenglong,829.8587646484375,2021-08-02,214.0,8.0,3:30,1.0,0,61.0,2021-07-22,10.822349537037036,3,true,Lamlenkon_landslide,1,Lamlenkon in Tujang Waichong,7.934080123901367,LS-0046,Imphal-Tamenglong Road,1,Newspaper/2021/Manipur/23,23,10.942929034340336,Newspaper,0,Manipur,2,2021,"{""type"":""Point"",""coordinates"":[93.8577006605293,25.241120536619942]}"
00000000000000000038,0.30941340666024625,0.19509604642911452,0.08146010441482081,0.12876701302650917,0.12111407572608857,0.1636398246236504,0.34320503826853865,0.426999690810482,0.40039794718434785,0.45505811242333594,0.3523890526632232,0.1296664471443993,0.554572160817241,-0.5294776213228688,81.18442001701595,0,PART1,Tamenglong,368.7687072753906,2021-08-16,228.0,8.0,,3.0,0,61.0,2021-07-22,24.822349537037038,1,true,Awang_khul_landslide,1,5 km away from Awang Khul Village,4.36873722076416,LS-0057,NH 37,1,Newspaper/2021/Manipur/25,25,17.949198083624726,Newspaper,0,Manipur,2,2021,"{""type"":""Point"",""coordinates"":[93.56118827687938,24.826040655958874]}"
0000000000000000003a,0.19058659396398675,0.13072636063910728,0.024850190210499612,0.06268476794319047,0.05247665229520669,0.09207023586101949,0.2540030535125538,0.3274921531828556,0.3169590311945218,0.34987277707329434,0.4449043523992976,0.2592351922803064,0.7211252389478823,-0.6846778182109048,9.39613177429925,0,PART1,Churachandpur,755.6665649414062,2021-08-20,232.0,8.0,,2.0,0,61.0,2021-07-22,28.822349537037038,1,true,S_Kholop_landslide,1,S Kholop village,101.288447,LS-0059,Henglep to Churachandpur road,1,Newspaper/2021/Manipur/24,24,15.903447357413867,Newspaper,0,Manipur,2,2021,"{""type"":""Point"",""coordinates"":[93.50937352263833,24.503656567996842]}"
00000000000000000019,0.2687058871130891,0.18885201800526,0.13685525996358483,0.16281988165081937,0.15502627958729523,0.17512097916245198,0.2918378110459236,0.34080041978555536,0.32387336131903705,0.35731253793242995,0.2762379356667265,0.09912587553569113,0.3669057737495725,-0.3439063839064511,322.43211232778225,0,PART1,West Garo Hills,289.78106689453125,2021-06-30,181.0,6.0,,1.0,0,77.0,2021-06-23,6.807627314814815,6,true,Tura_dalu_stretch,1,Tura-Dalu stretch,107.621934,LS-0026,NH 51,1,Newspaper/2021/Meghalaya/19,19,27.68125635351838,Newspaper,0,Meghalaya,3,2021,"{""type"":""Point"",""coordinates"":[90.21466860907667,25.499355996827095]}"
00000000000000000021,-9999,-9999,-9999,-9999,-9999,-9999,-9999,-9999,-9999,-9999,-9999,-9999,-9999,-9999,233.1724750362776,0,PART2,Tuensang,2220.95458984375,2021-07-20,201.0,7.0,,3.0,0,,,,0,false,Wangshu_PwD_Road_landslide,1,Wangshu Village,43.889829,LS-0034,PWD Road connecting Tobu to ITC Pangsha,1,Newspaper/2021/Nagaland/40,40,14.35055969014902,Newspaper,0,Nagaland,5,2021,"{""type"":""Point"",""coordinates"":[94.7671164839754,26.046657141924936]}"
00000000000000000029,0.2072026301119951,0.0874525718339837,0.02299467389651853,0.05800944610550856,0.030526290984645023,0.090257923275731,0.30701722495312417,0.38870066386256547,0.3838459788172099,0.4236853646176457,0.6209157259613141,0.2921677867692631,0.8434559519352702,-0.7299817477595592,18.51950197721368,0,PART2,Phek,1417.4619140625,2021-07-31,212.0,7.0,,3.0,0,57.0,2021-07-22,8.822349537037036,1,true,Pfutsero-Khomi-Phek landslide,1,,62.610599517822266,LS-0042,Pfutsero-Khomi-Phek,1,Newspaper/2021/Nagaland/48,48,32.219010054713706,Newspaper,0,Nagaland,5,2021,"{""type"":""Point"",""coordinates"":[94.40942523387217,25.659723107113223]}"
0000000000000000002a,0.4643020272667377,0.34225874512188936,0.4709456743195988,0.5011252749480514,0.4971533019106992,0.5077732654198978,0.565389797780143,0.5965378794789926,0.5768559322892909,0.6125840606152754,0.2548674154351439,0.10863093065112744,0.08359832357483418,-0.07999493083742155,13.8062061629833,0,PART2,Phek,1922.3502197265625,2021-07-31,212.0,7.0,,3.0,0,57.0,2021-07-22,8.822349537037036,1,true,Pfutsero-Lanye Landslide,1,,37.740973,LS-0043,Pfutsero-Lanye,1,Newspaper/2021/Nagaland/49,49,24.53452787436523,Newspaper,0,Nagaland,5,2021,"{""type"":""Point"",""coordinates"":[94.40294616004152,25.723470415773285]}"
0000000000000000003b,-9999,-9999,-9999,-9999,-9999,-9999,-9999,-9999,-9999,-9999,-9999,-9999,-9999,-9999,214.01527168194028,0,PART2,East Sikkim,1317.3302001953125,2021-08-24,236.0,8.0,,1.0,0,,,,0,false,Samsing Shanti Turn Landslide,1,Samsing Shanti turn,6.267920970916748,LS-0060,Pakyong to Assam Lingsey Road,1,Newspaper/2021/Sikkim/52,52,35.22415843072704,Newspaper,0,Sikkim,6,2021,"{""type"":""Point"",""coordinates"":[88.61499286075929,27.25022202546262]}"
0000000000000000003c,0.5428158881345627,0.3615954605329819,0.837679759854089,0.8580470615057245,0.830702918228797,0.8114203769378862,0.8309266997669467,0.8666373948728336,0.8179712331543214,0.8709719475124126,0.38698070320556,0.20223181964909723,-0.007737620398417122,0.0239352350568302,24.41387513789624,0,PART2,West Sikkim,1585.6839599609375,2021-08-24,236.0,8.0,,1.0,0,74.0,2021-08-20,3.8007060185185186,2,true,Muneew Taryebhir Landslide,1,Muneew Taryabhir stretch,8.109331130981445,LS-0061,Soreng Sombaria Road,1,Newspaper/2021/Sikkim/53,53,33.20556237893245,Newspaper,0,Sikkim,6,2021,"{""type"":""Point"",""coordinates"":[88.15208912130001,27.162400030215007]}"
00000000000000000042,0.3477046569372657,0.2262478767609201,0.8279218404783623,0.8461424647815946,0.8120313570487481,0.7811665349143602,0.8047045657241304,0.8472351930678016,0.763398327759197,0.8518293351575955,0.5444768188747565,0.375734519105644,-0.030878315173218436,0.05145990312926801,60.132378900927165,0,PART2,West Sikkim,1114.4383544921875,2021-08-29,241.0,8.0,,3.0,0,74.0,2021-08-20,8.800706018518518,2,true,Bongten-Changay Landslide,1,Upper Bongten and Changay,12.638664245605469,LS-0067,Bongten-Changay road,1,Newspaper/2021/Sikkim/69,69,6.754316450323801,Newspaper,0,Sikkim,6,2021,"{""type"":""Point"",""coordinates"":[88.15823376255166,27.26428157108414]}"
00000000000000000036,0.2700851829360863,0.20531516623652654,0.1201769495470878,0.15027966196042716,0.15964935478973732,0.19145490106775984,0.3077140225697082,0.3613940893679471,0.3404753453772583,0.38311410353727043,0.24773684963951403,0.11574996017150666,0.37275496195011715,-0.40151379062950077,195.00126920706816,0,PART2,East Siang,250.6267852783203,2021-08-13,225.0,8.0,14:48,3.0,0,64.0,2021-08-06,6.8223263888888885,3,true,Sirki Waterfall Landslide,1,"near Sirki waterfall, 4kms from Pasighat towards Pangin and Aalo",52.842427,LS-0055,NH 13,1,Newspapers/2021/Arunachal Pradesh/3,3,20.883790908841725,Newspapers,0,Arunachal Pradesh,0,2021,"{""type"":""Point"",""coordinates"":[95.2748431072239,28.122052086129198]}"
00000000000000000037,0.11422793030088131,0.07738773173943873,0.012607147198865357,0.03522339175362172,0.031173254989362777,0.05502149731536824,0.15762816837199875,0.19579285280113456,0.1733191014081653,0.21043999088238272,0.37004750177637546,0.19745475741350538,0.6775792823494206,-0.6541285725055129,312.59802774472683,0,PART2,West Siang,850.4159545898438,2021-08-13,225.0,8.0,,3.0,0,44.0,2021-08-06,6.8223263888888885,3,true,Likabali_Basar_landslide,1,Between Likabali and Basar,19.044726,LS-0056,NH 13,1,Newspapers/2021/Arunachal Pradesh/4,4,20.39602762612812,Newspapers,0,Arunachal Pradesh,0,2021,"{""type"":""Point"",""coordinates"":[94.72132151615651,27.78422167211803]}"
00000000000000000062,,,,,,,,,,,,,,,29.9173162604838,0,PART2,West Kameng,1180.6104736328125,2023-06-23,174.0,6.0,,2.0,0,73.0,2023-06-22,0.01607638888888889,10,true,Sessa Landslide,1,Balipara-Charduar-Tawang road,1.970178811,LS-0099,,0,Newspapers & Media/2023/Arunachal Pradesh/35,35,7.536530561723392,Newspapers & Media,0,Arunachal Pradesh,0,2023,"{""type"":""Point"",""coordinates"":[92.52516073812176,27.106991240524888]}"
00000000000000000063,,,,,,,,,,,,,,,193.3868398973543,0,PART2,West Siang,372.9962158203125,2023-06-23,174.0,6.0,,2.0,0,73.0,2023-06-22,0.01607638888888889,10,true,Pangin Landslide,1,Aalo Pangin Landslide,0.0,LS-0100,,0,Newspapers & Media/2023/Arunachal Pradesh/36,36,39.90175497466261,Newspapers & Media,0,Arunachal Pradesh,0,2023,"{""type"":""Point"",""coordinates"":[94.93064063780734,28.233721353810633]}"
0000000000000000006a,,,,,,,,,,,,,,,155.30630651766978,0,PART2,Upper Subansiri,459.2353820800781,2023-07-28,209.0,7.0,,2.0,0,9.0,2023-07-27,0.06957175925925926,10,true,Taliha Landslide,1,Donyi Colony in Taliha town,76.79615263,LS-0107,,0,Newspapers & Media/2023/Arunachal Pradesh/53,53,26.816879128197364,Newspapers & Media,0,Arunachal Pradesh,0,2023,"{""type"":""Point"",""coordinates"":[94.14435397175008,28.235585258050982]}"
00000000000000000070,,,,,,,,,,,,,,,226.5130542247336,0,PART2,Lower Siang,293.3729248046875,2023-08-18,230.0,8.0,,2.0,0,78.0,2023-08-16,1.016099537037037,10,true,Siji Landslide,1,Likabali Aalo Road,4.32477905,LS-0113,,0,Newspapers & Media/2023/Arunachal Pradesh/64,64,21.3645226533462,Newspapers & Media,0,Arunachal Pradesh,0,2023,"{""type"":""Point"",""coordinates"":[94.69707292462786,27.717103283061565]}"
00000000000000000075,,,,,,,,,,,,,,,169.97858847766634,0,PART2,West Kameng,1533.0120849609375,2023-08-27,239.0,8.0,,2.0,0,65.0,2023-08-26,0.016099537037037037,10,true,Rupa Landslide,1,Shergaon - Rupa Road,18.61701869,LS-0118,,0,Newspapers & Media/2023/Arunachal Pradesh/73,73,38.70201331162149,Newspapers & Media,0,Arunachal Pradesh,0,2023,"{""type"":""Point"",""coordinates"":[92.38797203511146,27.20319188665193]}"
00000000000000000076,,,,,,,,,,,,,,,124.02312842838842,0,PART2,Lower Subansiri,114.38894653320312,2023-10-27,300.0,10.0,11:30 AM,2.0,0,4.0,2023-10-25,1.0696875,10,true,Subansiri Landslide,1,Near Subansiri Hydropower project dam,0.0,LS-0119,,0,Newspapers & Media/2023/Arunachal Pradesh/85,85,21.195745590348643,Newspapers & Media,0,Arunachal Pradesh,0,2023,"{""type"":""Point"",""coordinates"":[94.25898408253103,27.55211654408407]}"
000000000000000000ac,,,,,,,,,,,,,,,111.67767950987708,0,PART2,Upper Siang,433.3520202636719,2024-06-15,167.0,6.0,,3.0,0,53.0,2024-06-14,0.009386574074074073,10,true,Bomdo Landslide,1,Between Ramsing and Bomdo,23.899999618530273,LS-0173,,0,Newspapers & Media/2024/Arunachal Pradesh/52,3,19.321692323389044,Newspapers & Media,0,Arunachal Pradesh,0,2024,"{""type"":""Point"",""coordinates"":[94.91033389160995,28.748529029532026]}"
000000000000000000d7,,,,,,,,,,,,,,,38.7151106091946,0,PART2,Changlang,472.7594299316406,2024-06-16,168.0,6.0,,3.0,0,53.0,2024-06-14,1.0093865740740742,10,true,Rangfra Landslide,1,"Near Rangfra Mandir, Changlang",9.289999961853027,LS-0216,,0,Newspapers & Media/2024/Arunachal Pradesh/67,6,19.89571958926848,Newspapers & Media,0,Arunachal Pradesh,0,2024,"{""type"":""Point"",""coordinates"":[95.74674531260902,27.141179168301655]}"
000000000000000000e0,,,,,,,,,,,,,,,147.7040418066265,0,PART2,West Kameng,176.45594787597656,2024-06-26,178.0,6.0,,3.0,0,78.0,2024-06-24,1.0093865740740742,10,true,Tippi Landslide,1,Road connecting Bomdila-Seppa- Tawang.,163.88999938964844,LS-0225,,0,Newspapers & Media/2024/Arunachal Pradesh/68,7,12.686051631548494,Newspapers & Media,0,Arunachal Pradesh,0,2024,"{""type"":""Point"",""coordinates"":[92.60561629842908,27.036488393768852]}"
000000000000000000e5,,,,,,,,,,,,,,,21.976267431207987,0,PART2,Papum Pare,196.9703369140625,2024-06-29,181.0,6.0,,3.0,0,69.0,2024-06-27,1.0025578703703704,10,true,Jullang Landslide,1,"Ganga Jullang Road, Itanagar",105.52999877929688,LS-0230,,0,Newspapers & Media/2024/Arunachal Pradesh/72,10,16.93184737245933,Newspapers & Media,0,Arunachal Pradesh,0,2024,"{""type"":""Point"",""coordinates"":[93.63269888047348,27.073828905990407]}"
000000000000000000e6,,,,,,,,,,,,,,,95.7776587486112,0,PART2,West Siang,1342.2303466796875,2024-06-29,181.0,6.0,,2.0,0,69.0,2024-06-27,1.0025578703703704,10,true,Tatu Landslide,1,AaloMechuka Road,543.1500244140625,LS-0231,,0,Newspapers & Media/2024/Arunachal Pradesh/73,11,31.38076510809455,Newspapers & Media,0,Arunachal Pradesh,0,2024,"{""type"":""Point"",""coordinates"":[94.36134274721286,28.519848491107105]}"
000000000000000000ec,,,,,,,,,,,,,,,39.07105423206275,0,PART2,Upper Siang,424.70513916015625,2024-06-30,182.0,6.0,,3.0,0,60.0,2024-06-29,0.009479166666666667,10,true,Jengging Landslide,1,Pasighat - Mariyang- Yingkiong Road,172.5399932861328,LS-0237,,0,Newspapers & Media/2024/Arunachal Pradesh/79,15,27.990230934486053,Newspapers & Media,0,Arunachal Pradesh,0,2024,"{""type"":""Point"",""coordinates"":[94.96448075570197,28.67686681650209]}"
000000000000000000ed,,,,,,,,,,,,,,,347.20770652649054,0,PART2,KurungKu mey,724.7586669921875,2024-06-30,182.0,6.0,,3.0,0,60.0,2024-06-29,0.009479166666666667,10,true,Rengchi Landslide,1,Rengchi area in Kurung,453.1700134277344,LS-0238,,0,Newspapers & Media/2024/Arunachal Pradesh/85,18,37.941309814793335,Newspapers & Media,0,Arunachal Pradesh,0,2024,"{""type"":""Point"",""coordinates"":[93.43004165579647,27.895164106327762]}"
000000000000000000f6,,,,,,,,,,,,,,,352.4701268863224,0,PART2,Papum Pare,294.3064270019531,2024-07-01,183.0,7.0,,3.0,0,60.0,2024-06-29,1.0094791666666667,10,true,Division IV Landslide,1,"Division IV Landslide area, Itanagar",473.20001220703125,LS-0247,,0,Newspapers & Media/2024/Arunachal Pradesh/84,17,10.274487023400242,Newspapers & Media,0,Arunachal Pradesh,0,2024,"{""type"":""Point"",""coordinates"":[93.60570348269593,27.09092509942932]}"
000000000000000000f7,,,,,,,,,,,,,,,70.76448931076771,0,PART2,Papum Pare,288.7439880371094,2024-07-01,183.0,7.0,,3.0,0,60.0,2024-06-29,1.0094791666666667,10,true,Baat Landslide,1,Itanagar-Baat Road,179.6999969482422,LS-0248,,0,Newspapers & Media/2024/Arunachal Pradesh/105,19,18.673368950597336,Newspapers & Media,0,Arunachal Pradesh,0,2024,"{""type"":""Point"",""coordinates"":[93.59188918763235,27.089315363949023]}"
0000000000000000010a,,,,,,,,,,,,,,,145.9552427694785,0,PART2,Siang District,252.13479614257807,2024-07-04,186.0,7.0,Morning,2.0,0,64.0,2024-07-02,1.0025347222222223,10,true,Pangin Landslide,1,Lokpeng and Pangin Tri- junction,2.999000072479248,LS-0267,,0,Newspapers & Media/2024/Arunachal Pradesh/106,20,17.876141337800977,Newspapers & Media,0,Arunachal Pradesh,0,2024,"{""type"":""Point"",""coordinates"":[94.98635710547018,28.233306657412673]}"
00000000000000000110,,,,,,,,,,,,,,,85.17938043564675,1,PART2,Shi Yomi,1892.332763671875,2024-07-05,187.0,7.0,,2.0,1,0.0,2024-07-04,0.009386574074074073,10,true,Shi Yomi Landslide,1,,123.12999725341797,LS-0273,,0,Newspapers & Media/2024/Arunachal Pradesh/119,23,36.45552775666612,Newspapers & Media,0,Arunachal Pradesh,0,2024,"{""type"":""Point"",""coordinates"":[94.31614083983408,28.697525831682707]}"
00000000000000000111,,,,,,,,,,,,,,,46.98502536005077,0,PART2,Anjaw,569.766845703125,2024-07-05,187.0,7.0,,3.0,0,0.0,2024-07-04,0.009386574074074073,10,true,Mompani Landslide,1,Tezu-Hayuliang road,108.66999816894531,LS-0274,,0,Newspapers & Media/2024/Arunachal Pradesh/120,24,34.38552800105947,Newspapers & Media,0,Arunachal Pradesh,0,2024,"{""type"":""Point"",""coordinates"":[96.43996162147877,28.047143647532362]}"
00000000000000000112,,,,,,,,,,,,,,,58.26592834413407,0,PART2,KraDaadi,1191.283447265625,2024-07-05,187.0,7.0,,2.0,0,0.0,2024-07-04,0.009386574074074073,10,true,Palin Landslide,1,Palin- Taraklengdi Road,5.179999828338623,LS-0275,,0,Newspapers & Media/2024/Arunachal Pradesh/121,25,37.47182862071279,Newspapers & Media,0,Arunachal Pradesh,0,2024,"{""type"":""Point"",""coordinates"":[93.63616360199201,27.727751616377194]}"
0000000000000000011c,,,,,,,,,,,,,,,153.25071639535963,0,PART2,West Kameng,645.437744140625,2024-07-14,196.0,7.0,,3.0,0,79.0,2024-07-12,1.0025347222222223,10,true,Palizi Landslide,1,Between Rupa and Seppa,13.100000381469727,LS-0285,,0,Newspapers & Media/2024/Arunachal Pradesh/127,26,30.376691816130872,Newspapers & Media,0,Arunachal Pradesh,0,2024,"{""type"":""Point"",""coordinates"":[92.79290300177486,27.307088941197215]}"
0000000000000000014b,,,,,,,,,,,,,,,278.79563734339075,0,PART2,Tawang,3292.195068359375,2024-09-07,251.0,9.0,4:00,2.0,0,79.0,2024-09-05,1.0025578703703704,10,true,Bramadungch ung Landslide,1,Near Bramadungchun g Ani Gonpa,9.569999694824219,LS-0332,,0,Newspapers & Media/2024/Arunachal Pradesh/176,28,33.966676185068565,Newspapers & Media,0,Arunachal Pradesh,0,2024,"{""type"":""Point"",""coordinates"":[91.85765560592618,27.611052482707464]}"
00000000000000000152,,,,,,,,,,,,,,,29.980724711451785,0,PART2,West Kameng,1150.3580322265625,2024-10-04,278.0,10.0,,3.0,0,35.0,2024-10-03,0.030567129629629628,10,true,Kaspi Landslide,1,"Kaspi Village, Near Nag Mandir",137.85000610351562,LS-0339,,0,Newspapers & Media/2024/Arunachal Pradesh/186,29,20.47028941257615,Newspapers & Media,0,Arunachal Pradesh,0,2024,"{""type"":""Point"",""coordinates"":[92.56296499685287,27.2039231792247]}"
0000000000000000004c,,,,,,,,,,,,,,,266.68345548964123,0,PART2,Dhemaji,198.47637939453125,2023-04-03,93.0,4.0,,1.0,0,6.0,2023-04-01,1.0093865740740742,10,true,Subansiri Lower Hydroelectric Project,1,Gerukamukh,9.300000190734863,LS-0077,,0,Newspapers & Media/2023/Assam/8,8,52.15611299170264,Newspapers & Media,0,Assam,1,2023,"{""type"":""Point"",""coordinates"":[94.2599249528533,27.55468052718979]}"
0000000000000000005a,,,,,,,,,,,,,,,84.50101476719942,1,PART2,Kamrup Metro,55.43020248413086,2023-06-17,168.0,6.0,,2.0,1,62.0,2023-06-15,1.0093634259259259,10,true,Dhirenpara Landslide,1,Katahbari Main Road area,176.4499969482422,LS-0091,,0,Newspapers & Media/2023/Assam/23,23,2.7469903754039717,Newspapers & Media,0,Assam,1,2023,"{""type"":""Point"",""coordinates"":[91.7194859006841,26.1238040492506]}"
0000000000000000007a,,,,,,,,,,,,,,,182.72619370771005,0,PART1,Dima Hasao,263.2398681640625,2024-05-01,122.0,5.0,,3.0,0,0.0,2024-04-30,0.009479166666666667,10,true,Jatinga Landslide,1,Between Jatinga and Harangajao Station,15.645999908447266,LS-0123,,0,Newspapers & Media/2024/Assam/4,1,10.567823897933836,Newspapers & Media,0,Assam,1,2024,"{""type"":""Point"",""coordinates"":[92.89191288156557,25.10987135621281]}"
0000000000000000007b,,,,,,,,,,,,,,,2.468118854860336,0,PART1,Cachar,66.21371459960938,2024-05-03,124.0,5.0,,3.0,0,71.0,2024-05-02,0.016099537037037037,10,true,Damcherra Landslide,1,Badarpur Pahar line,9.758999824523926,LS-0124,,0,Newspapers & Media/2024/Assam/5,2,15.973001422457727,Newspapers & Media,0,Assam,1,2024,"{""type"":""Point"",""coordinates"":[92.7624874734893,25.0194720005563]}"
00000000000000000081,,,,,,,,,,,,,,,181.02551510853667,0,PART2,Tinsukia,226.3466033935547,2024-05-26,147.0,5.0,12:30,2.0,0,0.0,2024-05-25,0.009502314814814814,10,true,Tikok Landslide,1,Situated between Bargolai and Namdang under the Tikok colliery in Ledo,21.024999618530273,LS-0130,,0,Newspapers & Media/2024/Assam/11,3,13.492415184361462,Newspapers & Media,0,Assam,1,2024,"{""type"":""Point"",""coordinates"":[95.73822397049588,27.282037711478953]}"
00000000000000000082,,,,,,,,,,,,,,,,1,PART2,Dhemaji,105.0,2024-05-27,148.0,5.0,Day,2.0,1,0.0,2024-05-25,1.0095023148148148,10,true,Subansiri Landslide,1,NHPC Lower Subansiri Hydroelectricity Project in Gogamukh,50.16699981689453,LS-0131,,0,Newspapers & Media/2024/Assam/12,4,0.0,Newspapers & Media,0,Assam,1,2024,"{""type"":""Point"",""coordinates"":[94.26303294628754,27.53252325405522]}"
00000000000000000096,,,,,,,,,,,,,,,5.215596867216959,1,PART2,Kamrup Metro,118.9326171875,2024-05-29,150.0,5.0,,2.0,1,40.0,2024-05-27,1.0160763888888888,10,true,Krishna Nagar Landslide,1,Lal Ganesh Area,206.55499267578125,LS-0151,,0,Newspapers & Media/2024/Assam/32,5,5.578347657552417,Newspapers & Media,0,Assam,1,2024,"{""type"":""Point"",""coordinates"":[91.74764066473556,26.14495356554709]}"
00000000000000000098,,,,,,,,,,,,,,,197.1089191228492,0,PART1,Dima Hasao,397.9385681152344,2024-05-30,151.0,5.0,,3.0,0,40.0,2024-05-27,2.016076388888889,10,true,Lungkhok Landslide,1,"Road side, Lungkhok",511.0050048828125,LS-0153,,0,Newspapers & Media/2024/Assam/39,9,25.676937576007408,Newspapers & Media,0,Assam,1,2024,"{""type"":""Point"",""coordinates"":[93.01027525992824,25.202045434088593]}"
00000000000000000099,,,,,,,,,,,,,,,82.51645051426738,0,PART1,Dima Hasao,469.8618469238281,2024-05-30,151.0,5.0,,3.0,0,40.0,2024-05-27,2.016076388888889,10,true,Bethel Landslide,1,"Road side, Bethel",373.11700439453125,LS-0154,,0,Newspapers & Media/2024/Assam/40,10,12.302579912458476,Newspapers & Media,0,Assam,1,2024,"{""type"":""Point"",""coordinates"":[93.020433092128,25.193399237145957]}"
0000000000000000009a,,,,,,,,,,,,,,,67.91447600094693,0,PART2,Kamrup Metro,111.16641235351562,2024-05-30,151.0,5.0,1:30,2.0,0,40.0,2024-05-27,2.016076388888889,10,true,Rudra Nagar Landslide,1,"Chandmari, Guwahati",44.78200149536133,LS-0155,,0,Newspapers & Media/2024/Assam/41,11,21.323473666556183,Newspapers & Media,0,Assam,1,2024,"{""type"":""Point"",""coordinates"":[91.77572408317016,26.190962570216552]}"
0000000000000000009f,,,,,,,,,,,,,,,127.2734914840795,1,PART2,Kamrup Metro,108.8706512451172,2024-06-03,155.0,6.0,Daytime,3.0,1,27.0,2024-06-02,0.002534722222222222,10,true,Katahbari Landslide,1,"Masjid Road No. 1, Katahbari",70.83000183105469,LS-0160,,0,Newspapers & Media/2024/Assam/36,6,20.980785279392048,Newspapers & Media,0,Assam,1,2024,"{""type"":""Point"",""coordinates"":[91.71826856609651,26.125213125183492]}"
000000000000000000a0,,,,,,,,,,,,,,,20.492096694901534,0,PART2,Kamrup Metro,88.58183288574219,2024-06-03,155.0,6.0,Daytime,2.0,0,27.0,2024-06-02,0.002534722222222222,10,true,Gramya Nagar Landslide,1,"Gramya Nagar Path, Pandu",72.55999755859375,LS-0161,,0,Newspapers & Media/2024/Assam/37,7,28.836598708882303,Newspapers & Media,0,Assam,1,2024,"{""type"":""Point"",""coordinates"":[91.69820707045706,26.160364218787805]}"
000000000000000000dc,,,,,,,,,,,,,,,70.56075572083881,5,PART1,Karimganj,28.521228790283203,2024-06-19,171.0,6.0,12:45,2.0,1,80.0,2024-06-18,0.023159722222222224,10,true,Bendargool Landslide,1,Between Gainachora- Bendargool village,199.47999572753906,LS-0221,,0,Newspapers & Media/2024/Assam/63,12,6.732104801554915,Newspapers & Media,0,Assam,1,2024,"{""type"":""Point"",""coordinates"":[92.5237873349973,24.787041358145434]}"
0000000000000000010b,,,,,,,,,,,,,,,254.46327103405585,2,PART2,Kamrup Metro,171.37379455566406,2024-07-04,186.0,7.0,Night,2.0,1,64.0,2024-07-02,1.0025347222222223,10,true,Mile Landslide,1,"Mile Area, Jorabat",35.380001068115234,LS-0268,,0,Newspapers & Media/2024/Assam/115,13,18.556323588941535,Newspapers & Media,0,Assam,1,2024,"{""type"":""Point"",""coordinates"":[91.84622247082514,26.11152814405046]}"
00000000000000000117,,,,,,,,,,,,,,,247.2569226906256,0,PART2,Kamrup Metro,55.47703170776367,2024-07-12,194.0,7.0,,2.0,0,68.0,2024-07-11,0.0696875,10,true,Bonda Landslide,1,"Guwahati’s Bonda locality, Amgaon",182.02000427246094,LS-0280,,0,Newspapers & Media/2024/Assam/125,14,1.2499019623412375,Newspapers & Media,0,Assam,1,2024,"{""type"":""Point"",""coordinates"":[91.82924221401362,26.179507139610244]}"
00000000000000000083,,,,,,,,,,,,,,,289.01733583449084,0,PART1,Ukhrul,1341.9215087890625,2024-05-27,148.0,5.0,10:30 AM,3.0,0,0.0,2024-05-25,1.0095023148148148,10,true,Kasom Landslide,1,Near Kasom Village,89.1760025024414,LS-0132,,0,Newspapers & Media/2024/Manipur/16,1,29.223996115691627,Newspapers & Media,0,Manipur,2,2024,"{""type"":""Point"",""coordinates"":[94.271331333348,24.67506887159236]}"
00000000000000000086,,,,,,,,,,,,,,,145.41243724723552,1,PART1,Senapati,1605.2659912109375,2024-05-28,149.0,5.0,,2.0,1,40.0,2024-05-27,0.01607638888888889,10,true,Senapati Landslide,1,Senapati Thonglang Road,271.7749938964844,LS-0135,,0,Newspapers & Media/2024/Manipur/31,3,16.612708203094567,Newspapers & Media,0,Manipur,2,2024,"{""type"":""Point"",""coordinates"":[93.97409211622636,25.267629892382676]}"
00000000000000000126,,,,,,,,,,,,,,,248.3170780548599,2,PART1,Tamenglong,1198.9722900390625,2024-07-29,211.0,7.0,,2.0,1,29.0,2024-07-27,1.0025578703703704,10,true,Dimthanlong L andslide,1,"Dimthanlong village, Tamenglong Ward No. 3",1.190000057220459,LS-0295,,0,Newspapers & Media/2024/Manipur/139,7,15.90116933507301,Newspapers & Media,0,Manipur,2,2024,"{""type"":""Point"",""coordinates"":[93.49900611268907,24.981311013740914]}"
00000000000000000129,,,,,,,,,,,,,,,1.442115801337934,0,PART1,Tamenglong,479.3015441894531,2024-07-29,211.0,7.0,,2.0,0,29.0,2024-07-27,1.0025578703703704,10,true,Taodaijang Landslide,1,Between Taodaijang and Rengpang village,0.0,LS-0298,,0,Newspapers & Media/2024/Manipur/142,10,34.71520130622912,Newspapers & Media,0,Manipur,2,2024,"{""type"":""Point"",""coordinates"":[93.46315939932042,24.751208022079947]}"
0000000000000000012a,,,,,,,,,,,,,,,239.3432742690389,0,PART1,Bishnupur,794.4020385742188,2024-08-01,214.0,8.0,,3.0,0,31.0,2024-07-31,0.0696875,10,true,Thanga Part I Landslide,1,Thanga Part I Gram Panchayat,29.43000030517578,LS-0299,,0,Newspapers & Media/2024/Manipur/143,11,22.392653118518982,Newspapers & Media,0,Manipur,2,2024,"{""type"":""Point"",""coordinates"":[93.83400945663236,24.53454922009512]}"
0000000000000000012b,,,,,,,,,,,,,,,17.421830314276235,0,PART1,Bishnupur,776.996826171875,2024-08-01,214.0,8.0,,2.0,0,31.0,2024-07-31,0.0696875,10,true,Thanga Part II Landslide,1,Thanga Part II Gram Panchayat,30.670000076293945,LS-0300,,0,Newspapers & Media/2024/Manipur/144,12,18.0514979880665,Newspapers & Media,0,Manipur,2,2024,"{""type"":""Point"",""coordinates"":[93.81729228678299,24.52563101798823]}"
0000000000000000012c,,,,,,,,,,,,,,,268.42680653164825,0,PART1,Bishnupur,811.7064208984375,2024-08-01,214.0,8.0,,2.0,0,31.0,2024-07-31,0.0696875,10,true,Thanga Ngaram Landslide,1,Thanga NgaramChinkha Region,29.43000030517578,LS-0301,,0,Newspapers & Media/2024/Manipur/145,13,24.13160038135686,Newspapers & Media,0,Manipur,2,2024,"{""type"":""Point"",""coordinates"":[93.8147728946878,24.52259882927188]}"
0000000000000000012d,,,,,,,,,,,,,,,180.64379693087668,0,PART1,Bishnupur,870.2855224609375,2024-08-01,214.0,8.0,,2.0,0,31.0,2024-07-31,0.0696875,10,true,Oinam Landslide,1,OinamLeikai,12.630000114440918,LS-0302,,0,Newspapers & Media/2024/Manipur/146,14,14.9082141392563,Newspapers & Media,0,Manipur,2,2024,"{""type"":""Point"",""coordinates"":[93.91899992271102,24.73502148525594]}"
0000000000000000012e,,,,,,,,,,,,,,,83.61329241285881,0,PART1,Bishnupur,798.2926635742188,2024-08-01,214.0,8.0,,2.0,0,31.0,2024-07-31,0.0696875,10,true,Heisnam Landslide,1,Thanga Region,29.43000030517578,LS-0303,,0,Newspapers & Media/2024/Manipur/147,15,31.37425002895047,Newspapers & Media,0,Manipur,2,2024,"{""type"":""Point"",""coordinates"":[93.82000787932454,24.527106980436916]}"
00000000000000000130,,,,,,,,,,,,,,,166.78064227026152,1,PART1,Jiribam,44.51065826416016,2024-08-06,219.0,8.0,3:30 AM,2.0,1,75.0,2024-08-05,0.01607638888888889,10,true,JiribamSonapu r Landslide,1,"Sonapur Gram Panchayat, Jiribam",71.31999969482422,LS-0305,,0,Newspapers & Media/2024/Manipur/150,16,7.202181708965204,Newspapers & Media,0,Manipur,2,2024,"{""type"":""Point"",""coordinates"":[93.13878655228855,24.750958312420952]}"
00000000000000000136,,,,,,,,,,,,,,,240.87912534332185,1,PART1,Ukhrul,1882.463623046875,2024-08-12,225.0,8.0,5:00 PM,2.0,1,38.0,2024-08-11,0.03774305555555556,10,true,Hamleikhong Landslide,1,Hamleikhong Area,26.799999237060547,LS-0311,,0,Newspapers & Media/2024/Manipur/157,19,19.138441102232772,Newspapers & Media,0,Manipur,2,2024,"{""type"":""Point"",""coordinates"":[94.3585424317513,25.091999279190603]}"
00000000000000000052,,,,,,,,,,,,,,,192.01577114442767,0,PART2,West Garo Hills,302.83648681640625,2023-05-06,126.0,5.0,,2.0,0,32.0,2023-05-05,0.023159722222222224,10,true,Tura Civil Hospital,1,Tura Civil Hospital,0.0,LS-0083,,0,Newspapers & Media/2023/Meghalaya/9,9,23.471098264426644,Newspapers & Media,0,Meghalaya,3,2023,"{""type"":""Point"",""coordinates"":[90.20298576431664,25.51502081882785]}"
00000000000000000056,,,,,,,,,,,,,,,0.8899075210103433,0,PART1,East Khasi Hills,1320.3873291015625,2023-06-11,162.0,6.0,,2.0,0,10.0,2023-06-10,0.009386574074074073,10,true,Pynursla Landslide,1,Riwar Mihngi circle,0.0,LS-0087,,0,Newspapers & Media/2023/Meghalaya/18,18,21.42332604113072,Newspapers & Media,0,Meghalaya,3,2023,"{""type"":""Point"",""coordinates"":[91.90260780364596,25.309598951497705]}"
0000000000000000005b,,,,,,,,,,,,,,,2.0782193507699844,4,PART1,East Khasi Hills,1585.38720703125,2023-06-17,168.0,6.0,,2.0,1,62.0,2023-06-15,1.0093634259259259,10,true,Laitlarem Landslide,1,Laitlarem Village area,413.2279502,LS-0092,,0,Newspapers & Media/2023/Meghalaya/28,28,24.78957263369767,Newspapers & Media,0,Meghalaya,3,2023,"{""type"":""Point"",""coordinates"":[91.570966621897,25.446163380360538]}"
0000000000000000005c,,,,,,,,,,,,,,,334.2852735831101,0,PART1,West Jaintia Hills,100.87614440917967,2023-06-17,168.0,6.0,,2.0,0,62.0,2023-06-15,1.0093634259259259,10,true,Darrang Landslide,1,Darrang Village area,237.398367,LS-0093,,0,Newspapers & Media/2023/Meghalaya/29,29,16.640234071305407,Newspapers & Media,0,Meghalaya,3,2023,"{""type"":""Point"",""coordinates"":[92.02088991818967,25.20592485200509]}"
0000000000000000007d,,,,,,,,,,,,,,,271.57974876661706,0,PART2,East Khasi Hills,1558.210205078125,2024-05-16,137.0,5.0,,3.0,0,42.0,2024-05-15,0.009502314814814814,10,true,3rd Mile Landslide,1,Near St Gabriell Primary School,7.690000057220459,LS-0126,,0,Newspapers & Media/2024/Meghalaya/7,3,5.849900699465754,Newspapers & Media,0,Meghalaya,3,2024,"{""type"":""Point"",""coordinates"":[91.85616626617433,25.569288078648285]}"
0000000000000000007e,,,,,,,,,,,,,,,194.29911143797935,0,PART2,East Khasi Hills,1569.1439208984375,2024-05-16,137.0,5.0,,3.0,0,42.0,2024-05-15,0.009502314814814814,10,true,Borma Landslide,1,"Near Borma College, 3rd Mile",7.690000057220459,LS-0127,,0,Newspapers & Media/2024/Meghalaya/8,4,18.17862613974629,Newspapers & Media,0,Meghalaya,3,2024,"{""type"":""Point"",""coordinates"":[91.85661217627967,25.568235730799675]}"
0000000000000000007f,,,,,,,,,,,,,,,329.4317181981798,0,PART2,East Khasi Hills,1490.227783203125,2024-05-17,138.0,5.0,,2.0,0,42.0,2024-05-15,1.0095023148148148,10,true,Shillong Landslide,1,"Near New Assembly builidng, Meghalaya",97.5530014038086,LS-0128,,0,Newspapers & Media/2024/Meghalaya/10,5,6.315680943786274,Newspapers & Media,0,Meghalaya,3,2024,"{""type"":""Point"",""coordinates"":[91.87380646994175,25.568556786075522]}"
00000000000000000087,,,,,,,,,,,,,,,85.36749972596311,1,PART1,East Khasi Hills,1626.7437744140625,2024-05-28,149.0,5.0,Morning,2.0,1,40.0,2024-05-27,0.01607638888888889,10,true,Weilong Landslide,1,East Khasi Hills,278.2149963378906,LS-0136,,0,Newspapers & Media/2024/Meghalaya/18,7,5.091944211910877,Newspapers & Media,0,Meghalaya,3,2024,"{""type"":""Point"",""coordinates"":[91.61459446660389,25.363389087505418]}"
00000000000000000088,,,,,,,,,,,,,,,359.11592411614816,0,PART2,East Khasi Hills,1264.058349609375,2024-05-28,149.0,5.0,4:00 AM,2.0,0,40.0,2024-05-27,0.01607638888888889,10,true,Mawlai Landslide,1,East Khasi Hills,292.47698974609375,LS-0137,,0,Newspapers & Media/2024/Meghalaya/19,8,8.81523342554677,Newspapers & Media,0,Meghalaya,3,2024,"{""type"":""Point"",""coordinates"":[91.89313221390739,25.628362249404336]}"
00000000000000000089,,,,,,,,,,,,,,,61.69171387552336,0,PART2,East Khasi Hills,1269.3739013671875,2024-05-28,149.0,5.0,5:00 AM,2.0,0,40.0,2024-05-27,0.01607638888888889,10,true,Mawkynroh Landslide,1,East Khasi Hills,293.35198974609375,LS-0138,,0,Newspapers & Media/2024/Meghalaya/20,9,15.465074610801569,Newspapers & Media,0,Meghalaya,3,2024,"{""type"":""Point"",""coordinates"":[91.90259888544385,25.62580718450071]}"
0000000000000000008a,,,,,,,,,,,,,,,8.550175512049464,0,PART1,East Khasi Hills,1787.804443359375,2024-05-28,149.0,5.0,Morning,3.0,0,40.0,2024-05-27,0.01607638888888889,10,true,Mawphland Landslide,1,Mawphland Block,302.4079895019531,LS-0139,,0,Newspapers & Media/2024/Meghalaya/21,10,20.717935417005645,Newspapers & Media,0,Meghalaya,3,2024,"{""type"":""Point"",""coordinates"":[91.75176533321,25.453315778450264]}"
0000000000000000008b,,,,,,,,,,,,,,,226.4215313887761,0,PART2,East Khasi Hills,1520.71044921875,2024-05-28,149.0,5.0,Morning,2.0,0,40.0,2024-05-27,0.01607638888888889,10,true,Rilbong Landslide,1,Near Rilbong Beat House,115.35800170898438,LS-0140,,0,Newspapers & Media/2024/Meghalaya/22,11,5.665695985922332,Newspapers & Media,0,Meghalaya,3,2024,"{""type"":""Point"",""coordinates"":[91.87148773739396,25.567062987222616]}"
0000000000000000008c,,,,,,,,,,,,,,,90.08817073271894,0,PART2,East Khasi Hills,1578.6533203125,2024-05-28,149.0,5.0,Morning,2.0,0,40.0,2024-05-27,0.01607638888888889,10,true,Lumparing Landslide,1,Lower Lumparing,115.35800170898438,LS-0141,,0,Newspapers & Media/2024/Meghalaya/23,12,7.742503067774225,Newspapers & Media,0,Meghalaya,3,2024,"{""type"":""Point"",""coordinates"":[91.8818194745348,25.560962936981504]}"
0000000000000000008d,,,,,,,,,,,,,,,260.1318453239392,0,PART1,South West Khasi Hills,1531.677001953125,2024-05-28,149.0,5.0,Morning,2.0,0,40.0,2024-05-27,0.01607638888888889,10,true,13 KM Landslide,1,MR Road,73.79900360107422,LS-0142,,0,Newspapers & Media/2024/Meghalaya/24,13,20.598776748460395,Newspapers & Media,0,Meghalaya,3,2024,"{""type"":""Point"",""coordinates"":[91.38968632767019,25.391927334247477]}"
0000000000000000009b,,,,,,,,,,,,,,,35.04581891541994,4,PART1,East Khasi Hills,668.8790283203125,2024-05-30,151.0,5.0,,3.0,1,40.0,2024-05-27,2.016076388888889,10,true,Nongpriang Landslide,1,Nongpriang village under Shella Block,564.6389770507812,LS-0156,,0,Newspapers & Media/2024/Meghalaya/35,14,30.91522764463788,Newspapers & Media,0,Meghalaya,3,2024,"{""type"":""Point"",""coordinates"":[91.74895164044527,25.271536064905487]}"
000000000000000000ae,,,,,,,,,,,,,,,87.14793972291085,0,PART2,South West Khasi Hills,1497.5889892578125,2024-06-15,167.0,6.0,,2.0,0,53.0,2024-06-14,0.009386574074074073,10,true,Lummawbah Landslide,1,South West Khasi Hills,140.0,LS-0175,,0,Newspapers & Media/2024/Meghalaya/53,17,9.722145810148156,Newspapers & Media,0,Meghalaya,3,2024,"{""type"":""Point"",""coordinates"":[91.86663623544781,25.56835166742706]}"
000000000000000000af,,,,,,,,,,,,,,,197.0586514969596,0,PART1,South West Khasi Hills,1549.3662109375,2024-06-15,167.0,6.0,,2.0,0,53.0,2024-06-14,0.009386574074074073,10,true,Mawkyrwat Landslide,1,Mawkyrwat block,272.8999938964844,LS-0176,,0,Newspapers & Media/2024/Meghalaya/60,22,21.58691200837285,Newspapers & Media,0,Meghalaya,3,2024,"{""type"":""Point"",""coordinates"":[91.46640962039578,25.368971882024336]}"
000000000000000000b0,,,,,,,,,,,,,,,330.0032594142,0,PART1,South West Khasi Hills,88.20831298828125,2024-06-15,167.0,6.0,,2.0,0,53.0,2024-06-14,0.009386574074074073,10,true,Ranikor Landslide,1,Ranikor Block,147.44000244140625,LS-0177,,0,Newspapers & Media/2024/Meghalaya/61,23,14.004266400806117,Newspapers & Media,0,Meghalaya,3,2024,"{""type"":""Point"",""coordinates"":[91.23621298761269,25.225816901804514]}"
000000000000000000d9,,,,,,,,,,,,,,,249.75878436537477,0,PART2,West Khasi Hills,1506.6356201171875,2024-06-17,169.0,6.0,,3.0,0,10.0,2024-06-16,0.01607638888888889,10,true,Markasa Landslide,1,Markasa village under Mawthadraishan block,312.0,LS-0218,,0,Newspapers & Media/2024/Meghalaya/55,18,9.251206931635798,Newspapers & Media,0,Meghalaya,3,2024,"{""type"":""Point"",""coordinates"":[91.43314026743602,25.528188544238677]}"
000000000000000000da,,,,,,,,,,,,,,,215.96963108263944,0,PART1,East Jaintia Hills,52.69143295288086,2024-06-17,169.0,6.0,,2.0,0,10.0,2024-06-16,0.01607638888888889,10,true,Karkhana Landslide,1,Karkhana Village,276.0,LS-0219,,0,Newspapers & Media/2024/Meghalaya/65,25,5.197625158672773,Newspapers & Media,0,Meghalaya,3,2024,"{""type"":""Point"",""coordinates"":[92.22033213100714,25.152772367448012]}"
000000000000000000fb,,,,,,,,,,,,,,,300.2501263454293,0,PART2,West Khasi Hills,1351.7135009765625,2024-07-02,184.0,7.0,,2.0,0,31.0,2024-07-01,0.0696875,10,true,Tiehsaw Landslide,1,Nongstoin-Shillong Highway,170.75999450683594,LS-0252,,0,Newspapers & Media/2024/Meghalaya/96,36,9.679956151693592,Newspapers & Media,0,Meghalaya,3,2024,"{""type"":""Point"",""coordinates"":[91.2717966140192,25.52900901883251]}"
000000000000000000fc,,,,,,,,,,,,,,,319.92526066251924,0,PART1,West Khasi Hills,1631.85546875,2024-07-02,184.0,7.0,,3.0,0,31.0,2024-07-01,0.0696875,10,true,Pariong Landslide,1,Lawbyrtun- Rngikseh road under Mawthadraishan Block,162.63999938964844,LS-0253,,0,Newspapers & Media/2024/Meghalaya/97,37,22.13300622735489,Newspapers & Media,0,Meghalaya,3,2024,"{""type"":""Point"",""coordinates"":[91.51434049761927,25.466184744090512]}"
0000000000000000010d,,,,,,,,,,,,,,,276.36185680291453,0,PART1,South Garo Hills,19.276695251464844,2024-07-04,186.0,7.0,Morning,2.0,0,64.0,2024-07-02,1.0025347222222223,10,true,Baghmara Landslide,1,Near Baghmara SBI,4.570000171661377,LS-0270,,0,Newspapers & Media/2024/Meghalaya/107,38,5.763860885362954,Newspapers & Media,0,Meghalaya,3,2024,"{""type"":""Point"",""coordinates"":[90.64741990721255,25.193381400741746]}"
0000000000000000010e,,,,,,,,,,,,,,,33.92297265183004,0,PART1,South Garo Hills,44.58760452270508,2024-07-04,186.0,7.0,,2.0,0,64.0,2024-07-02,1.0025347222222223,10,true,Baghmara 2 Landslide,1,Near Baghmara Circuit House,13.289999961853027,LS-0271,,0,Newspapers & Media/2024/Meghalaya/108,39,14.151990233153134,Newspapers & Media,0,Meghalaya,3,2024,"{""type"":""Point"",""coordinates"":[90.63367695776581,25.21005397958058]}"
0000000000000000011b,,,,,,,,,,,,,,,230.68620400188263,0,PART2,West Garo Hills,181.396728515625,2024-07-13,195.0,7.0,,2.0,0,79.0,2024-07-12,0.002534722222222222,10,true,Dadenggre Landslide,1,"Dadenggre subdivision, Tura",4.070000171661377,LS-0284,,0,Newspapers & Media/2024/Meghalaya/126,46,12.121245920549008,Newspapers & Media,0,Meghalaya,3,2024,"{""type"":""Point"",""coordinates"":[90.19385798446024,25.72465207755245]}"
0000000000000000011f,,,,,,,,,,,,,,,247.26076535665968,0,PART2,Ri Bhoi,122.5674819946289,2024-07-18,200.0,7.0,,3.0,0,78.0,2024-07-17,0.0025578703703703705,10,true,Maupur Landslide,1,"Near Merrily Service Station, Ri Bhoi",26.65999984741211,LS-0288,,0,Newspapers & Media/2024/Meghalaya/131,49,36.595503502230414,Newspapers & Media,0,Meghalaya,3,2024,"{""type"":""Point"",""coordinates"":[91.86905752731984,26.029623375900773]}"
00000000000000000153,,,,,,,,,,,,,,,20.458668659761088,1,PART1,West Garo Hills,59.32313919067383,2024-10-04,278.0,10.0,,2.0,1,35.0,2024-10-03,0.030567129629629628,10,true,Koinadubi Landslide,1,"Koinadubi Village, West Garo Hills",189.3699951171875,LS-0340,,0,Newspapers & Media/2024/Meghalaya/184,56,12.918857644192649,Newspapers & Media,0,Meghalaya,3,2024,"{""type"":""Point"",""coordinates"":[90.23766419320928,25.267237491489965]}"
00000000000000000155,,,,,,,,,,,,,,,228.1766114958652,7,PART1,South Garo Hills,176.14730834960938,2024-10-05,279.0,10.0,,2.0,1,38.0,2024-10-04,0.06966435185185185,10,true,Attesia Landslide,1,"AttesiaSonmong, Gasuapara Region",215.4600067138672,LS-0342,,0,Newspapers & Media/2024/Meghalaya/185,57,3.4322604070426355,Newspapers & Media,0,Meghalaya,3,2024,"{""type"":""Point"",""coordinates"":[90.42419730847705,25.236001488610576]}"
00000000000000000069,,,,,,,,,,,,,,,137.15629817860832,0,PART1,Aizawl,742.9611206054688,2023-07-27,208.0,7.0,,,0,66.0,2023-07-25,1.0907523148148148,10,true,Vaivakawn Landslide,1,Vaivakawn Zohnuai area,43.21284914,LS-0106,,0,Newspapers & Media/2023/Mizoram/55,55,37.35766040439417,Newspapers & Media,0,Mizoram,4,2023,"{""type"":""Point"",""coordinates"":[92.70878206040162,23.74242113165783]}"
0000000000000000008e,,,,,,,,,,,,,,,271.0834692022672,28,PART1,Aizawl,1103.2733154296875,2024-05-28,149.0,5.0,6:00 AM,2.0,1,40.0,2024-05-27,0.01607638888888889,10,true,Hlimen Landslide,1,"Situated between Meltham and Hlimen in the southern part of Aizawl city, Mizoram",660.9299926757812,LS-0143,,0,Newspapers & Media/2024/Mizoram/13,1,32.325078389622874,Newspapers & Media,0,Mizoram,4,2024,"{""type"":""Point"",""coordinates"":[92.71768242610429,23.680591236450745]}"
00000000000000000090,,,,,,,,,,,,,,,161.159902064613,0,PART1,Aizawl,825.9204711914062,2024-05-28,149.0,5.0,,2.0,0,40.0,2024-05-27,0.01607638888888889,10,true,Salem Landslide,1,Near Aizawl City,596.4849853515625,LS-0145,,0,Newspapers & Media/2024/Mizoram/15,3,15.95151953559198,Newspapers & Media,0,Mizoram,4,2024,"{""type"":""Point"",""coordinates"":[92.72660062821117,23.717690957215417]}"
00000000000000000091,,,,,,,,,,,,,,,99.27694139066408,2,PART1,Aizawl,770.3856811523438,2024-05-28,149.0,5.0,,2.0,1,40.0,2024-05-27,0.01607638888888889,10,true,Falkawn Landslide,1,Falkawn Village,656.676025390625,LS-0146,,0,Newspapers & Media/2024/Mizoram/27,4,7.202359878721499,Newspapers & Media,0,Mizoram,4,2024,"{""type"":""Point"",""coordinates"":[92.72635091855219,23.62223944006536]}"
00000000000000000092,,,,,,,,,,,,,,,309.3770378782845,1,PART1,Aizawl,906.8558349609376,2024-05-28,149.0,5.0,,2.0,1,40.0,2024-05-27,0.01607638888888889,10,true,Lungsei Landslide,1,Lungsei Village,594.2490234375,LS-0147,,0,Newspapers & Media/2024/Mizoram/28,5,26.96972983369097,Newspapers & Media,0,Mizoram,4,2024,"{""type"":""Point"",""coordinates"":[92.68158600307665,23.451219537362547]}"
00000000000000000093,,,,,,,,,,,,,,,340.07374772306287,1,PART1,Aizawl,790.793212890625,2024-05-28,149.0,5.0,,2.0,1,40.0,2024-05-27,0.01607638888888889,10,true,Aibawk Landslide,1,Aibawk Village,536.281982421875,LS-0148,,0,Newspapers & Media/2024/Mizoram/29,6,14.230393072174705,Newspapers & Media,0,Mizoram,4,2024,"{""type"":""Point"",""coordinates"":[92.70655696897593,23.55912086465383]}"
000000000000000000a2,,,,,,,,,,,,,,,98.38400943852888,0,PART1,Mamit,597.28564453125,2024-06-11,163.0,6.0,,2.0,0,36.0,2024-06-09,1.0093634259259259,10,true,Khantlang Landslide,1,Khantlang Village in Mamitdistrcit,70.69999694824219,LS-0163,,0,Newspapers & Media/2024/Mizoram/49,7,27.65274790164922,Newspapers & Media,0,Mizoram,4,2024,"{""type"":""Point"",""coordinates"":[92.27094292796376,23.75095139197307]}"
00000000000000000102,,,,,,,,,,,,,,,114.39061106752972,3,PART1,Aizawl,1052.33447265625,2024-07-02,184.0,7.0,7:30 AM,2.0,1,31.0,2024-07-01,0.0696875,10,true,Zuangtui Landslide,1,Aizawl's Zuangtui locality,,LS-0259,,0,Newspapers & Media/2024/Mizoram/86,8,25.027724119680567,Newspapers & Media,0,Mizoram,4,2024,"{""type"":""Point"",""coordinates"":[92.73934919812298,23.755241047186487]}"
00000000000000000103,,,,,,,,,,,,,,,304.4627785452202,0,PART1,Aizawl,1020.13134765625,2024-07-02,184.0,7.0,Morning,2.0,0,31.0,2024-07-01,0.0696875,10,true,Bawngkawn Landslide,1,Aizawl's Bawngkawn locality,338.1099853515625,LS-0260,,0,Newspapers & Media/2024/Mizoram/94,9,17.76020461494268,Newspapers & Media,0,Mizoram,4,2024,"{""type"":""Point"",""coordinates"":[92.72946337108749,23.755651284483406]}"
00000000000000000104,,,,,,,,,,,,,,,302.49738958308666,3,PART1,Aizawl,856.757568359375,2024-07-02,184.0,7.0,Morning,2.0,1,31.0,2024-07-01,0.0696875,10,true,Zemabawk Landslide,1,Aizawl's Zemabawk locality,172.74000549316406,LS-0261,,0,Newspapers & Media/2024/Mizoram/95,10,11.698819258902928,Newspapers & Media,0,Mizoram,4,2024,"{""type"":""Point"",""coordinates"":[92.74630093666529,23.73397113516155]}"
00000000000000000105,,,,,,,,,,,,,,,246.1678906217317,0,PART1,Aizawl,1155.6153564453125,2024-07-02,184.0,7.0,,3.0,0,31.0,2024-07-01,0.0696875,10,true,Durtlang Landslide,1,Durtlang Road,173.42999267578125,LS-0262,,0,Newspapers & Media/2024/Mizoram/101,11,46.60985521688678,Newspapers & Media,0,Mizoram,4,2024,"{""type"":""Point"",""coordinates"":[92.7336192532693,23.762290885951984]}"
00000000000000000146,,,,,,,,,,,,,,,349.6363026044231,0,PART1,Kolasib,173.8741455078125,2024-08-28,241.0,8.0,,2.0,0,1.0,2024-08-27,0.023159722222222224,10,true,Kawnpui Landslide,1,Near Kawnpui Railway Station,45.790000915527344,LS-0327,,0,Newspapers & Media/2024/Mizoram/170,12,17.341574390756072,Newspapers & Media,0,Mizoram,4,2024,"{""type"":""Point"",""coordinates"":[92.64392889468029,23.994351422975416]}"
00000000000000000065,,,,,,,,,,,,,,,347.4268902201904,0,PART2,Noklak,1374.093017578125,2023-07-09,190.0,7.0,,2.0,0,58.0,2023-07-08,0.002534722222222222,10,true,Wonthai Landslide,1,Wonthai area,56.55963898,LS-0102,,0,Newspapers & Media/2023/Nagaland/43,43,18.632885897283863,Newspapers & Media,0,Nagaland,5,2023,"{""type"":""Point"",""coordinates"":[95.02028194628477,26.197298952813494]}"
00000000000000000066,,,,,,,,,,,,,,,266.0681296100008,0,PART2,Noklak,1388.894287109375,2023-07-09,190.0,7.0,,2.0,0,58.0,2023-07-08,0.002534722222222222,10,true,Ehoukeh King,1,"Ehoukeh King, Choklangan",56.55963898,LS-0103,,0,Newspapers & Media/2023/Nagaland/44,44,24.706146597899583,Newspapers & Media,0,Nagaland,5,2023,"{""type"":""Point"",""coordinates"":[95.01541260793441,26.199006788516968]}"
00000000000000000094,,,,,,,,,,,,,,,44.48796306883901,1,PART2,Phek,2011.2506103515625,2024-05-28,149.0,5.0,,2.0,1,40.0,2024-05-27,0.01607638888888889,10,true,Rekizu Landslide,1,Rekizu Ward,194.3000030517578,LS-0149,,0,Newspapers & Media/2024/Nagaland/25,1,23.2078434875222,Newspapers & Media,0,Nagaland,5,2024,"{""type"":""Point"",""coordinates"":[94.29851401336981,25.5829641415792]}"
00000000000000000095,,,,,,,,,,,,,,,11.007421968276615,0,PART2,Phek,1595.8189697265625,2024-05-28,149.0,5.0,,2.0,0,40.0,2024-05-27,0.01607638888888889,10,true,Kikruma Landslide,1,Kikruma Village,194.3000030517578,LS-0150,,0,Newspapers & Media/2024/Nagaland/26,2,25.560208028348796,Newspapers & Media,0,Nagaland,5,2024,"{""type"":""Point"",""coordinates"":[94.2205287950461,25.579584142980696]}"
000000000000000000d8,,,,,,,,,,,,,,,324.7692646325574,0,PART2,Kiphire,1067.2218017578125,2024-06-16,168.0,6.0,11:00,2.0,0,53.0,2024-06-14,1.0093865740740742,10,true,Medical Ward Landslide,1,"Medical ward, Kiphire",0.20999999344348907,LS-0217,,0,Newspapers & Media/2024/Nagaland/56,3,19.05503995605022,Newspapers & Media,0,Nagaland,5,2024,"{""type"":""Point"",""coordinates"":[94.78011922264723,25.881652566543227]}"
000000000000000000ea,,,,,,,,,,,,,,,61.13834667686291,0,PART2,Zunheboto,1812.38427734375,2024-06-29,181.0,6.0,,2.0,0,69.0,2024-06-27,1.0025578703703704,10,true,DC Hill Landslide,1,DC Hill West Area,15.98900032043457,LS-0235,,0,Newspapers & Media/2024/Nagaland/77,5,10.854001192669552,Newspapers & Media,0,Nagaland,5,2024,"{""type"":""Point"",""coordinates"":[94.52142893413262,26.012018844941768]}"
000000000000000000f9,,,,,,,,,,,,,,,277.206485641815,0,PART2,Zunheboto,1821.62890625,2024-07-01,183.0,7.0,,2.0,0,60.0,2024-06-29,1.0094791666666667,10,true,"DIET, Zunheboto Landslide",1,South point east colony,32.20000076293945,LS-0250,,0,Newspapers & Media/2024/Nagaland/103,8,11.017607233972164,Newspapers & Media,0,Nagaland,5,2024,"{""type"":""Point"",""coordinates"":[94.52163405278108,26.006770483001866]}"
00000000000000000107,,,,,,,,,,,,,,,32.408015493659605,0,PART2,Kiphire,1690.3175048828125,2024-07-02,184.0,7.0,,3.0,0,31.0,2024-07-01,0.0696875,10,true,Shishimi Landslide,1,Shishimi Village Area,301.5,LS-0264,,0,Newspapers & Media/2024/Nagaland/102,7,38.5770616540404,Newspapers & Media,0,Nagaland,5,2024,"{""type"":""Point"",""coordinates"":[94.61631860454995,25.816010139935447]}"
00000000000000000109,,,,,,,,,,,,,,,315.0894551044468,0,PART2,Tuensang,1972.46240234375,2024-07-03,185.0,7.0,,3.0,0,64.0,2024-07-02,0.002534722222222222,10,true,K.Wongthu Landslide,1,Kuthur Village,17.90999984741211,LS-0266,,0,Newspapers & Media/2024/Nagaland/104,9,17.129704609372023,Newspapers & Media,0,Nagaland,5,2024,"{""type"":""Point"",""coordinates"":[94.841672653589,26.18583014490403]}"
00000000000000000113,,,,,,,,,,,,,,,150.3285245105161,0,PART2,Shamator,1638.5274658203125,2024-07-05,187.0,7.0,,3.0,0,0.0,2024-07-04,0.009386574074074073,10,true,Chessore Landslide,1,Keku colony of Chessore area,106.69999694824219,LS-0276,,0,Newspapers & Media/2024/Nagaland/116,10,14.96500984646162,Newspapers & Media,0,Nagaland,5,2024,"{""type"":""Point"",""coordinates"":[94.74677406496956,26.09093601538565]}"
00000000000000000116,,,,,,,,,,,,,,,51.26414676700796,0,PART2,Zunheboto,1774.23974609375,2024-07-07,189.0,7.0,4:00 PM,2.0,0,69.0,2024-07-06,0.01607638888888889,10,true,Alahuto Landslide,1,Alahuto Colony of Zunheboto Town,10.850000381469727,LS-0279,,0,Newspapers & Media/2024/Nagaland/128,12,34.36886831480219,Newspapers & Media,0,Nagaland,5,2024,"{""type"":""Point"",""coordinates"":[94.53107842881228,26.01589826285827]}"
00000000000000000119,,,,,,,,,,,,,,,233.5408128644124,0,PART2,Kohima,1562.3131103515625,2024-07-12,194.0,7.0,,3.0,0,68.0,2024-07-11,0.0696875,10,true,Seca Khel Landslide,1,Kigwema- Mima- Chakhabama Road,18.59000015258789,LS-0282,,0,Newspapers & Media/2024/Nagaland/124,11,23.260665547398883,Newspapers & Media,0,Nagaland,5,2024,"{""type"":""Point"",""coordinates"":[94.12724886010906,25.60709679648046]}"
00000000000000000122,,,,,,,,,,,,,,,318.8920021139936,0,PART2,Wokha,1378.6387939453125,2024-07-22,204.0,7.0,2:00 AM,3.0,0,53.0,2024-07-21,0.0696875,10,true,Tchuyiro colony Landslide,1,Tchuyiro colony area in Wokha Town,15.09000015258789,LS-0291,,0,Newspapers & Media/2024/Nagaland/135,14,5.880385599963525,Newspapers & Media,0,Nagaland,5,2024,"{""type"":""Point"",""coordinates"":[94.25861397714358,26.09927899345665]}"
00000000000000000123,,,,,,,,,,,,,,,69.00851508339849,0,PART2,Wokha,1029.373779296875,2024-07-22,204.0,7.0,1:30 AM,2.0,0,53.0,2024-07-21,0.0696875,10,true,Lakhuti Landslide,1,Near football ground at Lakhuti Village,34.58000183105469,LS-0292,,0,Newspapers & Media/2024/Nagaland/136,15,22.42385263119693,Newspapers & Media,0,Nagaland,5,2024,"{""type"":""Point"",""coordinates"":[94.24665020901718,26.295599835536716]}"
00000000000000000125,,,,,,,,,,,,,,,32.08463875657964,0,PART2,Kohima,1353.9293212890625,2024-07-26,208.0,7.0,,2.0,0,31.0,2024-07-24,1.0093865740740742,10,true,Pezielietsie Colony Landslide,1,"Pezielietsie Colony in Ward-3 North Block, Kohima",1.2899999618530273,LS-0294,,0,Newspapers & Media/2024/Nagaland/138,16,21.61455936695172,Newspapers & Media,0,Nagaland,5,2024,"{""type"":""Point"",""coordinates"":[94.10302702318674,25.680685341165475]}"
0000000000000000012f,,,,,,,,,,,,,,,332.1171477784711,0,PART2,Kohima,813.8027954101562,2024-08-04,217.0,8.0,,2.0,0,1.0,2024-08-03,0.06390046296296296,10,true,Dzüü Landslide,1,Just before Dzüü bridge,0.4000000059604645,LS-0304,,0,Newspapers & Media/2024/Nagaland/149,17,11.42951571607087,Newspapers & Media,0,Nagaland,5,2024,"{""type"":""Point"",""coordinates"":[94.18373229315306,25.67131676985218]}"
00000000000000000138,,,,,,,,,,,,,,,232.4647807167223,0,PART2,Kiphire,1666.0404052734375,2024-08-12,225.0,8.0,,3.0,0,38.0,2024-08-11,0.03774305555555556,10,true,Lophukhong Landslide,1,Near Lophukhong Village,57.459999084472656,LS-0313,,0,Newspapers & Media/2024/Nagaland/156,18,28.18702529861032,Newspapers & Media,0,Nagaland,5,2024,"{""type"":""Point"",""coordinates"":[94.9301278411862,25.699199528739378]}"
00000000000000000143,,,,,,,,,,,,,,,149.0591786476432,0,PART2,Kohima,1418.15869140625,2024-08-23,236.0,8.0,Morning,3.0,0,45.0,2024-08-21,1.9819328703703705,10,true,Khonoma Landslide,1,Between Jotsoma and Khonoma,45.290000915527344,LS-0324,,0,Newspapers & Media/2024/Nagaland/168,20,48.80033705943882,Newspapers & Media,0,Nagaland,5,2024,"{""type"":""Point"",""coordinates"":[94.0421602938072,25.670326849418313]}"
00000000000000000144,0.21548009728415077,0.1390955512768545,0.028257134171057956,0.06328266112687475,0.060172005472233475,0.09436472942845561,0.21355365322253742,0.26382799452776645,0.25869986826104574,0.28634784657478707,0.29715048477763895,0.08660366304072639,0.6211340636582168,-0.6050116770207838,234.66572600700124,0,PART2,Wokha,1317.4075927734375,2024-08-26,239.0,8.0,3:00 PM,2.0,0,66.0,2024-08-25,0.8223495370370371,10,true,Etsuchuka Colony Landslide,1,"Etsuchuka Colony, Wokha",3.5999999046325684,LS-0325,,0,Newspapers & Media/2024/Nagaland/169,21,3.934212065666182,Newspapers & Media,0,Nagaland,5,2024,"{""type"":""Point"",""coordinates"":[94.25499318708817,26.098734983128132]}"
00000000000000000145,0.1695079140700207,0.08065588488625422,0.02468619344378578,0.0538987688098495,0.04354734255459287,0.07870034453057707,0.2189279981760145,0.27995324517403847,0.2694300704261033,0.30128735370117055,0.5217462232777067,0.21435316904476528,0.6995133709067681,-0.6457488745974509,17.7026112167743,0,PART2,Mokokchung,604.2978515625,2024-08-26,239.0,8.0,,3.0,0,54.0,2024-08-25,0.8223495370370371,10,true,Mokokchung Landslide,1,Between MokokchungTu engsang Road,20.229999542236328,LS-0326,,0,Newspapers & Media/2024/Nagaland/173,23,29.02605781095709,Newspapers & Media,0,Nagaland,5,2024,"{""type"":""Point"",""coordinates"":[94.58632669086447,26.302047695659997]}"
0000000000000000005d,,,,,,,,,,,,,,,338.93726689720893,0,PART2,West Sikkim,615.4533081054688,2023-06-18,169.0,6.0,,2.0,0,74.0,2023-06-17,0.016099537037037037,10,true,Kalej Khola landslide,1,Lower Sapung area,66.43408392,LS-0094,,0,Newspapers & Media/2023/Sikkim/25,25,12.113398488874912,Newspapers & Media,0,Sikkim,6,2023,"{""type"":""Point"",""coordinates"":[88.25036770851796,27.269329273476636]}"
0000000000000000005e,,,,,,,,,,,,,,,73.31695149837697,0,PART2,West Sikkim,1642.106201171875,2023-06-18,169.0,6.0,,2.0,0,74.0,2023-06-17,0.016099537037037037,10,true,Dentam Landslide,1,Dentam Sub Division under Gyalshing district,47.51506926,LS-0095,,0,Newspapers & Media/2023/Sikkim/26,26,37.01350208184603,Newspapers & Media,0,Sikkim,6,2023,"{""type"":""Point"",""coordinates"":[88.13677656828249,27.254355612139165]}"
0000000000000000005f,,,,,,,,,,,,,,,332.21473186672364,0,PART2,West Sikkim,2139.02734375,2023-06-18,169.0,6.0,,2.0,0,74.0,2023-06-17,0.016099537037037037,10,true,Lower Okhrey Landslide,1,Sombaria area,87.17961762,LS-0096,,0,Newspapers & Media/2023/Sikkim/27,27,29.83064277391441,Newspapers & Media,0,Sikkim,6,2023,"{""type"":""Point"",""coordinates"":[88.10331101487637,27.14258378513349]}"
00000000000000000080,,,,,,,,,,,,,,,349.1662354256887,0,PART2,Pakyong,1416.3865966796875,2024-05-17,138.0,5.0,Afternoon,2.0,0,42.0,2024-05-15,1.0095023148148148,10,true,Pakyong DC office Landslide,1,Near under construction DC office,1.8029999732971191,LS-0129,,0,Newspapers & Media/2024/Sikkim/9,1,4.522204634295541,Newspapers & Media,0,Sikkim,6,2024,"{""type"":""Point"",""coordinates"":[88.61160840305972,27.245339309809097]}"
0000000000000000009d,,,,,,,,,,,,,,,336.5470353457954,0,PART2,Gangtok,2087.318603515625,2024-06-01,153.0,6.0,,3.0,0,32.0,2024-05-30,1.0094791666666667,10,true,Matim Landslide,1,Maltin and BOP areas,0.5400000214576721,LS-0158,,0,Newspapers & Media/2024/Sikkim/33,2,54.914761213870456,Newspapers & Media,0,Sikkim,6,2024,"{""type"":""Point"",""coordinates"":[88.67311278388989,27.627140919308292]}"
0000000000000000009e,,,,,,,,,,,,,,,257.1274193412067,0,PART2,Gangtok,1880.90283203125,2024-06-01,153.0,6.0,,3.0,0,32.0,2024-05-30,1.0094791666666667,10,true,Tashi Landslide,1,Gangtok Mangan Road,0.0,LS-0159,,0,Newspapers & Media/2024/Sikkim/34,3,22.720717953923867,Newspapers & Media,0,Sikkim,6,2024,"{""type"":""Point"",""coordinates"":[88.61638855938901,27.371942106918535]}"
000000000000000000a1,,,,,,,,,,,,,,,123.01557441389237,3,PART2,Namchi,1328.4368896484375,2024-06-10,162.0,6.0,6:30 AM,2.0,1,36.0,2024-06-09,0.009363425925925926,10,true,Majua Landslide,1,Yangang area,2.4000000953674316,LS-0162,,0,Newspapers & Media/2024/Sikkim/43,4,12.757545194090504,Newspapers & Media,0,Sikkim,6,2024,"{""type"":""Point"",""coordinates"":[88.41938101574672,27.294028234211677]}"
000000000000000000a4,,,,,,,,,,,,,,,286.4231123660453,0,PART2,Gangtok,1580.4141845703125,2024-06-11,163.0,6.0,,3.0,0,36.0,2024-06-09,1.0093634259259259,10,true,Pani House Landslide,1,Pani House area in Gangtok,13.600000381469727,LS-0165,,0,Newspapers & Media/2024/Sikkim/47,7,32.213126390856694,Newspapers & Media,0,Sikkim,6,2024,"{""type"":""Point"",""coordinates"":[88.60993178106362,27.321670201641982]}"
000000000000000000a5,,,,,,,,,,,,,,,249.18226774023591,0,PART2,Mangan,3699.867919921875,2024-06-11,163.0,6.0,,3.0,0,36.0,2024-06-09,1.0093634259259259,10,true,Zeema Landslide,1,Zeema region in North Sikkim,13.600000381469727,LS-0166,,0,Newspapers & Media/2024/Sikkim/48,8,35.63318110508785,Newspapers & Media,0,Sikkim,6,2024,"{""type"":""Point"",""coordinates"":[88.54756233462908,27.863718525698864]}"
000000000000000000a6,,,,,,,,,,,,,,,225.24317803521853,6,PART2,Mangan,1174.0736083984375,2024-06-13,165.0,6.0,,3.0,1,41.0,2024-06-12,0.002534722222222222,10,true,Mangan Landslide,1,Mangan Area,99.0,LS-0167,,0,Newspapers & Media/2024/Sikkim/45,5,17.945128423603215,Newspapers & Media,0,Sikkim,6,2024,"{""type"":""Point"",""coordinates"":[88.53444811843089,27.500279494337757]}"
000000000000000000a7,,,,,,,,,,,,,,,176.7223631671185,3,PART2,Mangan,1699.6141357421875,2024-06-13,165.0,6.0,,2.0,1,41.0,2024-06-12,0.002534722222222222,10,true,Pakshep Landslide,1,Pakshep area in Mangan,99.0,LS-0168,,0,Newspapers & Media/2024/Sikkim/50,9,25.059905353332496,Newspapers & Media,0,Sikkim,6,2024,"{""type"":""Point"",""coordinates"":[88.55657863695915,27.506687222551562]}"
000000000000000000a8,,,,,,,,,,,,,,,203.1098407911633,0,PART2,Mangan,753.7308959960938,2024-06-13,165.0,6.0,,3.0,0,41.0,2024-06-12,0.002534722222222222,10,true,Sangkalang Landslide,1,Near Sangkalang Bridge,99.0,LS-0169,,0,Newspapers & Media/2024/Sikkim/51,10,19.18019617767497,Newspapers & Media,0,Sikkim,6,2024,"{""type"":""Point"",""coordinates"":[88.52690777854951,27.508600176903485]}"
000000000000000000e3,,,,,,,,,,,,,,,267.9132550249782,0,PART2,Gangtok,1254.64013671875,2024-06-28,180.0,6.0,,3.0,0,69.0,2024-06-27,0.0025578703703703705,10,true,Lingding Landslide,1,LingdingSichey Road,11.5600004196167,LS-0228,,0,Newspapers & Media/2024/Sikkim/74,11,13.020702031065465,Newspapers & Media,0,Sikkim,6,2024,"{""type"":""Point"",""coordinates"":[88.60395212655095,27.32468009485306]}"
0000000000000000011a,,,,,,,,,,,,,,,219.518088055466,1,PART2,Gangtok,939.0638427734376,2024-07-12,194.0,7.0,,2.0,1,68.0,2024-07-11,0.0696875,10,true,Makha Landslide,1,"Near Sisney, close to 10th Mile in Makha",3.809999942779541,LS-0283,,0,Newspapers & Media/2024/Sikkim/123,12,9.80791454951351,Newspapers & Media,0,Sikkim,6,2024,"{""type"":""Point"",""coordinates"":[88.32417920825564,27.351639819822193]}"
00000000000000000120,,,,,,,,,,,,,,,112.97888802070604,0,PART2,Mangan,3379.32275390625,2024-07-21,203.0,7.0,,2.0,0,11.0,2024-07-19,1.0094791666666667,10,true,Munsi Thang Landslide,1,Enroute Lachen,0.46000000834465027,LS-0289,,0,Newspapers & Media/2024/Sikkim/133,13,38.484630398858094,Newspapers & Media,0,Sikkim,6,2024,"{""type"":""Point"",""coordinates"":[88.54910072449252,27.82149083872273]}"
00000000000000000124,,,,,,,,,,,,,,,76.37567142670923,0,PART2,Mangan,1544.349853515625,2024-07-22,204.0,7.0,,3.0,0,53.0,2024-07-21,0.0696875,10,true,Toong Landslide,1,Between Naga and Rel Ward areas,0.3799999952316284,LS-0293,,0,Newspapers & Media/2024/Sikkim/137,14,22.240582672756418,Newspapers & Media,0,Sikkim,6,2024,"{""type"":""Point"",""coordinates"":[88.65080836042056,27.56807120765329]}"
00000000000000000140,,,,,,,,,,,,,,,302.617808371549,0,PART2,Gangtok,473.54010009765625,2024-08-20,233.0,8.0,Morning,2.0,0,59.0,2024-08-18,1.0094791666666667,10,true,Balutar Landslide,1,"NHPC's 510 MW Teesta Stage 5 dam in Balutar, Sikkim",81.1500015258789,LS-0321,,0,Newspapers & Media/2024/Sikkim/162,15,50.94299381420055,Newspapers & Media,0,Sikkim,6,2024,"{""type"":""Point"",""coordinates"":[88.45966453466355,27.251689069709208]}"
00000000000000000148,,,,,,,,,,,,,,,73.03694602881586,0,PART2,Pakyong,1363.3233642578125,2024-08-29,242.0,8.0,,2.0,0,1.0,2024-08-27,1.0231597222222222,10,true,Pakyong Landslide,1,Near Pakyong Airport,1.6399999856948853,LS-0329,,0,Newspapers & Media/2024/Sikkim/172,16,20.919681260748717,Newspapers & Media,0,Sikkim,6,2024,"{""type"":""Point"",""coordinates"":[88.59367389862275,27.239680710572273]}"
0000000000000000014e,,,,,,,,,,,,,,,349.6462135144958,0,PART2,Mangan,748.6138916015625,2024-09-30,274.0,9.0,,3.0,0,29.0,2024-09-29,0.9957291666666667,10,true,Rang Rang Landslide,1,Near Rang Rang Landslide,5.928999900817871,LS-0335,,0,Newspapers & Media/2024/Sikkim/179,17,27.93534962445256,Newspapers & Media,0,Sikkim,6,2024,"{""type"":""Point"",""coordinates"":[88.52716194730957,27.477752115815743]}"
0000000000000000014f,,,,,,,,,,,,,,,212.609794359035,0,PART2,Gangtok,833.561279296875,2024-09-30,274.0,9.0,,3.0,0,29.0,2024-09-29,0.9957291666666667,10,true,Lower Tintek Landslide,1,"Marchak, Lower Tintek",0.5690000057220459,LS-0336,,0,Newspapers & Media/2024/Sikkim/180,18,23.32225808502617,Newspapers & Media,0,Sikkim,6,2024,"{""type"":""Point"",""coordinates"":[88.4972547565441,27.37806891176596]}"
00000000000000000150,,,,,,,,,,,,,,,69.72697661509494,0,PART2,Soreng,2432.5205078125,2024-09-30,274.0,9.0,,2.0,0,29.0,2024-09-29,0.9957291666666667,10,true,RibdiBhareng Landslide,1,Between Ribdi and Bhareng,0.0,LS-0337,,0,Newspapers & Media/2024/Sikkim/181,19,44.22192751429182,Newspapers & Media,0,Sikkim,6,2024,"{""type"":""Point"",""coordinates"":[88.09037070361927,27.1760493385396]}"
000000000000000000d6,,,,,,,,,,,,,,,329.7133199726766,0,PART1,West Tripura,106.49332427978516,2024-06-15,167.0,6.0,,3.0,0,53.0,2024-06-14,0.009386574074074073,10,true,Mungiakami Landslide,1,Mile 35 in Mungiakami region,0.5299999713897705,LS-0215,,0,Newspapers & Media/2024/Tripura/54,1,10.86193064811446,Newspapers & Media,0,Tripura,7,2024,"{""type"":""Point"",""coordinates"":[91.70584551056162,23.87886516479222]}"
0000000000000000013d,,,,,,,,,,,,,,,16.63441001295098,3,PART1,South Tripura,51.27881622314453,2024-08-19,232.0,8.0,,2.0,1,59.0,2024-08-18,0.009479166666666667,10,true,Debipur Landslide,1,Debipur region,42.189998626708984,LS-0318,,0,Newspapers & Media/2024/Tripura/163,2,4.220542287894269,Newspapers & Media,0,Tripura,7,2024,"{""type"":""Point"",""coordinates"":[91.51686434881552,23.16787487912344]}"
0000000000000000013e,,,,,,,,,,,,,,,84.85816961536784,1,PART1,Khowai,53.31257629394531,2024-08-19,232.0,8.0,,2.0,1,59.0,2024-08-18,0.009479166666666667,10,true,Teliamura Landslide,1,Teliamura region,46.349998474121094,LS-0319,,0,Newspapers & Media/2024/Tripura/164,3,0.6882466121589139,Newspapers & Media,0,Tripura,7,2024,"{""type"":""Point"",""coordinates"":[91.63495472201393,23.839928294393534]}"
0000000000000000013f,,,,,,,,,,,,,,,164.6835853572428,0,PART1,Dhalai,204.28048706054688,2024-08-19,232.0,8.0,,3.0,0,59.0,2024-08-18,0.009479166666666667,10,true,Saikar Landslide,1,Near Saikar Bazar,48.0,LS-0320,,0,Newspapers & Media/2024/Tripura/165,4,21.142384362278843,Newspapers & Media,0,Tripura,7,2024,"{""type"":""Point"",""coordinates"":[91.90810141614381,24.109650398914365]}"
00000000000000000141,,,,,,,,,,,,,,,163.02419946979217,7,PART1,South Tripura,44.35371398925781,2024-08-22,235.0,8.0,Early Morning,2.0,1,45.0,2024-08-21,0.9819328703703704,10,true,Gardang Landslide,1,Gardang Panchayat near Shanti bazar,677.0,LS-0322,,0,Newspapers & Media/2024/Tripura/166,5,2.9212557755596413,Newspapers & Media,0,Tripura,7,2024,"{""type"":""Point"",""coordinates"":[91.52415943813897,23.31296956830151]}"
0000000000000000004f,,,,,,,,,,,,,,,41.209200167404106,4,PART2,Upper Siang,730.443359375,2023-05-05,125.0,5.0,2:00 AM,3.0,1,16.0,2023-05-04,0.0025578703703703705,10,true,Mossing Landslide,1,Yingkiong_Tuting_Road,4.289999961853027,LS-0080,Yingkiong_Tuting_Road,1,Newspapers & Media/2023/Arunachal Pradesh/7,7,38.904102531589565,Newspapers & Media,0,Arunachal Pradesh,0,2023,"{""type"":""Point"",""coordinates"":[94.77570917170537,28.798957003345443]}"
00000000000000000050,,,,,,,,,,,,,,,322.9265945608362,0,PART2,Kurung Kumey,817.197265625,2023-05-06,126.0,5.0,,3.0,0,32.0,2023-05-05,0.023159722222222224,10,true,Kurung 1,1,near Kurung bridge,7.562835236,LS-0081,Koloriang to Parsi Parlo road,1,Newspapers & Media/2023/Arunachal Pradesh/4,4,34.71693154584472,Newspapers & Media,0,Arunachal Pradesh,0,2023,"{""type"":""Point"",""coordinates"":[93.43502693077423,27.894517536675018]}"
00000000000000000051,,,,,,,,,,,,,,,26.52083557024406,0,PART2,Kurung Kumey,836.986328125,2023-05-06,126.0,5.0,,3.0,0,32.0,2023-05-05,0.023159722222222224,10,true,Kurung 2,1,Near Kurung bridge,7.559999942779541,LS-0082,Koloriang to Parsi Parlo road,1,Newspapers & Media/2023/Arunachal Pradesh/5,5,29.3218876872751,Newspapers & Media,0,Arunachal Pradesh,0,2023,"{""type"":""Point"",""coordinates"":[93.42410213319329,27.896470622936423]}"
00000000000000000057,,,,,,,,,,,,,,,160.885005460682,0,PART2,West Kameng,169.1261444091797,2023-06-12,163.0,6.0,,2.0,0,10.0,2023-06-10,1.0093865740740742,10,true,Tippi Landslide,1,Balipara-Chariduar-Tawang Road (Tippi Village),97.91999816894531,LS-0088,NH 13,1,Newspapers & Media/2023/Arunachal Pradesh/17,17,1.747670747841759,Newspapers & Media,0,Arunachal Pradesh,0,2023,"{""type"":""Point"",""coordinates"":[92.6101645815036,27.026923622009207]}"
00000000000000000060,,,,,,,,,,,,,,,192.5498680081674,0,PART2,Papum pare,114.89450073242188,2023-06-23,174.0,6.0,,2.0,0,73.0,2023-06-22,0.01607638888888889,10,true,Karsingsa Landslide,1,"NH-415, between Bandardeva and Nirjuli",2.254254371,LS-0097,NH-415,1,Newspapers & Media/2023/Arunachal Pradesh/33,33,13.91549687186513,Newspapers & Media,0,Arunachal Pradesh,0,2023,"{""type"":""Point"",""coordinates"":[93.82863623986294,27.09593266991234]}"
00000000000000000061,,,,,,,,,,,,,,,25.202750991879896,0,PART2,Papum pare,179.51698303222656,2023-06-23,174.0,6.0,,2.0,0,73.0,2023-06-22,0.01607638888888889,10,true,Puroik Landslide,1,"Puroik Colony, Papu Nalah",3.966167386,LS-0098,Nh-415,1,Newspapers & Media/2023/Arunachal Pradesh/34,34,2.8439251294520456,Newspapers & Media,0,Arunachal Pradesh,0,2023,"{""type"":""Point"",""coordinates"":[93.67145292772898,27.101533300835463]}"
0000000000000000006b,,,,,,,,,,,,,,,341.6439536451997,0,PART2,Siang district,517.6980590820312,2023-07-28,209.0,7.0,8:30 AM,2.0,0,9.0,2023-07-27,0.06957175925925926,10,true,"NH 13, Pangin Landslide",1,NH 13,195.0684341,LS-0108,NH 13,1,Newspapers & Media/2023/Arunachal Pradesh/54,54,14.654341230396057,Newspapers & Media,0,Arunachal Pradesh,0,2023,"{""type"":""Point"",""coordinates"":[95.26929598551341,28.142510441762404]}"
00000000000000000074,,,,,,,,,,,,,,,347.7178706542452,0,PART2,West Kameng,1289.0,2023-08-27,239.0,8.0,,2.0,0,65.0,2023-08-26,0.016099537037037037,10,true,Nag Mandir Landslide,1,Nag Mandir - Rupa Road,13.39995506,LS-0117,NH 13,1,Newspapers & Media/2023/Arunachal Pradesh/72,72,46.213048426055536,Newspapers & Media,0,Arunachal Pradesh,0,2023,"{""type"":""Point"",""coordinates"":[92.54704600609207,27.20494431336592]}"
00000000000000000078,,,,,,,,,,,,,,,93.03278551696452,0,PART2,Dibang Valley,879.6536865234375,2024-04-24,115.0,4.0,5:00 PM,3.0,0,53.0,2024-04-23,0.002534722222222222,10,true,Hunli and Anini,1,BetweeenHunli and Anini,31.155000686645508,LS-0121,NH 313,1,Newspapers & Media/2024/Aarunachal Pradesh/2,1,36.070487860313975,Newspapers & Media,0,Arunachal Pradesh,0,2024,"{""type"":""Point"",""coordinates"":[95.7775799963936,28.233284361907405]}"
0000000000000000007c,,,,,,,,,,,,,,,123.6943808262988,0,PART2,KurungKu mey,975.6314086914062,2024-05-16,137.0,5.0,Morning,3.0,0,42.0,2024-05-15,0.009502314814814814,10,true,Pach Nallah Landslide,1,Between Leel village and Tagum camp/6 kilo under Sangram circle,1.7999999523162842,LS-0125,Road,1,Newspapers & Media/2024/Arunachal Pradesh/6,2,28.82939549083354,Newspapers & Media,0,Arunachal Pradesh,0,2024,"{""type"":""Point"",""coordinates"":[93.54219696549275,27.785978557933085]}"
000000000000000000db,,,,,,,,,,,,,,,138.1993509731824,0,PART2,Papum Pare,128.4537811279297,2024-06-18,170.0,6.0,,3.0,0,3.0,2024-06-17,0.0025578703703703705,10,true,Karsingsa Landslide,1,Between Nirjuli and Banderdewa,47.33000183105469,LS-0220,NH 415,1,Newspapers & Media/2024/Arunachal Pradesh/62,4,5.55586685253171,Newspapers & Media,0,Arunachal Pradesh,0,2024,"{""type"":""Point"",""coordinates"":[93.78342095518101,27.12186680163918]}"
000000000000000000de,,,,,,,,,,,,,,,317.96665038083654,0,PART2,Papum Pare,397.7671203613281,2024-06-23,175.0,6.0,10:30,2.0,0,72.0,2024-06-22,0.002534722222222222,10,true,Itanagar Landslide,1,Itanagar City Area,7.909999847412109,LS-0223,NH 415,1,Newspapers & Media/2024/Arunachal Pradesh/66,5,3.124664841725975,Newspapers & Media,0,Arunachal Pradesh,0,2024,"{""type"":""Point"",""coordinates"":[93.6270848722472,27.099656019291963]}"
000000000000000000df,,,,,,,,,,,,,,,248.9397916456721,0,PART2,Lower Siang,907.0946655273438,2024-06-25,177.0,6.0,,3.0,0,78.0,2024-06-24,0.009386574074074073,10,true,Siji Landslide,1,Likabali-Basar- Daporijo Road,276.6000061035156,LS-0224,NH 13,1,Newspapers & Media/2024/Arunachal Pradesh/69,8,32.05028882150231,Newspapers & Media,0,Arunachal Pradesh,0,2024,"{""type"":""Point"",""coordinates"":[94.71167648057789,27.923782616888776]}"
000000000000000000e4,,,,,,,,,,,,,,,155.95718301813724,0,PART2,Siang District,301.2108459472656,2024-06-29,181.0,6.0,,3.0,0,69.0,2024-06-27,1.0025578703703704,10,true,Tarak Landslide,1,Pasighat- Pangin-Aalo road,173.1300048828125,LS-0229,NH 13,1,Newspapers & Media/2024/Arunachal Pradesh/71,9,20.953024874883955,Newspapers & Media,0,Arunachal Pradesh,0,2024,"{""type"":""Point"",""coordinates"":[94.8832047208008,28.226542201114597]}"
000000000000000000e7,,,,,,,,,,,,,,,356.860998620655,0,PART2,Lohit,563.9830322265625,2024-06-29,181.0,6.0,,3.0,0,69.0,2024-06-27,1.0025578703703704,10,true,Demwe Landslide,1,Demwe- Brahmakund Tri Junction to Parashuram Kund-Wakro Road,339.6000061035156,LS-0232,NH 13,1,Newspapers & Media/2024/Arunachal Pradesh/75,12,41.88105774310379,Newspapers & Media,0,Arunachal Pradesh,0,2024,"{""type"":""Point"",""coordinates"":[96.37484090969426,27.886843423762034]}"
000000000000000000e8,,,,,,,,,,,,,,,,0,NONE,Anjaw,,2024-06-29,181.0,6.0,,2.0,0,69.0,2024-06-27,1.0025578703703704,10,true,Hayuliang Landslide,1,RamMandir- Tidding-Khupa- Hayuliang- Hawai Road,386.79998779296875,LS-0233,NH 113,1,Newspapers & Media/2024/Arunachal Pradesh/76,13,,Newspapers & Media,0,Arunachal Pradesh,0,2024,"{""type"":""Point"",""coordinates"":[96.56551652984065,28.067981026755117]}"
000000000000000000e9,,,,,,,,,,,,,,,55.55891310509799,0,PART2,Siang District,284.74920654296875,2024-06-29,181.0,6.0,,3.0,0,69.0,2024-06-27,1.0025578703703704,10,true,Babuk Landslide,1,highway between Babuk and Kebang Village,197.39999389648438,LS-0234,NH 13,1,Newspapers & Media/2024/Arunachal Pradesh/80,16,40.97520161761688,Newspapers & Media,0,Arunachal Pradesh,0,2024,"{""type"":""Point"",""coordinates"":[95.09295191615278,28.142211681991824]}"
000000000000000000eb,,,,,,,,,,,,,,,76.17686012418147,0,PART2,East Kameng,449.0704956054688,2024-06-30,182.0,6.0,,3.0,0,60.0,2024-06-29,0.009479166666666667,10,true,Bana Landslide,1,Bana Chepa Road,102.73999786376953,LS-0236,NH 13,1,Newspapers & Media/2024/Arunachal Pradesh/78,14,31.318183104186893,Newspapers & Media,0,Arunachal Pradesh,0,2024,"{""type"":""Point"",""coordinates"":[92.95874142905356,27.3097822382335]}"
0000000000000000010f,,,,,,,,,,,,,,,129.98661851751888,0,PART2,Papum Pare,125.45680236816406,2024-07-05,187.0,7.0,Morning,3.0,0,0.0,2024-07-04,0.009386574074074073,10,true,Karsingsa Landslide,1,Between Nirjuli and Banderdewa,106.56999969482422,LS-0272,NH 415,1,Newspapers & Media/2024/Arunachal Pradesh/118,22,7.804459809963373,Newspapers & Media,0,Arunachal Pradesh,0,2024,"{""type"":""Point"",""coordinates"":[93.78363499203158,27.121840047032858]}"
00000000000000000114,,,,,,,,,,,,,,,47.35519510792909,0,PART2,Siang District,301.6027526855469,2024-07-06,188.0,7.0,1:00,3.0,0,0.0,2024-07-04,1.0093865740740742,10,true,Babuk Landslide,1,highway between Babuk and Kebang Village,24.299999237060547,LS-0277,NH 13,1,Newspapers & Media/2024/Arunachal Pradesh/117,21,37.95773386411679,Newspapers & Media,0,Arunachal Pradesh,0,2024,"{""type"":""Point"",""coordinates"":[95.09307231188123,28.142492605358193]}"
00000000000000000121,,,,,,,,,,,,,,,122.22576530810682,0,PART2,Papum Pare,297.48974609375,2024-07-22,204.0,7.0,,3.0,0,53.0,2024-07-21,0.0696875,10,true,Holongi Landslide,1,BetweeenHolon gi and Itanagar,78.83000183105469,LS-0290,NH 415,1,Newspapers & Media/2024/Arunachal Pradesh/134,27,13.824035014548414,Newspapers & Media,0,Arunachal Pradesh,0,2024,"{""type"":""Point"",""coordinates"":[93.62182759210518,27.03100369947311]}"
00000000000000000097,,,,,,,,,,,,,,,335.0662998987086,0,PART1,Dima Hasao,563.2509765625,2024-05-30,151.0,5.0,,3.0,0,40.0,2024-05-27,2.016076388888889,10,true,Mahur Landslide,1,Mahur Lasang Road,154.66200256347656,LS-0152,NH 27,1,Newspapers & Media/2024/Assam/38,8,13.276977706682745,Newspapers & Media,0,Assam,1,2024,"{""type"":""Point"",""coordinates"":[93.116464292415,25.17989707915612]}"
00000000000000000135,,,,,,,,,,,,,,,212.19084597276316,0,PART1,Dima Hasao,90.31522369384766,2024-08-10,223.0,8.0,,3.0,0,49.0,2024-08-08,1.988761574074074,10,true,Damchera Landslide,1,Silchar-Haflong Road section,0.0,LS-0310,NH 27,1,Newspapers & Media/2024/Assam/154,15,24.098202999238737,Newspapers & Media,0,Assam,1,2024,"{""type"":""Point"",""coordinates"":[92.74731761170548,25.006924090191905]}"
0000000000000000006e,,,,,,,,,,,,,,,132.4913661037067,0,PART1,Noney,399.5615539550781,2023-08-16,228.0,8.0,4:00 PM,2.0,0,29.0,2023-08-14,1.0093634259259259,10,true,Awangkhul Landslide,1,Jiribam Imphal Road,5.34347082,LS-0111,NH 37,1,Newspapers & Media/2023/Manipur/62,62,0.8326291845945739,Newspapers & Media,0,Manipur,2,2023,"{""type"":""Point"",""coordinates"":[93.55041508873425,24.820489075147332]}"
0000000000000000006f,,,,,,,,,,,,,,,56.84879541412965,0,PART1,Noney,471.4996948242188,2023-08-16,228.0,8.0,,2.0,0,29.0,2023-08-14,1.0093634259259259,10,true,Khongsang Landslide,1,Imphal Silchar Road,4.925795606,LS-0112,NH 37,1,Newspapers & Media/2023/Manipur/63,63,21.375083584949373,Newspapers & Media,0,Manipur,2,2023,"{""type"":""Point"",""coordinates"":[93.47773174156308,24.82658020718634]}"
00000000000000000071,,,,,,,,,,,,,,,132.4913674858867,0,PART1,Noney,399.5615539550781,2023-08-20,232.0,8.0,7:00 AM,2.0,0,37.0,2023-08-19,0.009386574074074073,10,true,Awangkhul Landslide,1,Jiribam Imphal Road,20.85353676,LS-0114,NH 37,1,Newspapers & Media/2023/Manipur/65,65,0.8326291626709991,Newspapers & Media,0,Manipur,2,2023,"{""type"":""Point"",""coordinates"":[93.55040617053214,24.820480156945226]}"
00000000000000000085,,,,,,,,,,,,,,,94.7960572672971,0,PART1,Imphal,1002.2315673828124,2024-05-28,149.0,5.0,,3.0,0,40.0,2024-05-27,0.01607638888888889,10,true,Imphal Landslide,1,Imphal Jiribam Road,347.34698486328125,LS-0134,NH 37,1,Newspapers & Media/2024/Manipur/30,2,11.819124142816696,Newspapers & Media,0,Manipur,2,2024,"{""type"":""Point"",""coordinates"":[93.7777043876305,24.781668141376034]}"
000000000000000000fa,,,,,,,,,,,,,,,245.19738590937192,0,PART1,Ukhrul,953.190673828125,2024-07-02,184.0,7.0,9:00 AM,2.0,0,31.0,2024-07-01,0.0696875,10,true,MongkotChep u Landslide,1,Imphal Ukhrul Road,428.3800048828125,LS-0251,NH 202,1,Newspapers & Media/2024/Manipur/98,4,25.78153573374527,Newspapers & Media,0,Manipur,2,2024,"{""type"":""Point"",""coordinates"":[94.2162480580348,24.954449388994956]}"
00000000000000000108,,,,,,,,,,,,,,,265.7745304502168,0,PART1,Ukhrul,1779.4189453125,2024-07-03,185.0,7.0,6:00 AM,2.0,0,64.0,2024-07-02,0.002534722222222222,10,true,Kazipphung Landslide,1,Imphal-Ukhrul Road,37.95000076293945,LS-0265,NH 202,1,Newspapers & Media/2024/Manipur/100,5,31.72886419430273,Newspapers & Media,0,Manipur,2,2024,"{""type"":""Point"",""coordinates"":[94.3417806708914,25.06391140165495]}"
0000000000000000010c,,,,,,,,,,,,,,,100.16357250731744,0,PART1,Kangpokpi,1022.8468627929688,2024-07-04,186.0,7.0,11:00 PM,2.0,0,64.0,2024-07-02,1.0025347222222223,10,true,Kangpokpi Landslide,1,Between Daili village and Yaikongpao village,32.18000030517578,LS-0269,NH 2,1,Newspapers & Media/2024/Manipur/114,6,31.306709672695693,Newspapers & Media,0,Manipur,2,2024,"{""type"":""Point"",""coordinates"":[93.96528539164579,25.13190823361894]}"
00000000000000000127,,,,,,,,,,,,,,,107.8450873000723,0,PART1,Imphal East,854.2505493164062,2024-07-29,211.0,7.0,,2.0,0,29.0,2024-07-27,1.0025578703703704,10,true,Sinam Landslide,1,Along NH-37 near K. Sinam village,11.859999656677246,LS-0296,NH 37,1,Newspapers & Media/2024/Manipur/140,8,15.940876229911131,Newspapers & Media,0,Manipur,2,2024,"{""type"":""Point"",""coordinates"":[93.79057335327073,24.77639748393086]}"
00000000000000000128,,,,,,,,,,,,,,,52.73508808587178,0,PART1,Tamenglong,655.71142578125,2024-07-29,211.0,7.0,,2.0,0,29.0,2024-07-27,1.0025578703703704,10,true,Rengpang Landslide,1,Between Nungba and Rengpang villages,0.0,LS-0297,NH 37,1,Newspapers & Media/2024/Manipur/141,9,38.02278637843338,Newspapers & Media,0,Manipur,2,2024,"{""type"":""Point"",""coordinates"":[93.43601239210705,24.766319915550074]}"
00000000000000000133,,,,,,,,,,,,,,,76.65878224240231,0,PART1,Churachandpur,719.1611328125,2024-08-07,220.0,8.0,Early,3.0,0,29.0,2024-08-06,0.0025578703703703705,10,true,Nungba Landslide,1,Near Nungba region,34.7599983215332,LS-0308,NH 37,1,Newspapers & Media/2024/Manipur/151,17,42.856433254265845,Newspapers & Media,0,Manipur,2,2024,"{""type"":""Point"",""coordinates"":[93.42787899178556,24.756478679525117]}"
00000000000000000134,,,,,,,,,,,,,,,88.92513718596877,0,PART1,Tamenglong,874.7183837890625,2024-08-07,220.0,8.0,,3.0,0,29.0,2024-08-06,0.0025578703703703705,10,true,Kaimai Landslide,1,Kaimai Village area,40.560001373291016,LS-0309,NH 37,1,Newspapers & Media/2024/Manipur/152,18,18.93309837912909,Newspapers & Media,0,Manipur,2,2024,"{""type"":""Point"",""coordinates"":[93.2616437045131,24.720471438518548]}"
0000000000000000013b,,,,,,,,,,,,,,,183.72384616054188,0,PART1,Kangpokpi,1071.6405029296875,2024-08-18,231.0,8.0,,2.0,0,53.0,2024-08-16,1.0025578703703704,10,true,K. Sinam Landslide,1,K. Sinam Village in Kangpokpi District along NH-37,104.36000061035156,LS-0316,NH 37,1,Newspapers & Media/2024/Manipur/160,20,37.24197243224948,Newspapers & Media,0,Manipur,2,2024,"{""type"":""Point"",""coordinates"":[93.73187374700318,24.788932016992092]}"
0000000000000000013c,,,,,,,,,,,,,,,42.17493063690728,0,PART1,Noney,397.8563232421875,2024-08-18,231.0,8.0,,3.0,0,53.0,2024-08-16,1.0025578703703704,10,true,Awangkhul Landslide,1,Noney District along NH-37,104.36000061035156,LS-0317,NH 37,1,Newspapers & Media/2024/Manipur/161,21,32.804576853627616,Newspapers & Media,0,Manipur,2,2024,"{""type"":""Point"",""coordinates"":[93.55647500706588,24.819610632239808]}"
00000000000000000151,,,,,,,,,,,,,,,134.14907609672264,0,PART1,Noney,336.5590209960937,2024-10-01,275.0,10.0,Morning,2.0,0,54.0,2024-09-30,0.002534722222222222,10,true,AwangkhulRangkhung Landslide,1,Between Awangkhul and Langkhong,2.2100000381469727,LS-0338,NH 37,1,Newspapers & Media/2024/Manipur/182,22,33.886146110941915,Newspapers & Media,0,Manipur,2,2024,"{""type"":""Point"",""coordinates"":[93.5706014392032,24.83803117869159]}"
0000000000000000004d,,,,,,,,,,,,,,,221.4399789761911,0,PART1,East Jaintia Hills,55.55651473999024,2023-04-05,95.0,4.0,7:00 AM,3.0,0,60.0,2023-04-04,0.0025578703703703705,10,true,Sonapur Tunnel Landslide,1,Near Sonapur Tunnel,2.958248956,LS-0078,NH 6,1,Newspapers & Media/2023/Meghalaya/14,14,22.236416541506564,Newspapers & Media,0,Meghalaya,3,2023,"{""type"":""Point"",""coordinates"":[92.36024088566006,25.105929510881566]}"
0000000000000000004e,,,,,,,,,,,,,,,246.65593272693448,2,PART1,East Khasi Hills,1526.8599853515625,2023-04-14,104.0,4.0,,3.0,1,49.0,2023-04-13,0.01607638888888889,10,true,Rngain Landslide,1,"Rngain Village, Pynursla",0.0,LS-0079,NH 206,1,Newspapers & Media/2023/Meghalaya/3,3,41.97134187295409,Newspapers & Media,0,Meghalaya,3,2023,"{""type"":""Point"",""coordinates"":[91.87655773529174,25.371446683109]}"
00000000000000000054,,,,,,,,,,,,,,,221.43995875102755,0,PART1,East Jaintia Hills,55.55651473999024,2023-05-27,147.0,5.0,,2.0,0,40.0,2023-05-26,0.009363425925925926,10,true,Sonapur Tunnel Landslide,1,Near Sonapur Tunnel,0.007794080767780542,LS-0085,NH 6,1,Newspapers & Media/2023/Meghalaya/12,12,22.23641028681969,Newspapers & Media,0,Meghalaya,3,2023,"{""type"":""Point"",""coordinates"":[92.36018291734636,25.105844787961548]}"
00000000000000000055,,,,,,,,,,,,,,,221.439980371033,0,PART1,East Jaintia Hills,55.55651473999024,2023-06-10,161.0,6.0,,3.0,0,59.0,2023-06-08,1.0025347222222223,10,true,Sonapur Tunnel Landslide,1,near Sonapur Tunnel,87.10559537,LS-0086,NH 6,1,Newspapers & Media/2023/Meghalaya/15,15,22.236416972865424,Newspapers & Media,0,Meghalaya,3,2023,"{""type"":""Point"",""coordinates"":[92.36024534476111,25.105938429083672]}"
00000000000000000058,,,,,,,,,,,,,,,221.43998223082275,0,PART1,East Jaintia Hills,55.55651473999024,2023-06-15,166.0,6.0,Morning,3.0,0,50.0,2023-06-12,2.016076388888889,10,true,Sonapur Tunnel Landslide,1,near Sonapur Tunnel,0.0,LS-0089,NH 6,1,Newspapers & Media/2023/Meghalaya/19,19,22.2364175480108,Newspapers & Media,0,Meghalaya,3,2023,"{""type"":""Point"",""coordinates"":[92.36025872206427,25.105942888184725]}"
0000000000000000006d,,,,,,,,,,,,,,,194.89807513167108,0,PART1,East Jaintia Hills,49.75262451171875,2023-08-10,222.0,8.0,Night,3.0,0,28.0,2023-08-09,0.009386574074074073,10,true,Sonapur Tunnel Landslide,1,Near Sonapur Tunnel,0.909345005,LS-0110,NH 6,1,Newspapers & Media/2023/Meghalaya/61,61,19.705045389300054,Newspapers & Media,0,Meghalaya,3,2023,"{""type"":""Point"",""coordinates"":[92.36123080609393,25.10670093536381]}"
00000000000000000073,,,,,,,,,,,,,,,221.43998502050871,0,PART1,East Jaintia Hills,55.55651473999024,2023-08-26,238.0,8.0,,3.0,0,53.0,2023-08-24,1.0093634259259259,10,true,Sonapur Tunnel Landslide,1,Near Sonapur Tunnel,46.21286365,LS-0116,NH 6,1,Newspapers & Media/2023/Meghalaya/70,70,22.236418410729364,Newspapers & Media,0,Meghalaya,3,2023,"{""type"":""Point"",""coordinates"":[92.3602854766706,25.105956265487887]}"
00000000000000000077,,,,,,,,,,,,,,,221.43995875102755,0,PART1,East Jaintia Hills,55.55651473999024,2024-02-03,34.0,2.0,4:00 AM,3.0,0,75.0,2024-02-02,0.0696875,10,true,Sonapur Tunnel Landslide,1,Near Sonapur Tunnel,2.0810000896453857,LS-0120,NH 6,1,Newspapers & Media/2024/Meghalaya/1,1,22.23641028681969,Newspapers & Media,0,Meghalaya,3,2024,"{""type"":""Point"",""coordinates"":[92.36018291734636,25.105844787961548]}"
00000000000000000079,,,,,,,,,,,,,,,230.7991413494537,0,PART1,East Jaintia Hills,64.33722686767578,2024-04-30,121.0,4.0,6:00 PM,3.0,0,32.0,2024-04-29,0.023275462962962963,10,true,Sonapur Landslide,1,Near Sonapur Tunnel,3.825000047683716,LS-0122,NH 6,1,Newspapers & Media/2024/Meghalaya/3,2,47.44563734262548,Newspapers & Media,0,Meghalaya,3,2024,"{""type"":""Point"",""coordinates"":[92.35800687603229,25.102665448910443]}"
00000000000000000084,,,,,,,,,,,,,,,223.73511048375025,0,PART1,East Jaintia Hills,79.4827880859375,2024-05-27,148.0,5.0,10:00,3.0,0,0.0,2024-05-25,1.0095023148148148,10,true,Sonapur Tunnel Landslide,1,Near Sonapur Tunnel,227.2729949951172,LS-0133,NH 6,1,Newspapers & Media/2024/Meghalaya/17,6,38.36164816507699,Newspapers & Media,0,Meghalaya,3,2024,"{""type"":""Point"",""coordinates"":[92.36097663733388,25.10620597514688]}"
0000000000000000009c,,,,,,,,,,,,,,,54.34022909496662,0,PART1,East Jaintia Hills,267.4786682128906,2024-05-30,151.0,5.0,,3.0,0,40.0,2024-05-27,2.016076388888889,10,true,Lumshnong Landslide,1,Along Lumshnong Road Side,599.5189819335938,LS-0157,NH 6,1,Newspapers & Media/2024/Meghalaya/42,15,9.072201402774382,Newspapers & Media,0,Meghalaya,3,2024,"{""type"":""Point"",""coordinates"":[92.36843671339629,25.154569385172557]}"
000000000000000000ad,,,,,,,,,,,,,,,74.89286112371218,0,PART1,East Jaintia Hills,376.1923828125,2024-06-15,167.0,6.0,12:25 PM,3.0,0,53.0,2024-06-14,0.009386574074074073,10,true,Lumshnong 2 Landslide,1,Lumshnong area along NH 6,246.0,LS-0174,NH 6,1,Newspapers & Media/2024/Meghalaya/44,16,24.451218423799904,Newspapers & Media,0,Meghalaya,3,2024,"{""type"":""Point"",""coordinates"":[92.38607245806267,25.162582389765596]}"
00000000000000000118,,,,,,,,,,,,,,,299.1110067855537,0,PART1,East Jaintia Hills,186.9522399902344,2024-07-12,194.0,7.0,Morning,3.0,0,68.0,2024-07-11,0.0696875,10,true,Kuliang Landslide,1,Kuliang section of National Highway 06,102.94999694824219,LS-0281,NH 6,1,Newspapers & Media/2024/Meghalaya/122,45,23.77169357623633,Newspapers & Media,0,Meghalaya,3,2024,"{""type"":""Point"",""coordinates"":[92.3624124678731,25.080481421169548]}"
00000000000000000131,,,,,,,,,,,,,,,342.8551830182397,0,PART1,East Jaintia Hills,179.9235076904297,2024-08-06,219.0,8.0,Early,3.0,0,75.0,2024-08-05,0.01607638888888889,10,true,Kuliang Landslide,1,Kuliang section of National Highway 06,9.399999618530273,LS-0306,NH 6,1,Newspapers & Media/2024/Meghalaya/148,50,23.55176718866125,Newspapers & Media,0,Meghalaya,3,2024,"{""type"":""Point"",""coordinates"":[92.36235895866045,25.080526012180087]}"
00000000000000000132,,,,,,,,,,,,,,,213.9962150531392,0,PART1,East Jaintia Hills,61.89412307739258,2024-08-06,219.0,8.0,,3.0,0,75.0,2024-08-05,0.01607638888888889,10,true,Sonapur Tunnel Landslide,1,Near Sonapur Tunnel,5.139999866485596,LS-0307,NH 6,1,Newspapers & Media/2024/Meghalaya/153,51,30.106579331879527,Newspapers & Media,0,Meghalaya,3,2024,"{""type"":""Point"",""coordinates"":[92.36103014654653,25.106370961885855]}"
00000000000000000137,,,,,,,,,,,,,,,342.8551830182397,0,PART1,East Jaintia Hills,179.9235076904297,2024-08-12,225.0,8.0,Morning,3.0,0,38.0,2024-08-11,0.03774305555555556,10,true,Kuliang Landslide,1,Kuliang section of National Highway 06,21.190000534057617,LS-0312,NH 6,1,Newspapers & Media/2024/Meghalaya/155,52,23.55176718866125,Newspapers & Media,0,Meghalaya,3,2024,"{""type"":""Point"",""coordinates"":[92.36224748113412,25.080526012180083]}"
0000000000000000013a,,,,,,,,,,,,,,,342.8551830182397,0,PART1,East Jaintia Hills,179.9235076904297,2024-08-17,230.0,8.0,Afternoon,2.0,0,53.0,2024-08-16,0.0025578703703703705,10,true,Kuliang Landslide,1,Kuliang section of National Highway 06,35.88999938964844,LS-0315,NH 6,1,Newspapers & Media/2024/Meghalaya/159,53,23.55176718866125,Newspapers & Media,0,Meghalaya,3,2024,"{""type"":""Point"",""coordinates"":[92.36212262630461,25.080526012180083]}"
0000000000000000014a,,,,,,,,,,,,,,,310.02700041588054,0,PART2,Ri Bhoi,520.3108520507812,2024-09-06,250.0,9.0,8:00 PM,3.0,0,79.0,2024-09-05,0.0025578703703703705,10,true,Shangbangla Landslide,1,Shangbangla Village,48.08000183105469,LS-0331,NH 6,1,Newspapers & Media/2024/Meghalaya/175,54,18.040591314082903,Newspapers & Media,0,Meghalaya,3,2024,"{""type"":""Point"",""coordinates"":[91.8651825685044,25.951566811960202]}"
0000000000000000014d,,,,,,,,,,,,,,,342.85518420476075,0,PART1,East Jaintia Hills,179.9235076904297,2024-09-30,274.0,9.0,,3.0,0,29.0,2024-09-29,0.9957291666666667,10,true,Kuliang Landslide,1,Kuliang section of National Highway 06,90.98999786376953,LS-0334,NH 6,1,Newspapers & Media/2024/Meghalaya/178,55,23.551767054584406,Newspapers & Media,0,Meghalaya,3,2024,"{""type"":""Point"",""coordinates"":[92.36218505371936,25.080517093977978]}"
00000000000000000064,,,,,,,,,,,,,,,201.75613047402103,0,PART1,Aizawl,872.0555419921875,2023-07-04,185.0,7.0,,,0,32.0,2023-07-03,0.0025578703703703705,10,true,Hunthar Landslide,1,Hunthar in western part of Aizawl,0.956700019,LS-0101,NH 54,1,Newspapers & Media/2023/Mizoram/41,41,22.423354023134205,Newspapers & Media,0,Mizoram,4,2023,"{""type"":""Point"",""coordinates"":[92.71424891829314,23.74506091948147]}"
0000000000000000008f,,,,,,,,,,,,,,,201.75613047402103,0,PART1,Aizawl,872.0555419921875,2024-05-28,149.0,5.0,,3.0,0,40.0,2024-05-27,0.01607638888888889,10,true,Hunthar Landslide,1,Western outskirts of Aizawl,596.4849853515625,LS-0144,NH-54,1,Newspapers & Media/2024/Mizoram/14,2,22.423354023134205,Newspapers & Media,0,Mizoram,4,2024,"{""type"":""Point"",""coordinates"":[92.71424891829314,23.74506091948147]}"
00000000000000000067,,,,,,,,,,,,,,,62.34422107993117,0,PART2,Peren,701.4901123046875,2023-07-10,191.0,7.0,Morning,2.0,0,5.0,2023-07-09,0.023136574074074073,10,true,Iron bridge landslide,1,Peren-Maram road,4.89017205,LS-0104,NH-129A,1,Newspapers & Media/2023/Nagaland/45,45,16.699255036483354,Newspapers & Media,0,Nagaland,5,2023,"{""type"":""Point"",""coordinates"":[93.76566481478619,25.529811657022133]}"
00000000000000000068,,,,,,,,,,,,,,,186.65724903543665,0,PART2,Kiphire,1202.1767578125,2023-07-16,197.0,7.0,,2.0,0,21.0,2023-07-15,0.009363425925925926,10,true,Kiphire Landslide,1,Shamator Kiphire Road Section,175.991999,LS-0105,NH 202,1,Newspapers & Media/2023/Nagaland/51,51,22.128350192911743,Newspapers & Media,0,Nagaland,5,2023,"{""type"":""Point"",""coordinates"":[94.85534871651993,25.994079881403756]}"
000000000000000000e2,,,,,,,,,,,,,,,240.9175537333956,0,PART2,Mokokchung,1272.275390625,2024-06-28,180.0,6.0,1:30 AM,2.0,0,69.0,2024-06-27,0.0025578703703703705,10,true,Tongdentsuyo ng Landslide,1,Tongdentsuyon g ward near butcher shop,100.43000030517578,LS-0227,NH 2,1,Newspapers & Media/2024/Nagaland/70,4,36.77011446597822,Newspapers & Media,0,Nagaland,5,2024,"{""type"":""Point"",""coordinates"":[94.52457705947637,26.328053173003692]}"
00000000000000000106,,,,,,,,,,,,,,,233.1165626938951,0,PART2,Tuensang,1639.3218994140625,2024-07-02,184.0,7.0,,2.0,0,31.0,2024-07-01,0.0696875,10,true,Tuensang Landslide,1,TuensangMoko kchung Road,122.05000305175781,LS-0263,NH 202,1,Newspapers & Media/2024/Nagaland/99,6,16.684536286010616,Newspapers & Media,0,Nagaland,5,2024,"{""type"":""Point"",""coordinates"":[94.80035016412671,26.2230547204982]}"
0000000000000000011e,,,,,,,,,,,,,,,339.9460255884836,0,PART2,Wokha,1398.79931640625,2024-07-15,197.0,7.0,5:00 AM,2.0,0,28.0,2024-07-14,0.009386574074074073,10,true,Wokha Landslide,1,Near Wokha village 'B' Khel,3.3399999141693115,LS-0287,NH 2,1,Newspapers & Media/2024/Nagaland/132,13,21.87567165123189,Newspapers & Media,0,Nagaland,5,2024,"{""type"":""Point"",""coordinates"":[94.25557287022512,26.10740347557603]}"
00000000000000000139,,,,,,,,,,,,,,,132.0651400384865,0,PART2,Kohima,971.4161376953124,2024-08-14,227.0,8.0,,3.0,0,27.0,2024-08-13,0.009386574074074073,10,true,Zubza Landslide,1,Kohima Dimapur Highway,4.659999847412109,LS-0314,NH 29,1,Newspapers & Media/2024/Nagaland/158,19,10.673867929215016,Newspapers & Media,0,Nagaland,5,2024,"{""type"":""Point"",""coordinates"":[94.0342676849426,25.72444695890399]}"
00000000000000000147,,,,,,,,,,,,,,,86.53658331531443,0,PART2,Wokha,740.7920532226562,2024-08-29,242.0,8.0,,2.0,0,1.0,2024-08-27,1.0231597222222222,10,true,Longsa Landslide,1,Between Longsa Junction and Dikhu Bridge,21.6299991607666,LS-0328,NH 202,1,Newspapers & Media/2024/Nagaland/171,22,20.26698228086056,Newspapers & Media,0,Nagaland,5,2024,"{""type"":""Point"",""coordinates"":[94.53772694848297,26.249363416713532]}"
00000000000000000149,,,,,,,,,,,,,,,36.506750217220656,6,PART2,Chumoukedima,670.9368286132812,2024-09-03,247.0,9.0,11:00,3.0,1,67.0,2024-09-02,0.06390046296296296,10,true,Pherima Landslide,1,Between Pherima and Paglapahar,33.40999984741211,LS-0330,NH 29,1,Newspapers & Media/2024/Nagaland/174,24,28.265838841017608,Newspapers & Media,0,Nagaland,5,2024,"{""type"":""Point"",""coordinates"":[93.91372034706374,25.773951898799346]}"
0000000000000000014c,,,,,,,,,,,,,,,260.3762957928484,0,PART2,Kohima,1147.130859375,2024-09-09,253.0,9.0,5:00 PM,3.0,0,54.0,2024-09-07,1.0094791666666667,10,true,KMC Dumping Landslide,1,Near old Kohima Municipal Council (KMC) dumping site,45.029998779296875,LS-0333,NH 29,1,Newspapers & Media/2024/Nagaland/177,25,21.880873718496275,Newspapers & Media,0,Nagaland,5,2024,"{""type"":""Point"",""coordinates"":[94.06852695833624,25.710967096419424]}"
00000000000000000154,,,,,,,,,,,,,,,260.37629039615234,0,PART2,Kohima,1147.130859375,2024-10-04,278.0,10.0,,3.0,0,35.0,2024-10-03,0.030567129629629628,10,true,KMC Dumping Landslide,1,Near old Kohima Municipal Council (KMC) dumping site,16.3799991607666,LS-0341,NH 29,1,Newspapers & Media/2024/Nagaland/183,26,21.880862711717302,Newspapers & Media,0,Nagaland,5,2024,"{""type"":""Point"",""coordinates"":[94.06853587653833,25.71090020990362]}"
0000000000000000004b,,,,,,,,,,,,,,,225.64007915423528,0,PART2,Gangtok,1206.945556640625,2023-03-26,85.0,3.0,,3.0,0,20.0,2023-03-25,0.0025578703703703705,10,true,Sokpay Landslide,1,Sokpay Village,0.669916422,LS-0076,Dikchu-Rakdong Road,1,Newspapers & Media/2023/Sikkim/2,2,52.43651809032978,Newspapers & Media,0,Sikkim,6,2023,"{""type"":""Point"",""coordinates"":[88.52320226557411,27.39235587154121]}"
00000000000000000053,,,,,,,,,,,,,,,40.833014360378456,0,PART2,North Sikkim,1731.767333984375,2023-05-19,139.0,5.0,,2.0,0,44.0,2023-05-18,0.016099537037037037,10,true,Chungthang Landslide,1,Chungthang_Lachung_Road,13.09883959,LS-0084,Chungthang_Lachung_Road,1,Newspapers & Media/2023/Sikkim/11,11,35.328117621942425,Newspapers & Media,0,Sikkim,6,2023,"{""type"":""Point"",""coordinates"":[88.65730527065543,27.61323744222365]}"
00000000000000000059,,,,,,,,,,,,,,,5.261703075380694,0,PART2,North Sikkim,1608.356689453125,2023-06-16,167.0,6.0,,2.0,0,62.0,2023-06-15,0.009363425925925926,10,true,Chungthang 2 Landslide,1,Along Chungthnag Road,3.215050509,LS-0090,NH 10,1,Newspapers & Media/2023/Sikkim/21,21,2.903216327356073,Newspapers & Media,0,Sikkim,6,2023,"{""type"":""Point"",""coordinates"":[88.64646073689345,27.60389116641563]}"
0000000000000000006c,,,,,,,,,,,,,,,49.31699844738529,0,PART2,East Sikkim,673.744140625,2023-08-04,216.0,8.0,,2.0,0,37.0,2023-08-02,1.0025578703703704,10,true,32 No. Landslide,1,"National Highway NH-10, connecting Sikkim with the mainland and capital Gangtok",1.9800000190734863,LS-0109,NH 10,1,Newspapers & Media/2023/Sikkim/67,67,28.766001420853662,Newspapers & Media,0,Sikkim,6,2023,"{""type"":""Point"",""coordinates"":[88.55059006424436,27.25999191587072]}"
00000000000000000072,,,,,,,,,,,,,,,49.3169836743557,0,PART2,East Sikkim,673.744140625,2023-08-24,236.0,8.0,,2.0,0,48.0,2023-08-22,1.0025578703703704,10,true,32 No. Landslide,1,"National Highway NH-10, connecting Sikkim with the mainland and capital Gangtok",21.48876357,LS-0115,NH 10,1,Newspapers & Media/2023/Sikkim/68,68,28.76599417120897,Newspapers & Media,0,Sikkim,6,2023,"{""type"":""Point"",""coordinates"":[88.5506837053665,27.259933947557027]}"
000000000000000000a3,,,,,,,,,,,,,,,36.98204800511536,0,PART2,Gangtok,421.1888427734375,2024-06-11,163.0,6.0,,3.0,0,36.0,2024-06-09,1.0093634259259259,10,true,Shantinagar Landslide,1,Shantinagar Area in Singtam,10.0,LS-0164,NH 10,1,Newspapers & Media/2024/Sikkim/46,6,42.032610683867325,Newspapers & Media,0,Sikkim,6,2024,"{""type"":""Point"",""coordinates"":[88.50578947596038,27.235529287491513]}"
00000000000000000142,,,,,,,,,,,,,,,158.43696163618506,0,PART1,South Tripura,74.78501892089844,2024-08-22,235.0,8.0,,2.0,0,45.0,2024-08-21,0.9819328703703704,10,true,Nutan Bazar Landslide,1,Near Nutan bazar water treatment plant,484.04998779296875,LS-0323,Report.,1,Newspapers & Media/2024/Tripura/167,6,5.968315382114851,Newspapers & Media,0,Tripura,7,2024,"{""type"":""Point"",""coordinates"":[91.75562245562122,23.42316733263532]}"
00000000000000000010,-9999,-9999,-9999,-9999,-9999,-9999,-9999,-9999,-9999,-9999,-9999,-9999,-9999,-9999,139.81174116768784,0,PART2,Upper Siang,683.1927490234375,2021-06-17,168.0,6.0,,2.0,0,,,,0,false,Pekong Landslide,1,Pekong Village,2.63657808303833,LS-0017,,0,Online Media/2021/Arunachal Pradesh/6,6,36.70577261334195,Online Media,1,Arunachal Pradesh,0,2021,"{""type"":""Point"",""coordinates"":[94.84253771919337,28.93625272478103]}"
00000000000000000015,0.19616283862474057,0.1123087244923794,0.01495837257582662,0.05521099802521644,0.044107843435110636,0.08484665046331462,0.23336298040407114,0.28713365233682714,0.2637523267000862,0.31055989670363054,0.40163053727425624,0.14461544366021103,0.7170044197634884,-0.6567776704384733,243.6416696306408,0,PART2,East Siang,454.3298034667969,2021-06-27,178.0,6.0,,1.0,0,75.0,2021-06-17,9.82232638888889,1,true,Rotlung Landslide,1,Rotlung Village at Kebang,47.738895416259766,LS-0022,,0,Online Media/2021/Arunachal Pradesh/5,5,38.99169053985588,Online Media,1,Arunachal Pradesh,0,2021,"{""type"":""Point"",""coordinates"":[95.18138926734578,28.153609144284435]}"
00000000000000000016,-9999,-9999,-9999,-9999,-9999,-9999,-9999,-9999,-9999,-9999,-9999,-9999,-9999,-9999,180.0,0,PART2,East Siang,201.5,2021-06-27,178.0,6.0,,3.0,0,,,,0,false,Sangam_bridge_collapse,1,Sangam Bridge Collapse near Pangin,47.070611,LS-0023,,0,Online Media/2021/Arunachal Pradesh/15,15,21.50127351533532,Online Media,1,Arunachal Pradesh,0,2021,"{""type"":""Point"",""coordinates"":[94.99630090081934,28.233721353810633]}"
00000000000000000011,0.17717827034147327,0.13388945181882664,0.06590220893707567,0.08930719931097368,0.09205906373492749,0.10020406829466001,0.1523824754281082,0.1815656753470462,0.1627584709697031,0.19508130509676763,0.09912169113513675,-0.04219079206239764,0.27742708241504005,-0.2909205725998735,245.2932737925172,1,PART2,Kamrup metro,62.73257446289063,2021-06-18,169.0,6.0,4:30,2.0,1,67.0,2021-06-10,7.814571759259259,1,true,Water_works_colony_landslide,1,Water Works Colony,121.189373,LS-0018,,0,Online Media/2021/Assam/72,72,2.8170131371826,Online Media,1,Assam,1,2021,"{""type"":""Point"",""coordinates"":[91.69463533051325,26.162785510659823]}"
0000000000000000000a,0.18750773948302069,0.10282623922959955,0.034614637607704,0.06956159148504813,0.05593665990876837,0.0989666599087683,0.21574362899138375,0.2553506031424227,0.2489816523061328,0.27267843385707036,0.40106465808213765,0.1303396659128276,0.6111791436624093,-0.5436895152653364,57.39106082569077,0,PART1,Senapati,729.8132934570312,2021-06-06,157.0,6.0,,2.0,0,9.0,2021-05-23,13.822349537037036,2,true,Tujang_Waichong_landslide,1,Between Tujang Waichong and Selsi Village,10.335549354553223,LS-0011,,0,Online Media/2021/Manipur/22,22,0.3055478869098159,Online Media,1,Manipur,2,2021,"{""type"":""Point"",""coordinates"":[93.82013719325509,25.217563105754582]}"
0000000000000000001a,0.5723437610552381,0.39028356496689726,0.8193031232627482,0.831148011320564,0.8139137110223882,0.8140565775509173,0.8298176075200886,0.8482303835851815,0.8389787436195479,0.8477734876434021,0.364927082493454,0.1887908455932981,0.01505110211546179,-0.004470367732972995,192.0070561250731,0,PART1,South Garo Hills,272.5726928710937,2021-06-30,181.0,6.0,,2.0,0,56.0,2021-06-25,4.814479166666667,5,true,Malikona_Village_landslide,1,Malikona Village Baghmara town,200.134458,LS-0027,,0,Online Media/2021/Meghalaya/21,21,41.05590574622145,Online Media,1,Meghalaya,3,2021,"{""type"":""Point"",""coordinates"":[90.83191521329886,25.20269200374134]}"
0000000000000000003e,0.18259858411570667,0.07962651103780768,0.02183796498350673,0.06009722912966251,0.03483214412585639,0.08070944937833037,0.2554023851814261,0.3377702156812993,0.31178786602385183,0.36143904592742965,0.5951740359568785,0.2630667850828847,0.8000559515730004,-0.6772017327820969,,0,NONE,Lawngtlai,,2021-08-26,238.0,8.0,,3.0,0,75.0,2021-08-11,14.822349537037036,1,true,Zochachhuah landslide,1,Zochachhuah,14.347636222839355,LS-0063,,0,Online Media/2021/Mizoram/33,33,,Online Media,1,Mizoram,4,2021,"{""type"":""Point"",""coordinates"":[92.7616937535018,22.13015288196551]}"
00000000000000000047,0.26658605418019465,0.16313195515422077,0.06672379261363637,0.10177086546266238,0.09308602881493507,0.1324156960227273,0.3124050121753247,0.38746383421266234,0.3744156503652598,0.4191804535308442,0.3936103861673155,0.167968732374251,0.6078799232657268,-0.5784867549396377,94.65363891161132,2,PART1,Aizawl,895.2804565429688,2021-10-09,282.0,10.0,,2.0,1,78.0,2021-10-05,3.821863425925926,2,true,Thingsulthliah landslide,1,Thingsulthliah Village,7.244019031524658,LS-0072,,0,Online Media/2021/Mizoram/36,36,12.75879912174894,Online Media,1,Mizoram,4,2021,"{""type"":""Point"",""coordinates"":[92.85942833039122,23.68986170754086]}"
00000000000000000001,0.17119486386452357,0.1311638239618719,0.032396207473508076,0.062483572478831774,0.07334629113218069,0.09047609897074482,0.1243960959286113,0.14113470567357905,0.1426360999847893,0.15384501343608983,0.054511401977379234,-0.08861868223580557,0.33448369766891056,-0.39386899139179893,15.016999639224707,0,PART2,Dimapur,269.23065185546875,2021-02-17,48.0,2.0,,3.0,0,1.0,2021-02-12,4.820034722222222,6,true,TL Park 2 landslide,1,Near TL Park between Chumoukedima and Nukioladong,0.0,LS-0002,,0,Online Media/2021/Nagaland/38,38,37.28767119854388,Online Media,1,Nagaland,5,2021,"{""type"":""Point"",""coordinates"":[93.80600184291566,25.772600791180153]}"
0000000000000000001d,-9999,-9999,-9999,-9999,-9999,-9999,-9999,-9999,-9999,-9999,-9999,-9999,-9999,-9999,189.34023763035916,0,PART2,Phek,947.499267578125,2021-07-14,195.0,7.0,,2.0,0,,,,0,false,Phek_landslide,1,Ziphu,65.401161,LS-0030,,0,Online Media/2021/Nagaland/47,47,28.67691328973725,Online Media,1,Nagaland,5,2021,"{""type"":""Point"",""coordinates"":[94.68675456479018,25.60310590103762]}"
00000000000000000039,0.22981379432624102,0.10551546605876398,0.03542968085106383,0.07339313069908815,0.04859798885511652,0.10866160081053695,0.310881560283688,0.36586619554204647,0.3654831357649442,0.3991073150962512,0.5546489220002173,0.22903906315445619,0.772547770743419,-0.6683959586827386,220.1092172811649,0,PART2,Kiphire,1738.284423828125,2021-08-17,229.0,8.0,,2.0,0,63.0,2021-07-24,23.829270833333332,2,true,Pungro-Mimi landslide,1,Pungro-Mimi axis near Longkhimong village,59.65867233276367,LS-0058,,0,Online Media/2021/Nagaland/46,46,3.017999871133496,Online Media,1,Nagaland,5,2021,"{""type"":""Point"",""coordinates"":[94.86304512493818,25.7623002677467]}"
00000000000000000044,0.299942343940008,0.2196667865828942,0.18471997871909196,0.21657476185650582,0.20111760741791646,0.23537217774625063,0.40308599006890955,0.4643281211998381,0.45296185650587767,0.4894424604783138,0.35935570628748875,0.20952142336610022,0.418038089614999,-0.3847312287356682,350.4605686289688,0,PART2,Tuensang,1535.31103515625,2021-09-09,252.0,9.0,,2.0,0,60.0,2021-09-05,3.822326388888889,1,true,Chedang Saddle Landslide,1,Chedang Saddle and Noklak,27.73912239074707,LS-0069,,0,Online Media/2021/Nagaland/51,51,33.54942460373395,Online Media,1,Nagaland,5,2021,"{""type"":""Point"",""coordinates"":[94.93942506688263,26.232588278550466]}"
0000000000000000004a,0.1197953041892508,0.04820801377843069,0.004285547844587407,0.025351993313408653,0.014237333468415997,0.052178374955675996,0.2022456967732131,0.25386514867534576,0.2673020920925992,0.28102520642318024,0.6931743634346939,0.37919576775482483,0.8986447401378324,-0.8276619483159885,123.20601953523276,0,PART2,Tuensang,1471.1748046875,2021-11-08,312.0,11.0,,2.0,0,4.0,2021-11-06,1.8265162037037037,10,true,Wensoi Landslide,1,Wensoi Village,0.0,LS-0075,,0,Online Media/2021/Nagaland/50,50,27.685780648707784,Online Media,1,Nagaland,5,2021,"{""type"":""Point"",""coordinates"":[95.06150187642282,26.250081331983132]}"
00000000000000000003,0.07549928104906078,0.06259837982886943,0.06836990025821477,0.08264741025770847,0.08315448331730041,0.10302045972355829,0.13486046782441397,0.1480211584223584,0.1519434256493342,0.16251815097969724,0.378758279407447,0.31944354149139786,0.2826086547516239,-0.30178340160690587,305.53311553560854,0,PART2,East Sikkim,3342.55615234375,2021-03-25,84.0,3.0,,2.0,0,79.0,2021-03-15,9.807627314814814,2,true,Kyonsola_waterfall_landslide,1,Kyonsola waterfall on way to Tsongmo.,3.3004589080810547,LS-0004,,0,Online Media/2021/Sikkim/61,61,9.097040557164046,Online Media,1,Sikkim,6,2021,"{""type"":""Point"",""coordinates"":[88.72834320953787,27.37658403111517]}"
0000000000000000002b,-9999,-9999,-9999,-9999,-9999,-9999,-9999,-9999,-9999,-9999,-9999,-9999,-9999,-9999,301.6363917803451,0,PART2,East Sikkim,1003.9857177734376,2021-07-31,212.0,7.0,,2.0,0,,,,0,false,Seley_Ward_landslide,1,Seley ward under Tumin Lingee Constituency,140.635612,LS-0044,,0,Online Media/2021/Sikkim/63,63,23.32725988972293,Online Media,1,Sikkim,6,2021,"{""type"":""Point"",""coordinates"":[88.48780592141185,27.366542135542808]}"
00000000000000000049,0.1420824920257202,0.08773656523720312,0.028903604880765536,0.04398819806592068,0.040047450761986736,0.060860239987848716,0.14494175484785576,0.18310067844666092,0.18330781226267023,0.19991390815654905,0.34537536626850734,0.11719148136365778,0.633079862998259,-0.6026088948167421,275.44273404921967,0,PART2,East Sikkim,1526.5814208984375,2021-10-20,293.0,10.0,,2.0,0,52.0,2021-10-16,3.807071759259259,3,true,Pani House Landslide,1,Pani House,198.109475,LS-0074,,0,Online Media/2021/Sikkim/59,59,37.09989383797841,Online Media,1,Sikkim,6,2021,"{""type"":""Point"",""coordinates"":[88.60943682084668,27.32459091283199]}"
00000000000000000040,0.2152792378249633,0.12138906907211265,0.07355896721228394,0.10321808645416307,0.08871445294684033,0.11726587949120759,0.25526791162012874,0.3273774945522729,0.3108429128870421,0.3492396847919729,0.45352764189653366,0.18834024034261518,0.5876924652332448,-0.5392944975373887,248.319837392525,0,PART1,South,38.43385696411133,2021-08-26,238.0,8.0,,2.0,0,76.0,2021-08-04,21.81447916666667,1,true,Jharjhari landslide,1,Jharjhari Village,78.381047,LS-0065,,0,Online Media/2021/Tripura/71,71,7.826950278959373,Online Media,1,Tripura,7,2021,"{""type"":""Point"",""coordinates"":[91.49428792018193,23.22815746626497]}"
00000000000000000007,0.14580765448370245,0.09081119278146702,0.03088369747047194,0.05363813048106655,0.04681155776347138,0.06034038120342676,0.13324376742535615,0.17082410908906573,0.15595872661834034,0.17943749176255894,0.2790705290273477,0.04930844983584076,0.5709945966472932,-0.5030763878254247,155.33408898846767,0,PART2,Papum Pare,355.9114685058594,2021-05-31,151.0,5.0,,3.0,0,62.0,2021-05-23,7.822349537037037,2,true,IG Park Landslide,1,"Near Indra Gandhi Park entry gate, Itanagar",69.527662,LS-0008,NH 415,1,Online Media/2021/Arunachal Pradesh/9,9,17.232580170396435,Online Media,1,Arunachal Pradesh,0,2021,"{""type"":""Point"",""coordinates"":[93.62232255232212,27.095981720023918]}"
0000000000000000000c,-9999,-9999,-9999,-9999,-9999,-9999,-9999,-9999,-9999,-9999,-9999,-9999,-9999,-9999,149.30176689138466,0,PART2,Papum Pare,1196.76220703125,2021-06-08,159.0,6.0,morning,3.0,0,,,,0,false,Leporiang Landslide,1,Leporiang,150.76957,LS-0013,NH 13,1,Online Media/2021/Arunachal Pradesh/1,1,26.51964924158855,Online Media,1,Arunachal Pradesh,0,2021,"{""type"":""Point"",""coordinates"":[93.33597245997298,27.241522319307347]}"
00000000000000000017,0.09245681174089068,0.0361468471659919,0.009571250000000002,0.02355609817813765,0.010050738866396758,0.03347864372469635,0.15451576417004045,0.20001642712550607,0.185007282388664,0.21549409919028337,0.6708659227786313,0.33137773594919684,0.897118999298578,-0.7746814147692911,281.1541806721774,0,PART2,Upper Siang,510.58642578125,2021-06-30,181.0,6.0,,2.0,0,75.0,2021-06-17,12.82232638888889,1,true,Pasighat_Yingkiong_Landslide,1,Pasighat to Yingkiong (100 kms from Yingkiong),29.255691,LS-0024,NH 52,1,Online Media/2021/Arunachal Pradesh/12,12,39.20600170582915,Online Media,1,Arunachal Pradesh,0,2021,"{""type"":""Point"",""coordinates"":[95.23509913953453,28.214774633434548]}"
00000000000000000018,0.1865656371829274,0.0752183180598451,0.014794845830590856,0.04445710596931802,0.021547835552630255,0.07659191433345151,0.26762792263682855,0.3258270467318111,0.3139672320388841,0.35557007746443225,0.6131065989822017,0.25410728707464103,0.8715121817609363,-0.751955226938841,271.3214163610504,0,PART2,West Siang,895.8372802734375,2021-06-30,181.0,6.0,,3.0,0,70.0,2021-06-17,12.82232638888889,1,true,Garu Landslide,1,"near Garu, 25 km from Likabali",18.777780532836914,LS-0025,NH 52,1,Online Media/2021/Arunachal Pradesh/13,13,10.049464381040275,Online Media,1,Arunachal Pradesh,0,2021,"{""type"":""Point"",""coordinates"":[94.71334864347294,27.796145308334946]}"
0000000000000000000b,0.19330798722044723,0.10016982098483697,0.033180455398346756,0.06483139104417061,0.05268369085653429,0.0932572037121558,0.23619259090217548,0.28801523910948834,0.2874458796084993,0.3090962117754451,0.4874067369230494,0.19788371244274094,0.6966220225679218,-0.6335663778177649,281.9735921379041,0,PART1,Tamenglong,1078.260009765625,2021-06-07,158.0,6.0,,3.0,0,9.0,2021-05-23,14.822349537037036,2,true,Tamei2_landslide,1,Tamei Village,20.428739,LS-0012,Imphal-Tamenglong Road,1,Online Media/2021/Manipur/27,27,23.049971439462716,Online Media,1,Manipur,2,2021,"{""type"":""Point"",""coordinates"":[93.67799442897439,25.15829719365323]}"
00000000000000000014,-9999,-9999,-9999,-9999,-9999,-9999,-9999,-9999,-9999,-9999,-9999,-9999,-9999,-9999,281.9735921379041,0,PART1,Tamenglong,1078.260009765625,2021-06-24,175.0,6.0,,3.0,0,,,,0,false,Tamei landslide,1,Tamei Village,15.714632034301758,LS-0021,Imphal-Tamenglong Road,1,Online Media/2021/Manipur/26,26,23.049971439462716,Online Media,1,Manipur,2,2021,"{""type"":""Point"",""coordinates"":[93.67799442897439,25.15829719365323]}"
0000000000000000001f,0.1798956634205721,0.10900058328261311,0.020463593020896738,0.06283243051328871,0.05717945323595053,0.10892713532156625,0.26856978596064124,0.3475978088861839,0.32981145769933057,0.3702147900182593,0.5029504536637543,0.2939310868881382,0.705835881063403,-0.68096885833374,66.34985676936515,0,PART1,Tamenglong,222.3283233642578,2021-07-19,200.0,7.0,,1.0,0,72.0,2021-07-12,6.822349537037037,1,true,Sibilong_temple_landslide,1,Sibilong Temple,67.985381,LS-0032,Imphal-Jiribam Road (NH-37),1,Online Media/2021/Manipur/31,31,23.10780085565281,Online Media,1,Manipur,2,2021,"{""type"":""Point"",""coordinates"":[93.33253449306078,24.76736780429763]}"
00000000000000000022,,,,,,,,,,,,,,,148.65595232684075,0,PART1,Chandel,1190.6556396484375,2021-07-26,207.0,7.0,,3.0,0,77.0,2021-06-29,26.82929398148148,1,true,Chahmol_landslide,1,Chahmol Village,1.530845046043396,LS-0035,AH-1 Moreh Road,1,Online Media/2021/Manipur/28,28,27.5857743593554,Online Media,1,Manipur,2,2021,"{""type"":""Point"",""coordinates"":[94.16024620790456,24.319567040106385]}"
0000000000000000002e,0.18943208073431714,0.07587945636188449,0.024078989806785335,0.0513854759369136,0.02798930980272833,0.07504595567726555,0.25368854911506666,0.3287708859475632,0.3179790861605558,0.3557719306252851,0.6138274271472696,0.25234624725979715,0.8368350443601893,-0.720336871497149,272.8967929887539,0,PART1,Jaintia Hills,237.2367706298828,2021-08-02,214.0,8.0,7:00,3.0,0,18.0,2021-07-22,10.822349537037036,2,true,Kuliang_landslide,1,"Kuliang Village, Khilerihat",90.034167,LS-0047,NH 06,1,Online Media/2021/Meghalaya/20,20,27.77354745993692,Online Media,1,Meghalaya,3,2021,"{""type"":""Point"",""coordinates"":[92.36206465799093,25.081743346767674]}"
00000000000000000020,0.15321342428238155,0.07796104574500456,0.0195523481083274,0.05432184805761233,0.04836834364540012,0.07914614058220915,0.2143373161578253,0.26570346384014604,0.25853760016228816,0.2811833451668527,0.5000327946933656,0.22769951044593859,0.6397993266867169,-0.6144090111181767,297.323499595243,0,PART1,Lunglei,840.3836669921875,2021-07-19,200.0,7.0,,1.0,0,66.0,2021-07-12,6.822349537037037,2,true,Bualtei landslide,1,Bualtei,203.521302,LS-0033,NH 54,1,Online Media/2021/Mizoram/34,34,35.01457246183979,Online Media,1,Mizoram,4,2021,"{""type"":""Point"",""coordinates"":[92.81656299196445,22.805046744606653]}"
00000000000000000025,-9999,-9999,-9999,-9999,-9999,-9999,-9999,-9999,-9999,-9999,-9999,-9999,-9999,-9999,62.66004537372902,0,PART2,West Sikkim,387.0161743164063,2021-07-30,211.0,7.0,,2.0,0,,,,0,false,Sisney Landslide,1,Sisney Petrol Pump,24.942363739013672,LS-0038,Jorethang - Legship Road,1,Online Media/2021/Sikkim/65,65,25.31141443867365,Online Media,1,Sikkim,6,2021,"{""type"":""Point"",""coordinates"":[88.28041313141608,27.146369561927866]}"
00000000000000000034,-9999,-9999,-9999,-9999,-9999,-9999,-9999,-9999,-9999,-9999,-9999,-9999,-9999,-9999,120.58097313944604,0,PART2,East Sikkim,1076.102294921875,2021-08-08,220.0,8.0,,3.0,0,,,,0,false,Basilakha_landslide,1,Basilakha,105.199218,LS-0053,Laltturning-Basilakha Road,1,Online Media/2021/Sikkim/62,62,14.81689926786098,Online Media,1,Sikkim,6,2021,"{""type"":""Point"",""coordinates"":[88.59728577047605,27.255461469200412]}"
00000000000000000041,-9999,-9999,-9999,-9999,-9999,-9999,-9999,-9999,-9999,-9999,-9999,-9999,-9999,-9999,160.75082456588893,0,PART2,West Sikkim,459.90667724609375,2021-08-27,239.0,8.0,,3.0,0,,,,0,false,Jorethang-Legship Landslide,1,Reshi Bazaar,55.2774543762207,LS-0066,Jorethang - Legship Road,1,Online Media/2021/Sikkim/66,66,31.862559664221912,Online Media,1,Sikkim,6,2021,"{""type"":""Point"",""coordinates"":[88.30745757930522,27.22126908232259]}"
0000000000000000002c,-9999,-9999,-9999,-9999,-9999,-9999,-9999,-9999,-9999,-9999,-9999,-9999,-9999,-9999,25.49873548826025,0,PART2,Kalimpong,965.7794189453124,2021-07-31,212.0,7.0,,2.0,0,,,,0,false,Seti Jhora Landslide,1,Seti jhora near Kalimpong,29.42971420288086,LS-0045,NH 10,1,Online Media/2021/Sikkim-West Bengal/64,64,35.08803078464321,Online Media,1,Sikkim/West Bengal,6,2021,"{""type"":""Point"",""coordinates"":[88.41411481740259,26.939387009229016]}"
